# Blender 5.1.2
# www.blender.org
mtllib tower.mtl
o Tower_Tower_0
v -0.205521 5.677038 1.412264
v 0.274701 5.677038 1.892487
v 0.275296 6.214049 1.891691
v -0.204725 6.214049 1.411670
v 0.487082 5.611420 1.607889
v 2.886849 5.611420 1.607889
v 3.055146 5.610301 1.833413
v 0.318785 5.610301 1.833413
v 3.579452 5.677038 1.412264
v 3.579451 5.677038 -1.412265
v 3.578655 6.214049 -1.411671
v 3.578655 6.214049 1.411670
v -0.205521 5.677038 -1.412265
v -0.205521 5.677038 1.412264
v -0.204725 6.214049 1.411670
v -0.204725 6.214049 -1.411670
v 0.274701 5.677038 1.892487
v 3.099229 5.677038 1.892486
v 3.098635 6.214049 1.891691
v 0.275296 6.214049 1.891691
v 3.099229 5.677038 -1.892487
v 0.274701 5.677038 -1.892487
v 0.275295 6.214049 -1.891691
v 3.098635 6.214049 -1.891691
v 0.274701 5.677038 -1.892487
v -0.205521 5.677038 -1.412265
v -0.204725 6.214049 -1.411670
v 0.275295 6.214049 -1.891691
v 3.099229 5.677038 1.892486
v 3.579452 5.677038 1.412264
v 3.578655 6.214049 1.411670
v 3.098635 6.214049 1.891691
v 0.160884 6.214048 -1.260230
v 0.160884 6.214049 1.260230
v 0.160884 5.784431 1.260230
v 0.160884 5.784431 -1.260230
v 2.886849 5.611420 -1.607890
v 0.487081 5.611420 -1.607889
v 0.318785 5.610301 -1.833413
v 3.055146 5.610301 -1.833414
v 0.487081 5.611420 -1.607889
v 0.079076 5.611420 -1.199885
v -0.146447 5.610301 -1.368181
v 0.318785 5.610301 -1.833413
v 2.886849 5.611420 1.607889
v 3.294854 5.611420 1.199884
v 3.520378 5.610301 1.368181
v 3.055146 5.610301 1.833413
v 0.079076 5.611420 -1.199885
v 0.079077 5.611420 1.199884
v -0.146447 5.610301 1.368181
v -0.146447 5.610301 -1.368181
v 3.294854 5.611420 1.199884
v 3.294854 5.611420 -1.199885
v 3.520378 5.610301 -1.368181
v 3.520378 5.610301 1.368181
v 0.079077 5.611420 1.199884
v 0.487082 5.611420 1.607889
v 0.318785 5.610301 1.833413
v -0.146447 5.610301 1.368181
v 3.294854 5.611420 -1.199885
v 2.886849 5.611420 -1.607890
v 3.055146 5.610301 -1.833414
v 3.520378 5.610301 -1.368181
v 2.947195 6.214048 -1.526082
v 3.213046 6.214048 -1.260231
v 3.578655 6.214049 -1.411671
v 3.098635 6.214049 -1.891691
v 3.213046 6.214049 1.260229
v 2.947195 6.214049 1.526081
v 3.098635 6.214049 1.891691
v 3.578655 6.214049 1.411670
v 0.426736 6.214049 1.526081
v 0.160884 6.214049 1.260230
v -0.204725 6.214049 1.411670
v 0.275296 6.214049 1.891691
v 0.160884 6.214048 -1.260230
v 0.426736 6.214048 -1.526082
v 0.275295 6.214049 -1.891691
v -0.204725 6.214049 -1.411670
v 3.213046 6.214048 -1.260231
v 3.213046 6.214049 1.260229
v 3.578655 6.214049 1.411670
v 3.578655 6.214049 -1.411671
v 0.426736 6.214048 -1.526082
v 2.947195 6.214048 -1.526082
v 3.098635 6.214049 -1.891691
v 0.275295 6.214049 -1.891691
v 0.160884 6.214049 1.260230
v 0.160884 6.214048 -1.260230
v -0.204725 6.214049 -1.411670
v -0.204725 6.214049 1.411670
v 2.947195 6.214049 1.526081
v 0.426736 6.214049 1.526081
v 0.275296 6.214049 1.891691
v 3.098635 6.214049 1.891691
v 3.213046 6.214049 1.260229
v 3.213046 6.214048 -1.260231
v 3.213046 5.784431 -1.260231
v 3.213046 5.784431 1.260229
v 0.160884 6.214049 1.260230
v 0.426736 6.214049 1.526081
v 0.426736 5.784431 1.526081
v 0.160884 5.784431 1.260230
v 3.213046 6.214048 -1.260231
v 2.947195 6.214048 -1.526082
v 2.947195 5.784431 -1.526082
v 3.213046 5.784431 -1.260231
v 0.426736 6.214049 1.526081
v 2.947195 6.214049 1.526081
v 2.947195 5.784431 1.526081
v 0.426736 5.784431 1.526081
v 2.947195 6.214048 -1.526082
v 0.426736 6.214048 -1.526082
v 0.426736 5.784431 -1.526082
v 2.947195 5.784431 -1.526082
v 0.426736 6.214048 -1.526082
v 0.160884 6.214048 -1.260230
v 0.160884 5.784431 -1.260230
v 0.426736 5.784431 -1.526082
v 2.947195 6.214049 1.526081
v 3.213046 6.214049 1.260229
v 3.213046 5.784431 1.260229
v 2.947195 5.784431 1.526081
v 3.099229 5.677038 -1.892487
v 3.579451 5.677038 -1.412265
v 3.520378 5.610301 -1.368181
v 3.055146 5.610301 -1.833414
v 3.579452 5.677038 1.412264
v 3.099229 5.677038 1.892486
v 3.055146 5.610301 1.833413
v 3.520378 5.610301 1.368181
v 0.274701 5.677038 1.892487
v -0.205521 5.677038 1.412264
v -0.146447 5.610301 1.368181
v 0.318785 5.610301 1.833413
v -0.205521 5.677038 -1.412265
v 0.274701 5.677038 -1.892487
v 0.318785 5.610301 -1.833413
v -0.146447 5.610301 -1.368181
v 3.579451 5.677038 -1.412265
v 3.579452 5.677038 1.412264
v 3.520378 5.610301 1.368181
v 3.520378 5.610301 -1.368181
v 0.274701 5.677038 -1.892487
v 3.099229 5.677038 -1.892487
v 3.055146 5.610301 -1.833414
v 0.318785 5.610301 -1.833413
v -0.146447 5.610301 -1.368181
v -0.146447 5.610301 1.368181
v -0.205521 5.677038 1.412264
v -0.205521 5.677038 -1.412265
v 0.318785 5.610301 1.833413
v 3.055146 5.610301 1.833413
v 3.099229 5.677038 1.892486
v 0.274701 5.677038 1.892487
v 3.579451 5.677038 -1.412265
v 3.099229 5.677038 -1.892487
v 3.098635 6.214049 -1.891691
v 3.578655 6.214049 -1.411671
v 3.294854 2.036024 1.199884
v 3.294854 0.101222 1.199884
v 3.294854 0.101222 -1.199885
v 3.294854 2.036024 -1.199885
v 3.294854 4.198094 1.199884
v 2.886849 4.198094 1.607889
v 2.886849 2.263292 1.607889
v 3.294854 2.263292 1.199884
v 0.487082 4.198094 1.607889
v 0.079077 4.198094 1.199884
v 0.079077 2.263292 1.199884
v 0.487082 2.263292 1.607889
v 3.294854 4.931641 -1.199885
v 2.886849 4.931641 -1.607890
v 2.886849 5.611420 -1.607890
v 3.294854 5.611420 -1.199885
v 3.294854 -0.125734 1.199884
v 3.294854 -0.624460 1.199884
v 3.294854 -0.624460 -1.199885
v 3.294854 -0.125734 -1.199885
v 3.294854 4.248158 0.160867
v 3.294854 4.248158 -0.160868
v 3.210281 4.248158 -0.160868
v 3.210281 4.248158 0.160867
v 0.487082 4.931641 1.607889
v 0.079077 4.931641 1.199884
v 0.079077 4.198094 1.199884
v 0.487082 4.198094 1.607889
v 3.294854 4.881577 0.160867
v 3.294854 4.248158 0.160867
v 3.210281 4.248158 0.160867
v 3.210281 4.881577 0.160867
v 3.294854 4.931641 1.199884
v 2.886849 4.931641 1.607889
v 2.886849 4.198094 1.607889
v 3.294854 4.198094 1.199884
v 0.079076 4.931641 -1.199885
v 0.487081 4.931641 -1.607889
v 0.487081 4.198094 -1.607889
v 0.079076 4.198094 -1.199884
v 1.858312 4.248158 -1.607889
v 1.515618 4.248158 -1.607889
v 1.515618 4.248158 -1.523316
v 1.858312 4.248158 -1.523316
v 3.294854 4.248158 -0.160868
v 3.294854 4.881577 -0.160868
v 3.210281 4.881577 -0.160868
v 3.210281 4.248158 -0.160868
v 0.079076 5.611420 -1.199885
v 0.487081 5.611420 -1.607889
v 0.487081 4.931641 -1.607889
v 0.079076 4.931641 -1.199885
v 3.294854 5.611420 1.199884
v 2.886849 5.611420 1.607889
v 2.886849 4.931641 1.607889
v 3.294854 4.931641 1.199884
v 0.487082 5.611420 1.607889
v 0.079077 5.611420 1.199884
v 0.079077 4.931641 1.199884
v 0.487082 4.931641 1.607889
v 3.294854 4.198094 -1.199885
v 2.886849 4.198094 -1.607890
v 2.886849 4.931641 -1.607890
v 3.294854 4.931641 -1.199885
v 1.858312 4.248158 -1.607889
v 1.858312 4.881577 -1.607890
v 2.886849 4.931641 -1.607890
v 2.886849 4.198094 -1.607890
v 3.294854 4.881577 -0.160868
v 3.294854 4.248158 -0.160868
v 3.294854 4.198094 -1.199885
v 3.294854 4.931641 -1.199885
v 3.294854 4.248158 0.160867
v 3.294854 4.881577 0.160867
v 3.294854 4.931641 1.199884
v 3.294854 4.198094 1.199884
v 1.858313 4.881577 1.607889
v 1.858313 4.248158 1.607889
v 2.886849 4.198094 1.607889
v 2.886849 4.931641 1.607889
v 1.515618 4.248158 1.607889
v 1.515618 4.881577 1.607889
v 0.487082 4.931641 1.607889
v 0.487082 4.198094 1.607889
v 0.079077 4.881577 0.160867
v 0.079077 4.248158 0.160867
v 0.079077 4.198094 1.199884
v 0.079077 4.931641 1.199884
v 0.079077 4.248158 -0.160868
v 0.079077 4.881577 -0.160868
v 0.079076 4.931641 -1.199885
v 0.079076 4.198094 -1.199884
v 1.515618 4.881577 -1.607890
v 1.515618 4.248158 -1.607889
v 0.487081 4.198094 -1.607889
v 0.487081 4.931641 -1.607889
v 0.163650 4.881577 -0.160868
v 0.163650 4.248158 -0.160868
v 0.163650 4.248158 0.160867
v 0.163650 4.881577 0.160867
v 1.515618 4.881577 1.523316
v 1.515618 4.248158 1.523316
v 1.858313 4.248158 1.523316
v 1.858313 4.881577 1.523316
v 1.858312 4.881578 -1.523316
v 1.858312 4.248158 -1.523316
v 1.515618 4.248158 -1.523316
v 1.515618 4.881578 -1.523316
v 3.210281 4.881577 0.160867
v 3.210281 4.248158 0.160867
v 3.210281 4.248158 -0.160868
v 3.210281 4.881577 -0.160868
v 1.858313 4.248158 1.607889
v 1.858313 4.881577 1.607889
v 1.858313 4.881577 1.523316
v 1.858313 4.248158 1.523316
v 1.515618 4.248158 -1.607889
v 1.515618 4.881577 -1.607890
v 1.515618 4.881578 -1.523316
v 1.515618 4.248158 -1.523316
v 1.515618 4.881577 1.607889
v 1.515618 4.248158 1.607889
v 1.515618 4.248158 1.523316
v 1.515618 4.881577 1.523316
v 3.294854 4.881577 -0.160868
v 3.294854 4.881577 0.160867
v 3.210281 4.881577 0.160867
v 3.210281 4.881577 -0.160868
v 0.079077 4.248158 0.160867
v 0.079077 4.881577 0.160867
v 0.163650 4.881577 0.160867
v 0.163650 4.248158 0.160867
v 1.515618 4.881577 -1.607890
v 1.858312 4.881577 -1.607890
v 1.858312 4.881578 -1.523316
v 1.515618 4.881578 -1.523316
v 0.079077 4.881577 -0.160868
v 0.079077 4.248158 -0.160868
v 0.163650 4.248158 -0.160868
v 0.163650 4.881577 -0.160868
v 1.858313 4.881577 1.607889
v 1.515618 4.881577 1.607889
v 1.515618 4.881577 1.523316
v 1.858313 4.881577 1.523316
v 0.079077 4.248158 -0.160868
v 0.079077 4.248158 0.160867
v 0.163650 4.248158 0.160867
v 0.163650 4.248158 -0.160868
v 1.858312 4.881577 -1.607890
v 1.858312 4.248158 -1.607889
v 1.858312 4.248158 -1.523316
v 1.858312 4.881578 -1.523316
v 0.079077 4.881577 0.160867
v 0.079077 4.881577 -0.160868
v 0.163650 4.881577 -0.160868
v 0.163650 4.881577 0.160867
v 1.515618 4.248158 1.607889
v 1.858313 4.248158 1.607889
v 1.858313 4.248158 1.523316
v 1.515618 4.248158 1.523316
v 3.294854 2.263292 -1.199885
v 2.886849 2.263292 -1.607890
v 2.886849 4.198094 -1.607890
v 3.294854 4.198094 -1.199885
v 0.079076 -0.125734 -1.199884
v 0.487081 -0.125734 -1.607890
v 0.487081 -0.624460 -1.607890
v 0.079076 -0.624460 -1.199884
v 0.079076 -0.125734 -1.199884
v 0.079076 -0.624460 -1.199884
v 0.079077 -0.624460 1.199884
v 0.079077 -0.125734 1.199884
v 0.487082 -0.125734 1.607889
v 0.079077 -0.125734 1.199884
v 0.079077 -0.624460 1.199884
v 0.487082 -0.624460 1.607889
v 0.487082 -0.125734 1.607889
v 0.487082 -0.624460 1.607889
v 2.886849 -0.624460 1.607889
v 2.886849 -0.125734 1.607889
v 2.825160 0.101222 -1.458958
v 3.145922 0.101222 -1.138195
v 3.145922 -0.125734 -1.138195
v 2.825160 -0.125734 -1.458958
v 2.886849 -0.125734 -1.607890
v 2.886849 -0.624460 -1.607890
v 0.487081 -0.624460 -1.607890
v 0.487081 -0.125734 -1.607890
v 3.294854 -0.125734 1.199884
v 2.886849 -0.125734 1.607889
v 2.886849 -0.624460 1.607889
v 3.294854 -0.624460 1.199884
v 0.079076 0.101222 -1.199884
v 0.487081 0.101222 -1.607890
v 0.548771 0.101222 -1.458958
v 0.228008 0.101222 -1.138195
v 0.487082 -0.125734 1.607889
v 2.886849 -0.125734 1.607889
v 2.825160 -0.125734 1.458957
v 0.548771 -0.125734 1.458957
v 0.487081 -0.125734 -1.607890
v 0.079076 -0.125734 -1.199884
v 0.228008 -0.125734 -1.138195
v 0.548771 -0.125734 -1.458958
v 3.294854 -0.125734 -1.199885
v 2.886849 -0.125734 -1.607890
v 2.825160 -0.125734 -1.458958
v 3.145922 -0.125734 -1.138195
v 0.487082 0.101222 1.607889
v 0.079077 0.101222 1.199884
v 0.228009 0.101222 1.138194
v 0.548771 0.101222 1.458957
v 3.294854 0.101222 1.199884
v 2.886849 0.101222 1.607889
v 2.825160 0.101222 1.458957
v 3.145922 0.101222 1.138194
v 2.886849 0.101222 -1.607890
v 3.294854 0.101222 -1.199885
v 3.145922 0.101222 -1.138195
v 2.825160 0.101222 -1.458958
v 3.294854 -0.624460 -1.199885
v 2.886849 -0.624460 -1.607890
v 2.886849 -0.125734 -1.607890
v 3.294854 -0.125734 -1.199885
v 0.228008 -0.125734 -1.138195
v 0.228009 -0.125734 1.138194
v 0.228009 0.101222 1.138194
v 0.228008 0.101222 -1.138195
v 0.228009 -0.125734 1.138194
v 0.548771 -0.125734 1.458957
v 0.548771 0.101222 1.458957
v 0.228009 0.101222 1.138194
v 0.548771 -0.125734 1.458957
v 2.825160 -0.125734 1.458957
v 2.825160 0.101222 1.458957
v 0.548771 0.101222 1.458957
v 2.825160 -0.125734 1.458957
v 3.145922 -0.125734 1.138194
v 3.145922 0.101222 1.138194
v 2.825160 0.101222 1.458957
v 0.548771 -0.125734 -1.458958
v 0.228008 -0.125734 -1.138195
v 0.228008 0.101222 -1.138195
v 0.548771 0.101222 -1.458958
v 2.825160 -0.125734 -1.458958
v 0.548771 -0.125734 -1.458958
v 0.548771 0.101222 -1.458958
v 2.825160 0.101222 -1.458958
v 3.145922 -0.125734 1.138194
v 3.145922 -0.125734 -1.138195
v 3.145922 0.101222 -1.138195
v 3.145922 0.101222 1.138194
v 0.079076 -0.125734 -1.199884
v 0.079077 -0.125734 1.199884
v 0.228009 -0.125734 1.138194
v 0.228008 -0.125734 -1.138195
v 2.886849 -0.125734 -1.607890
v 0.487081 -0.125734 -1.607890
v 0.548771 -0.125734 -1.458958
v 2.825160 -0.125734 -1.458958
v 2.886849 0.101222 1.607889
v 0.487082 0.101222 1.607889
v 0.548771 0.101222 1.458957
v 2.825160 0.101222 1.458957
v 0.487081 0.101222 -1.607890
v 2.886849 0.101222 -1.607890
v 2.825160 0.101222 -1.458958
v 0.548771 0.101222 -1.458958
v 2.886849 -0.125734 1.607889
v 3.294854 -0.125734 1.199884
v 3.145922 -0.125734 1.138194
v 2.825160 -0.125734 1.458957
v 0.079076 0.101222 -1.199884
v 0.228008 0.101222 -1.138195
v 3.294854 -0.125734 -1.199885
v 3.145922 -0.125734 -1.138195
v 0.079077 -0.125734 1.199884
v 0.487082 -0.125734 1.607889
v 0.548771 -0.125734 1.458957
v 0.228009 -0.125734 1.138194
v 0.079076 4.198094 -1.199884
v 0.487081 4.198094 -1.607889
v 0.487081 2.263292 -1.607889
v 0.079076 2.263292 -1.199884
v 2.835551 2.036024 -1.484045
v 0.538380 2.036024 -1.484045
v 0.538380 2.263292 -1.484045
v 2.835551 2.263292 -1.484045
v 0.079076 2.036024 -1.199884
v 0.079076 0.101222 -1.199884
v 0.079077 0.101222 1.199884
v 0.079077 2.036024 1.199884
v 0.487082 2.036024 1.607889
v 0.079077 2.036024 1.199884
v 0.079077 0.101222 1.199884
v 0.487082 0.101222 1.607889
v 0.487082 2.036024 1.607889
v 0.487082 0.101222 1.607889
v 2.886849 0.101222 1.607889
v 2.886849 2.036024 1.607889
v 0.079076 2.036024 -1.199884
v 0.487081 2.036024 -1.607889
v 0.487081 0.101222 -1.607890
v 0.079076 0.101222 -1.199884
v 2.886849 2.036024 -1.607890
v 2.886849 0.101222 -1.607890
v 0.487081 0.101222 -1.607890
v 0.487081 2.036024 -1.607889
v 3.294854 2.036024 1.199884
v 2.886849 2.036024 1.607889
v 2.886849 0.101222 1.607889
v 3.294854 0.101222 1.199884
v 0.487081 2.036024 -1.607889
v 0.079076 2.036024 -1.199884
v 0.202921 2.036024 -1.148586
v 0.538380 2.036024 -1.484045
v 3.294854 2.263292 1.199884
v 2.886849 2.263292 1.607889
v 2.835551 2.263292 1.484044
v 3.171010 2.263292 1.148586
v 2.886849 2.036024 -1.607890
v 2.835551 2.036024 -1.484045
v 3.294854 2.263292 -1.199885
v 3.294854 2.263292 1.199884
v 3.171010 2.263292 1.148586
v 3.171009 2.263292 -1.148587
v 0.079077 2.036024 1.199884
v 0.487082 2.036024 1.607889
v 0.538380 2.036024 1.484044
v 0.202922 2.036024 1.148586
v 3.294854 2.036024 1.199884
v 3.294854 2.036024 -1.199885
v 3.171009 2.036024 -1.148587
v 3.171010 2.036024 1.148586
v 0.079077 2.263292 1.199884
v 0.079076 2.263292 -1.199884
v 0.202921 2.263292 -1.148586
v 0.202922 2.263292 1.148586
v 2.886849 2.036024 1.607889
v 2.835551 2.036024 1.484044
v 3.294854 0.101222 -1.199885
v 2.886849 0.101222 -1.607890
v 2.886849 2.036024 -1.607890
v 3.294854 2.036024 -1.199885
v 0.202921 2.036024 -1.148586
v 0.202922 2.036024 1.148586
v 0.202922 2.263292 1.148586
v 0.202921 2.263292 -1.148586
v 0.202922 2.036024 1.148586
v 0.538380 2.036024 1.484044
v 0.538380 2.263292 1.484044
v 0.202922 2.263292 1.148586
v 0.538380 2.036024 1.484044
v 2.835551 2.036024 1.484044
v 2.835551 2.263292 1.484044
v 0.538380 2.263292 1.484044
v 2.835551 2.036024 1.484044
v 3.171010 2.036024 1.148586
v 3.171010 2.263292 1.148586
v 2.835551 2.263292 1.484044
v 0.538380 2.036024 -1.484045
v 0.202921 2.036024 -1.148586
v 0.202921 2.263292 -1.148586
v 0.538380 2.263292 -1.484045
v 2.835551 2.263292 -1.484045
v 3.171009 2.263292 -1.148587
v 3.171009 2.036024 -1.148587
v 2.835551 2.036024 -1.484045
v 3.171010 2.036024 1.148586
v 3.171009 2.036024 -1.148587
v 3.171009 2.263292 -1.148587
v 3.171010 2.263292 1.148586
v 0.487082 2.263292 1.607889
v 0.079077 2.263292 1.199884
v 0.202922 2.263292 1.148586
v 0.538380 2.263292 1.484044
v 0.487081 2.263292 -1.607889
v 2.886849 2.263292 -1.607890
v 2.835551 2.263292 -1.484045
v 0.538380 2.263292 -1.484045
v 0.079076 2.263292 -1.199884
v 0.487081 2.263292 -1.607889
v 0.538380 2.263292 -1.484045
v 0.202921 2.263292 -1.148586
v 2.886849 2.263292 -1.607890
v 3.294854 2.263292 -1.199885
v 3.171009 2.263292 -1.148587
v 2.835551 2.263292 -1.484045
v 0.079076 2.036024 -1.199884
v 0.202921 2.036024 -1.148586
v 2.886849 2.263292 1.607889
v 0.487082 2.263292 1.607889
v 0.538380 2.263292 1.484044
v 2.835551 2.263292 1.484044
v 2.730800 5.489672 -1.598080
v 2.730800 5.445549 -1.598080
v 2.800951 5.445549 -1.598080
v 2.800951 5.489672 -1.598080
v 2.730800 5.614591 -1.598080
v 2.800951 5.614591 -1.598080
v 2.800951 5.614591 -1.668231
v 2.730800 5.614591 -1.668231
v 2.800951 5.445549 -1.598080
v 2.730800 5.445549 -1.598080
v 2.730800 5.445549 -1.668231
v 2.800951 5.445549 -1.668231
v 2.800951 5.614591 -1.668231
v 2.800951 5.570271 -1.668231
v 2.800951 5.570272 -1.721048
v 2.800951 5.614591 -1.721048
v 2.800951 5.614591 -1.598080
v 2.800951 5.570271 -1.598080
v 2.800951 5.525716 -1.598080
v 2.800951 5.525716 -1.668231
v 2.730800 5.570271 -1.598080
v 2.800951 5.570271 -1.598080
v 2.730800 5.525716 -1.598080
v 2.800951 5.525716 -1.598080
v 2.730800 5.614591 -1.668231
v 2.730800 5.570271 -1.668231
v 2.730800 5.570271 -1.598080
v 2.730800 5.614591 -1.598080
v 2.730800 5.525716 -1.668231
v 2.730800 5.525716 -1.598080
v 2.800951 5.489672 -1.696288
v 2.730800 5.489672 -1.696288
v 2.730800 5.489672 -1.721604
v 2.800951 5.489672 -1.721604
v 2.800951 5.497660 -1.721604
v 2.730800 5.497660 -1.721604
v 2.730800 5.614591 -1.721048
v 2.730800 5.570272 -1.721048
v 2.800951 5.614591 -1.721048
v 2.730800 5.614591 -1.721048
v 2.800951 5.570271 -1.803050
v 2.730800 5.570271 -1.803050
v 2.730800 5.570271 -1.828922
v 2.800951 5.570271 -1.828922
v 2.800951 5.542215 -1.774993
v 2.800951 5.525716 -1.774993
v 2.730800 5.525716 -1.774993
v 2.730800 5.542215 -1.774993
v 2.800951 5.525716 -1.749661
v 2.730800 5.525716 -1.749661
v 2.800951 5.614591 -1.774993
v 2.730800 5.614591 -1.774993
v 2.800951 5.614591 -1.828922
v 2.730800 5.614591 -1.828922
v 2.800951 5.461616 -1.668231
v 2.730800 5.461616 -1.668231
v 2.730800 5.470285 -1.669604
v 2.800951 5.470285 -1.669604
v 2.730800 5.478106 -1.673590
v 2.800951 5.478106 -1.673590
v 2.730800 5.484314 -1.679797
v 2.800951 5.484314 -1.679797
v 2.730800 5.488299 -1.687618
v 2.800951 5.488299 -1.687618
v 2.730800 5.506329 -1.722977
v 2.800951 5.506329 -1.722977
v 2.730800 5.514151 -1.726962
v 2.800951 5.514151 -1.726962
v 2.730800 5.520358 -1.733169
v 2.800951 5.520358 -1.733169
v 2.730800 5.524343 -1.740991
v 2.800951 5.524344 -1.740991
v 2.730800 5.550885 -1.776366
v 2.800951 5.550885 -1.776366
v 2.730800 5.558706 -1.780352
v 2.800951 5.558706 -1.780352
v 2.730800 5.564913 -1.786559
v 2.800951 5.564913 -1.786559
v 2.730800 5.568898 -1.794380
v 2.800951 5.568898 -1.794380
v 2.730800 5.489673 1.598079
v 2.800951 5.489673 1.598079
v 2.800951 5.445549 1.598079
v 2.730800 5.445549 1.598079
v 2.730800 5.614592 1.598079
v 2.730800 5.614592 1.668230
v 2.800951 5.614592 1.668230
v 2.800951 5.614592 1.598079
v 2.800951 5.445549 1.598079
v 2.800951 5.445549 1.668230
v 2.730800 5.445549 1.668230
v 2.730800 5.445549 1.598079
v 2.800951 5.614592 1.668230
v 2.800951 5.614592 1.721048
v 2.800951 5.570272 1.721048
v 2.800951 5.570272 1.668230
v 2.800951 5.614592 1.598079
v 2.800951 5.570272 1.598079
v 2.800951 5.525717 1.668230
v 2.800951 5.525717 1.598079
v 2.800951 5.570272 1.598079
v 2.730800 5.570272 1.598079
v 2.800951 5.525717 1.598079
v 2.730800 5.525717 1.598079
v 2.730800 5.614592 1.668230
v 2.730800 5.614592 1.598079
v 2.730800 5.570272 1.598079
v 2.730800 5.570272 1.668230
v 2.730800 5.525717 1.598079
v 2.730800 5.525717 1.668230
v 2.800951 5.489673 1.696287
v 2.800951 5.489673 1.721603
v 2.730800 5.489673 1.721603
v 2.730800 5.489673 1.696287
v 2.800951 5.497660 1.721603
v 2.730800 5.497660 1.721603
v 2.730800 5.570272 1.721048
v 2.730800 5.614592 1.721048
v 2.730800 5.614592 1.721048
v 2.800951 5.614592 1.721048
v 2.800951 5.570272 1.803049
v 2.800951 5.570272 1.828921
v 2.730800 5.570272 1.828921
v 2.730800 5.570272 1.803049
v 2.800951 5.542215 1.774992
v 2.730800 5.542215 1.774992
v 2.730800 5.525717 1.774992
v 2.800951 5.525717 1.774992
v 2.800951 5.525717 1.749660
v 2.730800 5.525717 1.749660
v 2.730800 5.614592 1.774992
v 2.800951 5.614592 1.774992
v 2.800951 5.614592 1.828921
v 2.730800 5.614592 1.828921
v 2.800951 5.461616 1.668230
v 2.800951 5.470285 1.669603
v 2.730800 5.470285 1.669603
v 2.730800 5.461616 1.668230
v 2.800951 5.478107 1.673589
v 2.730800 5.478107 1.673589
v 2.800951 5.484314 1.679796
v 2.730800 5.484314 1.679796
v 2.800951 5.488299 1.687617
v 2.730800 5.488299 1.687617
v 2.800951 5.506330 1.722976
v 2.730800 5.506330 1.722976
v 2.800951 5.514152 1.726961
v 2.730800 5.514152 1.726961
v 2.800951 5.520359 1.733169
v 2.730800 5.520359 1.733169
v 2.800951 5.524344 1.740990
v 2.730800 5.524344 1.740990
v 2.800951 5.550885 1.776366
v 2.730800 5.550885 1.776366
v 2.800951 5.558706 1.780351
v 2.730800 5.558706 1.780351
v 2.800951 5.564913 1.786558
v 2.730800 5.564913 1.786558
v 2.800951 5.568899 1.794379
v 2.730800 5.568899 1.794379
v 2.368120 5.489672 -1.598080
v 2.368120 5.445548 -1.598080
v 2.438271 5.445548 -1.598080
v 2.438271 5.489672 -1.598080
v 2.368120 5.614591 -1.598080
v 2.438271 5.614591 -1.598080
v 2.438271 5.614591 -1.668231
v 2.368120 5.614591 -1.668231
v 2.438271 5.445548 -1.598080
v 2.368120 5.445548 -1.598080
v 2.368120 5.445548 -1.668231
v 2.438271 5.445548 -1.668231
v 2.438271 5.614591 -1.668231
v 2.438271 5.570271 -1.668231
v 2.438271 5.570272 -1.721048
v 2.438271 5.614591 -1.721048
v 2.438271 5.614591 -1.598080
v 2.438271 5.570271 -1.598080
v 2.438271 5.525716 -1.598080
v 2.438271 5.525716 -1.668231
v 2.368120 5.570271 -1.598080
v 2.438271 5.570271 -1.598080
v 2.368120 5.525716 -1.598080
v 2.438271 5.525716 -1.598080
v 2.368120 5.614591 -1.668231
v 2.368120 5.570271 -1.668231
v 2.368120 5.570271 -1.598080
v 2.368120 5.614591 -1.598080
v 2.368120 5.525716 -1.668231
v 2.368120 5.525716 -1.598080
v 2.438271 5.489672 -1.696288
v 2.368120 5.489672 -1.696288
v 2.368120 5.489672 -1.721604
v 2.438271 5.489672 -1.721604
v 2.438271 5.497660 -1.721604
v 2.368120 5.497660 -1.721604
v 2.368120 5.614591 -1.721048
v 2.368120 5.570272 -1.721048
v 2.438271 5.614591 -1.721048
v 2.368120 5.614591 -1.721048
v 2.438271 5.570271 -1.803050
v 2.368120 5.570271 -1.803050
v 2.368120 5.570271 -1.828922
v 2.438271 5.570271 -1.828922
v 2.438271 5.542215 -1.774993
v 2.438271 5.525716 -1.774993
v 2.368120 5.525716 -1.774993
v 2.368120 5.542215 -1.774993
v 2.438271 5.525716 -1.749661
v 2.368120 5.525716 -1.749661
v 2.438271 5.614591 -1.774993
v 2.368120 5.614591 -1.774993
v 2.438271 5.614591 -1.828922
v 2.368120 5.614591 -1.828922
v 2.438271 5.461616 -1.668231
v 2.368120 5.461616 -1.668231
v 2.368120 5.470285 -1.669604
v 2.438271 5.470285 -1.669604
v 2.368120 5.478106 -1.673590
v 2.438271 5.478106 -1.673590
v 2.368120 5.484314 -1.679797
v 2.438271 5.484314 -1.679797
v 2.368120 5.488299 -1.687618
v 2.438271 5.488299 -1.687618
v 2.368120 5.506329 -1.722977
v 2.438271 5.506329 -1.722977
v 2.368120 5.514151 -1.726962
v 2.438271 5.514151 -1.726962
v 2.368120 5.520358 -1.733169
v 2.438271 5.520358 -1.733169
v 2.368120 5.524343 -1.740991
v 2.438271 5.524343 -1.740991
v 2.368120 5.550885 -1.776366
v 2.438271 5.550885 -1.776366
v 2.368120 5.558706 -1.780352
v 2.438271 5.558706 -1.780352
v 2.368120 5.564913 -1.786559
v 2.438271 5.564913 -1.786559
v 2.368120 5.568898 -1.794380
v 2.438271 5.568898 -1.794380
v 2.368120 5.489672 1.598079
v 2.438271 5.489672 1.598079
v 2.438271 5.445548 1.598079
v 2.368120 5.445548 1.598079
v 2.368120 5.614592 1.598079
v 2.368120 5.614592 1.668230
v 2.438271 5.614592 1.668230
v 2.438271 5.614592 1.598079
v 2.438271 5.445548 1.598079
v 2.438271 5.445548 1.668230
v 2.368120 5.445548 1.668230
v 2.368120 5.445548 1.598079
v 2.438271 5.614592 1.668230
v 2.438271 5.614592 1.721048
v 2.438271 5.570272 1.721048
v 2.438271 5.570272 1.668230
v 2.438271 5.614592 1.598079
v 2.438271 5.570272 1.598079
v 2.438271 5.525716 1.668230
v 2.438271 5.525716 1.598079
v 2.438271 5.570272 1.598079
v 2.368120 5.570272 1.598079
v 2.438271 5.525716 1.598079
v 2.368120 5.525716 1.598079
v 2.368120 5.614592 1.668230
v 2.368120 5.614592 1.598079
v 2.368120 5.570272 1.598079
v 2.368120 5.570272 1.668230
v 2.368120 5.525716 1.598079
v 2.368120 5.525716 1.668230
v 2.438271 5.489672 1.696287
v 2.438271 5.489672 1.721603
v 2.368120 5.489672 1.721603
v 2.368120 5.489672 1.696287
v 2.438271 5.497660 1.721603
v 2.368120 5.497660 1.721603
v 2.368120 5.570272 1.721048
v 2.368120 5.614592 1.721048
v 2.368120 5.614592 1.721048
v 2.438271 5.614592 1.721048
v 2.438271 5.570272 1.803049
v 2.438271 5.570272 1.828921
v 2.368120 5.570272 1.828921
v 2.368120 5.570272 1.803049
v 2.438271 5.542215 1.774992
v 2.368120 5.542215 1.774992
v 2.368120 5.525716 1.774992
v 2.438271 5.525716 1.774992
v 2.438271 5.525716 1.749660
v 2.368120 5.525716 1.749660
v 2.368120 5.614592 1.774992
v 2.438271 5.614592 1.774992
v 2.438271 5.614592 1.828921
v 2.368120 5.614592 1.828921
v 2.438271 5.461616 1.668230
v 2.438271 5.470285 1.669603
v 2.368120 5.470285 1.669603
v 2.368120 5.461616 1.668230
v 2.438271 5.478106 1.673589
v 2.368120 5.478106 1.673589
v 2.438271 5.484314 1.679796
v 2.368120 5.484314 1.679796
v 2.438271 5.488299 1.687617
v 2.368120 5.488299 1.687617
v 2.438271 5.506330 1.722976
v 2.368120 5.506330 1.722976
v 2.438271 5.514151 1.726961
v 2.368120 5.514151 1.726961
v 2.438271 5.520359 1.733169
v 2.368120 5.520359 1.733169
v 2.438271 5.524343 1.740990
v 2.368120 5.524343 1.740990
v 2.438271 5.550885 1.776366
v 2.368120 5.550885 1.776366
v 2.438271 5.558706 1.780351
v 2.368120 5.558706 1.780351
v 2.438271 5.564913 1.786558
v 2.368120 5.564913 1.786558
v 2.438271 5.568899 1.794379
v 2.368120 5.568898 1.794379
v 2.005440 5.489672 -1.598080
v 2.005440 5.445548 -1.598080
v 2.075591 5.445548 -1.598080
v 2.075591 5.489672 -1.598080
v 2.005440 5.614591 -1.598080
v 2.075591 5.614591 -1.598080
v 2.075591 5.614591 -1.668231
v 2.005440 5.614591 -1.668231
v 2.075591 5.445548 -1.598080
v 2.005440 5.445548 -1.598080
v 2.005440 5.445548 -1.668231
v 2.075591 5.445548 -1.668231
v 2.075591 5.614591 -1.668231
v 2.075591 5.570271 -1.668231
v 2.075591 5.570271 -1.721048
v 2.075591 5.614591 -1.721048
v 2.075591 5.614591 -1.598080
v 2.075591 5.570271 -1.598080
v 2.075591 5.525716 -1.598080
v 2.075591 5.525716 -1.668231
v 2.005440 5.570271 -1.598080
v 2.075591 5.570271 -1.598080
v 2.005440 5.525716 -1.598080
v 2.075591 5.525716 -1.598080
v 2.005440 5.614591 -1.668231
v 2.005440 5.570271 -1.668231
v 2.005440 5.570271 -1.598080
v 2.005440 5.614591 -1.598080
v 2.005440 5.525716 -1.668231
v 2.005440 5.525716 -1.598080
v 2.075591 5.489672 -1.696288
v 2.005440 5.489672 -1.696288
v 2.005440 5.489672 -1.721604
v 2.075591 5.489672 -1.721604
v 2.075591 5.497659 -1.721604
v 2.005440 5.497659 -1.721604
v 2.005440 5.614591 -1.721048
v 2.005440 5.570271 -1.721048
v 2.075591 5.614591 -1.721048
v 2.005440 5.614591 -1.721048
v 2.075591 5.570271 -1.803050
v 2.005440 5.570271 -1.803050
v 2.005440 5.570271 -1.828922
v 2.075591 5.570271 -1.828922
v 2.075591 5.542215 -1.774993
v 2.075591 5.525716 -1.774993
v 2.005440 5.525716 -1.774993
v 2.005440 5.542215 -1.774993
v 2.075591 5.525716 -1.749660
v 2.005440 5.525716 -1.749660
v 2.075591 5.614591 -1.774993
v 2.005440 5.614591 -1.774993
v 2.075591 5.614591 -1.828922
v 2.005440 5.614591 -1.828922
v 2.075591 5.461615 -1.668231
v 2.005440 5.461615 -1.668231
v 2.005440 5.470285 -1.669604
v 2.075591 5.470285 -1.669604
v 2.005440 5.478106 -1.673590
v 2.075591 5.478106 -1.673590
v 2.005440 5.484313 -1.679797
v 2.075591 5.484313 -1.679797
v 2.005440 5.488299 -1.687618
v 2.075591 5.488299 -1.687618
v 2.005440 5.506329 -1.722977
v 2.075591 5.506329 -1.722977
v 2.005440 5.514151 -1.726962
v 2.075591 5.514151 -1.726962
v 2.005440 5.520358 -1.733169
v 2.075591 5.520358 -1.733169
v 2.005440 5.524343 -1.740991
v 2.075591 5.524343 -1.740991
v 2.005440 5.550885 -1.776366
v 2.075591 5.550885 -1.776366
v 2.005440 5.558706 -1.780352
v 2.075591 5.558706 -1.780352
v 2.005440 5.564913 -1.786558
v 2.075591 5.564913 -1.786558
v 2.005440 5.568898 -1.794380
v 2.075591 5.568898 -1.794380
v 2.005441 5.489672 1.598079
v 2.075592 5.489672 1.598079
v 2.075592 5.445548 1.598079
v 2.005441 5.445548 1.598079
v 2.005441 5.614592 1.598079
v 2.005441 5.614592 1.668230
v 2.075592 5.614592 1.668230
v 2.075592 5.614592 1.598079
v 2.075592 5.445548 1.598079
v 2.075592 5.445548 1.668230
v 2.005441 5.445548 1.668230
v 2.005441 5.445548 1.598079
v 2.075592 5.614592 1.668230
v 2.075592 5.614592 1.721048
v 2.075592 5.570271 1.721048
v 2.075592 5.570271 1.668230
v 2.075592 5.614592 1.598079
v 2.075592 5.570271 1.598079
v 2.075592 5.525716 1.668230
v 2.075592 5.525716 1.598079
v 2.075592 5.570271 1.598079
v 2.005441 5.570271 1.598079
v 2.075592 5.525716 1.598079
v 2.005441 5.525716 1.598079
v 2.005441 5.614592 1.668230
v 2.005441 5.614592 1.598079
v 2.005441 5.570271 1.598079
v 2.005441 5.570271 1.668230
v 2.005441 5.525716 1.598079
v 2.005441 5.525716 1.668230
v 2.075592 5.489672 1.696287
v 2.075592 5.489672 1.721603
v 2.005441 5.489672 1.721603
v 2.005441 5.489672 1.696287
v 2.075592 5.497660 1.721603
v 2.005441 5.497660 1.721603
v 2.005441 5.570271 1.721048
v 2.005441 5.614592 1.721048
v 2.005441 5.614592 1.721048
v 2.075592 5.614592 1.721048
v 2.075592 5.570271 1.803049
v 2.075592 5.570271 1.828921
v 2.005441 5.570271 1.828921
v 2.005441 5.570271 1.803049
v 2.075592 5.542215 1.774992
v 2.005441 5.542215 1.774992
v 2.005441 5.525716 1.774992
v 2.075592 5.525716 1.774992
v 2.075592 5.525716 1.749660
v 2.005441 5.525716 1.749660
v 2.005441 5.614592 1.774992
v 2.075592 5.614592 1.774992
v 2.075592 5.614592 1.828921
v 2.005441 5.614592 1.828921
v 2.075592 5.461615 1.668230
v 2.075592 5.470285 1.669603
v 2.005441 5.470285 1.669603
v 2.005441 5.461615 1.668230
v 2.075592 5.478106 1.673589
v 2.005441 5.478106 1.673589
v 2.075592 5.484314 1.679796
v 2.005441 5.484314 1.679796
v 2.075592 5.488299 1.687617
v 2.005441 5.488299 1.687617
v 2.075592 5.506330 1.722977
v 2.005441 5.506330 1.722977
v 2.075592 5.514151 1.726961
v 2.005441 5.514151 1.726961
v 2.075592 5.520358 1.733169
v 2.005441 5.520358 1.733169
v 2.075592 5.524343 1.740990
v 2.005441 5.524343 1.740990
v 2.075592 5.550885 1.776366
v 2.005441 5.550885 1.776366
v 2.075592 5.558706 1.780351
v 2.005441 5.558706 1.780351
v 2.075592 5.564913 1.786558
v 2.005441 5.564913 1.786558
v 2.075592 5.568898 1.794379
v 2.005441 5.568898 1.794379
v 1.642761 5.489672 -1.598080
v 1.642761 5.445548 -1.598080
v 1.712911 5.445548 -1.598080
v 1.712911 5.489672 -1.598080
v 1.642761 5.614591 -1.598080
v 1.712911 5.614591 -1.598080
v 1.712911 5.614591 -1.668231
v 1.642761 5.614591 -1.668231
v 1.712911 5.445548 -1.598080
v 1.642761 5.445548 -1.598080
v 1.642761 5.445548 -1.668231
v 1.712911 5.445548 -1.668231
v 1.712911 5.614591 -1.668231
v 1.712911 5.570271 -1.668231
v 1.712911 5.570271 -1.721048
v 1.712911 5.614591 -1.721048
v 1.712911 5.614591 -1.598080
v 1.712911 5.570271 -1.598080
v 1.712911 5.525716 -1.598080
v 1.712911 5.525716 -1.668231
v 1.642761 5.570271 -1.598080
v 1.712911 5.570271 -1.598080
v 1.642761 5.525716 -1.598080
v 1.712911 5.525716 -1.598080
v 1.642761 5.614591 -1.668231
v 1.642761 5.570271 -1.668231
v 1.642761 5.570271 -1.598080
v 1.642761 5.614591 -1.598080
v 1.642761 5.525716 -1.668231
v 1.642761 5.525716 -1.598080
v 1.712911 5.489672 -1.696288
v 1.642761 5.489672 -1.696288
v 1.642761 5.489672 -1.721604
v 1.712911 5.489672 -1.721604
v 1.712911 5.497659 -1.721604
v 1.642761 5.497659 -1.721604
v 1.642761 5.614591 -1.721048
v 1.642761 5.570271 -1.721048
v 1.712911 5.614591 -1.721048
v 1.642761 5.614591 -1.721048
v 1.712911 5.570271 -1.803050
v 1.642761 5.570271 -1.803050
v 1.642761 5.570271 -1.828922
v 1.712911 5.570271 -1.828922
v 1.712911 5.542214 -1.774993
v 1.712911 5.525716 -1.774993
v 1.642761 5.525716 -1.774993
v 1.642761 5.542214 -1.774993
v 1.712911 5.525716 -1.749660
v 1.642761 5.525716 -1.749660
v 1.712911 5.614591 -1.774993
v 1.642761 5.614591 -1.774993
v 1.712911 5.614591 -1.828922
v 1.642761 5.614591 -1.828922
v 1.712911 5.461615 -1.668231
v 1.642761 5.461615 -1.668231
v 1.642761 5.470285 -1.669604
v 1.712911 5.470285 -1.669604
v 1.642761 5.478106 -1.673590
v 1.712911 5.478106 -1.673590
v 1.642761 5.484313 -1.679797
v 1.712911 5.484313 -1.679797
v 1.642761 5.488298 -1.687618
v 1.712911 5.488299 -1.687618
v 1.642761 5.506329 -1.722977
v 1.712911 5.506329 -1.722977
v 1.642761 5.514151 -1.726962
v 1.712911 5.514151 -1.726962
v 1.642761 5.520358 -1.733169
v 1.712911 5.520358 -1.733169
v 1.642761 5.524343 -1.740991
v 1.712911 5.524343 -1.740991
v 1.642761 5.550885 -1.776366
v 1.712911 5.550885 -1.776366
v 1.642761 5.558706 -1.780352
v 1.712911 5.558706 -1.780352
v 1.642761 5.564912 -1.786558
v 1.712911 5.564912 -1.786558
v 1.642761 5.568898 -1.794380
v 1.712911 5.568898 -1.794380
v 1.642761 5.489672 1.598079
v 1.712912 5.489672 1.598079
v 1.712912 5.445548 1.598079
v 1.642761 5.445548 1.598079
v 1.642761 5.614591 1.598079
v 1.642761 5.614591 1.668230
v 1.712912 5.614591 1.668230
v 1.712912 5.614591 1.598079
v 1.712912 5.445548 1.598079
v 1.712912 5.445548 1.668230
v 1.642761 5.445548 1.668230
v 1.642761 5.445548 1.598079
v 1.712912 5.614591 1.668230
v 1.712912 5.614591 1.721048
v 1.712912 5.570271 1.721048
v 1.712912 5.570271 1.668230
v 1.712912 5.614591 1.598079
v 1.712912 5.570271 1.598079
v 1.712912 5.525716 1.668230
v 1.712912 5.525716 1.598079
v 1.712912 5.570271 1.598079
v 1.642761 5.570271 1.598079
v 1.712912 5.525716 1.598079
v 1.642761 5.525716 1.598079
v 1.642761 5.614591 1.668230
v 1.642761 5.614591 1.598079
v 1.642761 5.570271 1.598079
v 1.642761 5.570271 1.668230
v 1.642761 5.525716 1.598079
v 1.642761 5.525716 1.668230
v 1.712912 5.489672 1.696287
v 1.712912 5.489672 1.721603
v 1.642761 5.489672 1.721603
v 1.642761 5.489672 1.696287
v 1.712912 5.497660 1.721603
v 1.642761 5.497660 1.721603
v 1.642761 5.570271 1.721048
v 1.642761 5.614591 1.721048
v 1.642761 5.614591 1.721048
v 1.712912 5.614591 1.721048
v 1.712912 5.570271 1.803049
v 1.712912 5.570271 1.828921
v 1.642761 5.570271 1.828921
v 1.642761 5.570271 1.803049
v 1.712912 5.542215 1.774992
v 1.642761 5.542215 1.774992
v 1.642761 5.525716 1.774992
v 1.712912 5.525716 1.774992
v 1.712912 5.525716 1.749660
v 1.642761 5.525716 1.749660
v 1.642761 5.614591 1.774992
v 1.712912 5.614591 1.774992
v 1.712912 5.614591 1.828921
v 1.642761 5.614591 1.828921
v 1.712912 5.461615 1.668230
v 1.712912 5.470285 1.669603
v 1.642761 5.470285 1.669603
v 1.642761 5.461615 1.668230
v 1.712912 5.478106 1.673589
v 1.642761 5.478106 1.673589
v 1.712912 5.484314 1.679796
v 1.642761 5.484314 1.679796
v 1.712912 5.488299 1.687617
v 1.642761 5.488299 1.687617
v 1.712912 5.506330 1.722977
v 1.642761 5.506330 1.722977
v 1.712912 5.514151 1.726961
v 1.642761 5.514151 1.726961
v 1.712912 5.520358 1.733169
v 1.642761 5.520358 1.733169
v 1.712912 5.524343 1.740990
v 1.642761 5.524343 1.740990
v 1.712912 5.550885 1.776366
v 1.642761 5.550885 1.776366
v 1.712912 5.558706 1.780351
v 1.642761 5.558706 1.780351
v 1.712912 5.564913 1.786558
v 1.642761 5.564913 1.786558
v 1.712912 5.568898 1.794379
v 1.642761 5.568898 1.794379
v 1.280081 5.489672 -1.598080
v 1.280081 5.445548 -1.598080
v 1.350232 5.445548 -1.598080
v 1.350232 5.489672 -1.598080
v 1.280081 5.614591 -1.598080
v 1.350232 5.614591 -1.598080
v 1.350232 5.614591 -1.668231
v 1.280081 5.614591 -1.668231
v 1.350232 5.445548 -1.598080
v 1.280081 5.445548 -1.598080
v 1.280081 5.445548 -1.668231
v 1.350232 5.445548 -1.668231
v 1.350232 5.614591 -1.668231
v 1.350232 5.570271 -1.668231
v 1.350232 5.570271 -1.721048
v 1.350232 5.614591 -1.721048
v 1.350232 5.614591 -1.598080
v 1.350232 5.570271 -1.598080
v 1.350232 5.525716 -1.598080
v 1.350232 5.525716 -1.668231
v 1.280081 5.570271 -1.598080
v 1.350232 5.570271 -1.598080
v 1.280081 5.525716 -1.598080
v 1.350232 5.525716 -1.598080
v 1.280081 5.614591 -1.668231
v 1.280081 5.570271 -1.668231
v 1.280081 5.570271 -1.598080
v 1.280081 5.614591 -1.598080
v 1.280081 5.525716 -1.668231
v 1.280081 5.525716 -1.598080
v 1.350232 5.489672 -1.696288
v 1.280081 5.489672 -1.696288
v 1.280081 5.489672 -1.721604
v 1.350232 5.489672 -1.721604
v 1.350232 5.497659 -1.721604
v 1.280081 5.497659 -1.721604
v 1.280081 5.614591 -1.721048
v 1.280081 5.570271 -1.721048
v 1.350232 5.614591 -1.721048
v 1.280081 5.614591 -1.721048
v 1.350232 5.570271 -1.803050
v 1.280081 5.570271 -1.803050
v 1.280081 5.570271 -1.828922
v 1.350232 5.570271 -1.828922
v 1.350232 5.542214 -1.774993
v 1.350232 5.525716 -1.774993
v 1.280081 5.525716 -1.774993
v 1.280081 5.542214 -1.774993
v 1.350232 5.525716 -1.749660
v 1.280081 5.525716 -1.749660
v 1.350232 5.614591 -1.774993
v 1.280081 5.614591 -1.774993
v 1.350232 5.614591 -1.828922
v 1.280081 5.614591 -1.828922
v 1.350232 5.461615 -1.668231
v 1.280081 5.461615 -1.668231
v 1.280081 5.470285 -1.669604
v 1.350232 5.470285 -1.669604
v 1.280081 5.478106 -1.673590
v 1.350232 5.478106 -1.673590
v 1.280081 5.484313 -1.679797
v 1.350232 5.484313 -1.679797
v 1.280081 5.488298 -1.687618
v 1.350232 5.488298 -1.687618
v 1.280081 5.506329 -1.722977
v 1.350232 5.506329 -1.722977
v 1.280081 5.514150 -1.726962
v 1.350232 5.514150 -1.726962
v 1.280081 5.520358 -1.733169
v 1.350232 5.520358 -1.733169
v 1.280081 5.524343 -1.740991
v 1.350232 5.524343 -1.740991
v 1.280081 5.550885 -1.776366
v 1.350232 5.550885 -1.776366
v 1.280081 5.558705 -1.780352
v 1.350232 5.558706 -1.780352
v 1.280081 5.564912 -1.786558
v 1.350232 5.564912 -1.786558
v 1.280081 5.568897 -1.794380
v 1.350232 5.568898 -1.794380
v 1.280081 5.489672 1.598079
v 1.350232 5.489672 1.598079
v 1.350232 5.445548 1.598079
v 1.280081 5.445548 1.598079
v 1.280081 5.614591 1.598079
v 1.280081 5.614591 1.668230
v 1.350232 5.614591 1.668230
v 1.350232 5.614591 1.598079
v 1.350232 5.445548 1.598079
v 1.350232 5.445548 1.668230
v 1.280081 5.445548 1.668230
v 1.280081 5.445548 1.598079
v 1.350232 5.614591 1.668230
v 1.350232 5.614591 1.721048
v 1.350232 5.570271 1.721048
v 1.350232 5.570271 1.668230
v 1.350232 5.614591 1.598079
v 1.350232 5.570271 1.598079
v 1.350232 5.525716 1.668230
v 1.350232 5.525716 1.598079
v 1.350232 5.570271 1.598079
v 1.280081 5.570271 1.598079
v 1.350232 5.525716 1.598079
v 1.280081 5.525716 1.598079
v 1.280081 5.614591 1.668230
v 1.280081 5.614591 1.598079
v 1.280081 5.570271 1.598079
v 1.280081 5.570271 1.668230
v 1.280081 5.525716 1.598079
v 1.280081 5.525716 1.668230
v 1.350232 5.489672 1.696287
v 1.350232 5.489672 1.721603
v 1.280081 5.489672 1.721603
v 1.280081 5.489672 1.696287
v 1.350232 5.497660 1.721603
v 1.280081 5.497660 1.721603
v 1.280081 5.570271 1.721048
v 1.280081 5.614591 1.721048
v 1.280081 5.614591 1.721048
v 1.350232 5.614591 1.721048
v 1.350232 5.570271 1.803049
v 1.350232 5.570271 1.828921
v 1.280081 5.570271 1.828921
v 1.280081 5.570271 1.803049
v 1.350232 5.542215 1.774992
v 1.280081 5.542215 1.774992
v 1.280081 5.525716 1.774992
v 1.350232 5.525716 1.774992
v 1.350232 5.525716 1.749660
v 1.280081 5.525716 1.749660
v 1.280081 5.614591 1.774992
v 1.350232 5.614591 1.774992
v 1.350232 5.614591 1.828921
v 1.280081 5.614591 1.828921
v 1.350232 5.461615 1.668230
v 1.350232 5.470285 1.669603
v 1.280081 5.470285 1.669603
v 1.280081 5.461615 1.668230
v 1.350232 5.478106 1.673589
v 1.280081 5.478106 1.673589
v 1.350232 5.484314 1.679796
v 1.280081 5.484314 1.679796
v 1.350232 5.488298 1.687617
v 1.280081 5.488298 1.687617
v 1.350232 5.506330 1.722977
v 1.280081 5.506330 1.722977
v 1.350232 5.514151 1.726961
v 1.280081 5.514151 1.726961
v 1.350232 5.520358 1.733169
v 1.280081 5.520358 1.733169
v 1.350232 5.524343 1.740990
v 1.280081 5.524343 1.740990
v 1.350232 5.550885 1.776366
v 1.280081 5.550885 1.776366
v 1.350232 5.558706 1.780351
v 1.280081 5.558706 1.780351
v 1.350232 5.564913 1.786558
v 1.280081 5.564913 1.786558
v 1.350232 5.568898 1.794379
v 1.280081 5.568898 1.794379
v 0.917401 5.489672 -1.598080
v 0.917401 5.445548 -1.598080
v 0.987552 5.445548 -1.598080
v 0.987552 5.489672 -1.598080
v 0.917401 5.614591 -1.598080
v 0.987552 5.614591 -1.598080
v 0.987552 5.614591 -1.668231
v 0.917401 5.614591 -1.668231
v 0.987552 5.445548 -1.598080
v 0.917401 5.445548 -1.598080
v 0.917401 5.445548 -1.668231
v 0.987552 5.445548 -1.668231
v 0.987552 5.614591 -1.668231
v 0.987552 5.570271 -1.668231
v 0.987552 5.570271 -1.721048
v 0.987552 5.614591 -1.721048
v 0.987552 5.614591 -1.598080
v 0.987552 5.570271 -1.598080
v 0.987552 5.525716 -1.598080
v 0.987552 5.525716 -1.668231
v 0.917401 5.570271 -1.598080
v 0.987552 5.570271 -1.598080
v 0.917401 5.525716 -1.598080
v 0.987552 5.525716 -1.598080
v 0.917401 5.614591 -1.668231
v 0.917401 5.570271 -1.668231
v 0.917401 5.570271 -1.598080
v 0.917401 5.614591 -1.598080
v 0.917401 5.525716 -1.668231
v 0.917401 5.525716 -1.598080
v 0.987552 5.489672 -1.696287
v 0.917401 5.489672 -1.696287
v 0.917401 5.489672 -1.721604
v 0.987552 5.489672 -1.721604
v 0.987552 5.497659 -1.721604
v 0.917401 5.497659 -1.721604
v 0.917401 5.614591 -1.721048
v 0.917401 5.570271 -1.721048
v 0.987552 5.614591 -1.721048
v 0.917401 5.614591 -1.721048
v 0.987552 5.570271 -1.803049
v 0.917401 5.570271 -1.803049
v 0.917401 5.570271 -1.828922
v 0.987552 5.570271 -1.828922
v 0.987552 5.542214 -1.774993
v 0.987552 5.525716 -1.774993
v 0.917401 5.525716 -1.774993
v 0.917401 5.542214 -1.774993
v 0.987552 5.525716 -1.749660
v 0.917401 5.525716 -1.749660
v 0.987552 5.614591 -1.774993
v 0.917401 5.614591 -1.774993
v 0.987552 5.614591 -1.828922
v 0.917401 5.614591 -1.828922
v 0.987552 5.461615 -1.668231
v 0.917401 5.461615 -1.668231
v 0.917401 5.470285 -1.669604
v 0.987552 5.470285 -1.669604
v 0.917401 5.478106 -1.673589
v 0.987552 5.478106 -1.673589
v 0.917401 5.484313 -1.679796
v 0.987552 5.484313 -1.679796
v 0.917401 5.488298 -1.687618
v 0.987552 5.488298 -1.687618
v 0.917401 5.506329 -1.722977
v 0.987552 5.506329 -1.722977
v 0.917401 5.514150 -1.726962
v 0.987552 5.514150 -1.726962
v 0.917401 5.520357 -1.733169
v 0.987552 5.520357 -1.733169
v 0.917401 5.524343 -1.740990
v 0.987552 5.524343 -1.740990
v 0.917401 5.550885 -1.776366
v 0.987552 5.550885 -1.776366
v 0.917401 5.558705 -1.780352
v 0.987552 5.558705 -1.780352
v 0.917401 5.564912 -1.786558
v 0.987552 5.564912 -1.786558
v 0.917401 5.568897 -1.794380
v 0.987552 5.568897 -1.794380
v 0.917401 5.489672 1.598079
v 0.987552 5.489672 1.598079
v 0.987552 5.445548 1.598079
v 0.917401 5.445548 1.598079
v 0.917401 5.614591 1.598079
v 0.917401 5.614591 1.668231
v 0.987552 5.614591 1.668231
v 0.987552 5.614591 1.598079
v 0.987552 5.445548 1.598079
v 0.987552 5.445548 1.668231
v 0.917401 5.445548 1.668231
v 0.917401 5.445548 1.598079
v 0.987552 5.614591 1.668231
v 0.987552 5.614591 1.721048
v 0.987552 5.570271 1.721048
v 0.987552 5.570271 1.668231
v 0.987552 5.614591 1.598079
v 0.987552 5.570271 1.598079
v 0.987552 5.525716 1.668231
v 0.987552 5.525716 1.598079
v 0.987552 5.570271 1.598079
v 0.917401 5.570271 1.598079
v 0.987552 5.525716 1.598079
v 0.917401 5.525716 1.598079
v 0.917401 5.614591 1.668231
v 0.917401 5.614591 1.598079
v 0.917401 5.570271 1.598079
v 0.917401 5.570271 1.668231
v 0.917401 5.525716 1.598079
v 0.917401 5.525716 1.668231
v 0.987552 5.489672 1.696287
v 0.987552 5.489672 1.721603
v 0.917401 5.489672 1.721603
v 0.917401 5.489672 1.696287
v 0.987552 5.497660 1.721603
v 0.917401 5.497660 1.721603
v 0.917401 5.570271 1.721048
v 0.917401 5.614591 1.721048
v 0.917401 5.614591 1.721048
v 0.987552 5.614591 1.721048
v 0.987552 5.570271 1.803049
v 0.987552 5.570271 1.828921
v 0.917401 5.570271 1.828921
v 0.917401 5.570271 1.803049
v 0.987552 5.542215 1.774993
v 0.917401 5.542215 1.774993
v 0.917401 5.525716 1.774993
v 0.987552 5.525716 1.774993
v 0.987552 5.525716 1.749660
v 0.917401 5.525716 1.749660
v 0.917401 5.614591 1.774993
v 0.987552 5.614591 1.774993
v 0.987552 5.614591 1.828921
v 0.917401 5.614591 1.828921
v 0.987552 5.461615 1.668231
v 0.987552 5.470285 1.669603
v 0.917401 5.470285 1.669603
v 0.917401 5.461615 1.668231
v 0.987552 5.478106 1.673589
v 0.917401 5.478106 1.673589
v 0.987552 5.484313 1.679796
v 0.917401 5.484313 1.679796
v 0.987552 5.488298 1.687617
v 0.917401 5.488298 1.687617
v 0.987552 5.506330 1.722977
v 0.917401 5.506330 1.722977
v 0.987552 5.514151 1.726962
v 0.917401 5.514151 1.726962
v 0.987552 5.520358 1.733169
v 0.917401 5.520358 1.733169
v 0.987552 5.524343 1.740990
v 0.917401 5.524343 1.740990
v 0.987552 5.550885 1.776366
v 0.917401 5.550885 1.776366
v 0.987552 5.558706 1.780351
v 0.917401 5.558706 1.780351
v 0.987552 5.564913 1.786558
v 0.917401 5.564913 1.786558
v 0.987552 5.568898 1.794379
v 0.917401 5.568898 1.794379
v 0.554721 5.489672 -1.598080
v 0.554721 5.445548 -1.598080
v 0.624872 5.445548 -1.598080
v 0.624872 5.489672 -1.598080
v 0.554721 5.614590 -1.598080
v 0.624872 5.614590 -1.598080
v 0.624872 5.614590 -1.668231
v 0.554721 5.614590 -1.668231
v 0.624872 5.445548 -1.598080
v 0.554721 5.445548 -1.598080
v 0.554721 5.445548 -1.668231
v 0.624872 5.445548 -1.668231
v 0.624872 5.614590 -1.668231
v 0.624872 5.570271 -1.668231
v 0.624872 5.570271 -1.721048
v 0.624872 5.614590 -1.721048
v 0.624872 5.614590 -1.598080
v 0.624872 5.570271 -1.598080
v 0.624872 5.525716 -1.598080
v 0.624872 5.525716 -1.668231
v 0.554721 5.570271 -1.598080
v 0.624872 5.570271 -1.598080
v 0.554721 5.525716 -1.598080
v 0.624872 5.525716 -1.598080
v 0.554721 5.614590 -1.668231
v 0.554721 5.570271 -1.668231
v 0.554721 5.570271 -1.598080
v 0.554721 5.614590 -1.598080
v 0.554721 5.525716 -1.668231
v 0.554721 5.525716 -1.598080
v 0.624872 5.489672 -1.696287
v 0.554721 5.489672 -1.696287
v 0.554721 5.489672 -1.721604
v 0.624872 5.489672 -1.721604
v 0.624872 5.497659 -1.721604
v 0.554721 5.497659 -1.721604
v 0.554721 5.614590 -1.721048
v 0.554721 5.570271 -1.721048
v 0.624872 5.614590 -1.721048
v 0.554721 5.614590 -1.721048
v 0.624872 5.570271 -1.803049
v 0.554721 5.570271 -1.803049
v 0.554721 5.570271 -1.828922
v 0.624872 5.570271 -1.828922
v 0.624872 5.542214 -1.774993
v 0.624872 5.525716 -1.774993
v 0.554721 5.525716 -1.774993
v 0.554721 5.542214 -1.774993
v 0.624872 5.525716 -1.749660
v 0.554721 5.525716 -1.749660
v 0.624872 5.614590 -1.774993
v 0.554721 5.614590 -1.774993
v 0.624872 5.614590 -1.828922
v 0.554721 5.614590 -1.828922
v 0.624872 5.461615 -1.668231
v 0.554721 5.461615 -1.668231
v 0.554721 5.470284 -1.669604
v 0.624872 5.470284 -1.669604
v 0.554721 5.478106 -1.673589
v 0.624872 5.478106 -1.673589
v 0.554721 5.484313 -1.679796
v 0.624872 5.484313 -1.679796
v 0.554721 5.488298 -1.687618
v 0.624872 5.488298 -1.687618
v 0.554721 5.506329 -1.722977
v 0.624872 5.506329 -1.722977
v 0.554721 5.514150 -1.726962
v 0.624872 5.514150 -1.726962
v 0.554721 5.520357 -1.733169
v 0.624872 5.520357 -1.733169
v 0.554721 5.524343 -1.740990
v 0.624872 5.524343 -1.740990
v 0.554721 5.550884 -1.776366
v 0.624872 5.550885 -1.776366
v 0.554721 5.558705 -1.780352
v 0.624872 5.558705 -1.780352
v 0.554721 5.564912 -1.786558
v 0.624872 5.564912 -1.786558
v 0.554721 5.568897 -1.794380
v 0.624872 5.568897 -1.794380
v 0.554722 5.489672 1.598079
v 0.624872 5.489672 1.598079
v 0.624872 5.445548 1.598079
v 0.554722 5.445548 1.598079
v 0.554722 5.614591 1.598079
v 0.554722 5.614591 1.668231
v 0.624872 5.614591 1.668231
v 0.624872 5.614591 1.598079
v 0.624872 5.445548 1.598079
v 0.624872 5.445548 1.668231
v 0.554722 5.445548 1.668231
v 0.554722 5.445548 1.598079
v 0.624872 5.614591 1.668231
v 0.624872 5.614591 1.721048
v 0.624872 5.570271 1.721048
v 0.624872 5.570271 1.668231
v 0.624872 5.614591 1.598079
v 0.624872 5.570271 1.598079
v 0.624872 5.525716 1.668231
v 0.624872 5.525716 1.598079
v 0.624872 5.570271 1.598079
v 0.554722 5.570271 1.598079
v 0.624872 5.525716 1.598079
v 0.554722 5.525716 1.598079
v 0.554722 5.614591 1.668231
v 0.554722 5.614591 1.598079
v 0.554722 5.570271 1.598079
v 0.554722 5.570271 1.668231
v 0.554722 5.525716 1.598079
v 0.554722 5.525716 1.668231
v 0.624872 5.489672 1.696287
v 0.624872 5.489672 1.721603
v 0.554722 5.489672 1.721603
v 0.554722 5.489672 1.696287
v 0.624872 5.497660 1.721603
v 0.554722 5.497660 1.721603
v 0.554722 5.570271 1.721048
v 0.554722 5.614591 1.721048
v 0.554722 5.614591 1.721048
v 0.624872 5.614591 1.721048
v 0.624872 5.570271 1.803049
v 0.624872 5.570271 1.828921
v 0.554722 5.570271 1.828921
v 0.554722 5.570271 1.803049
v 0.624872 5.542214 1.774993
v 0.554722 5.542214 1.774993
v 0.554722 5.525716 1.774993
v 0.624872 5.525716 1.774993
v 0.624872 5.525716 1.749660
v 0.554722 5.525716 1.749660
v 0.554722 5.614591 1.774993
v 0.624872 5.614591 1.774993
v 0.624872 5.614591 1.828921
v 0.554722 5.614591 1.828921
v 0.624872 5.461615 1.668231
v 0.624872 5.470284 1.669603
v 0.554722 5.470284 1.669603
v 0.554722 5.461615 1.668231
v 0.624872 5.478106 1.673589
v 0.554722 5.478106 1.673589
v 0.624872 5.484313 1.679796
v 0.554722 5.484313 1.679796
v 0.624872 5.488298 1.687617
v 0.554722 5.488298 1.687617
v 0.624872 5.506330 1.722977
v 0.554722 5.506330 1.722977
v 0.624872 5.514151 1.726962
v 0.554722 5.514151 1.726962
v 0.624872 5.520358 1.733169
v 0.554722 5.520358 1.733169
v 0.624872 5.524343 1.740990
v 0.554722 5.524343 1.740990
v 0.624872 5.550885 1.776366
v 0.554722 5.550885 1.776366
v 0.624872 5.558706 1.780351
v 0.554722 5.558706 1.780351
v 0.624872 5.564913 1.786558
v 0.554722 5.564913 1.786558
v 0.624872 5.568898 1.794379
v 0.554722 5.568898 1.794379
v 0.079757 5.489672 -1.052964
v 0.079757 5.445549 -1.052964
v 0.079757 5.445549 -1.123115
v 0.079757 5.489672 -1.123115
v 0.079757 5.614591 -1.052964
v 0.079757 5.614591 -1.123115
v 0.009607 5.614591 -1.123115
v 0.009607 5.614591 -1.052964
v 0.079757 5.445549 -1.123115
v 0.079757 5.445549 -1.052964
v 0.009607 5.445549 -1.052964
v 0.009607 5.445549 -1.123115
v 0.009607 5.614591 -1.123115
v 0.009607 5.570271 -1.123115
v -0.043210 5.570271 -1.123115
v -0.043210 5.614591 -1.123115
v 0.079757 5.614591 -1.123115
v 0.079757 5.570271 -1.123115
v 0.079757 5.525716 -1.123115
v 0.009607 5.525716 -1.123115
v 0.079757 5.570271 -1.052964
v 0.079757 5.570271 -1.123115
v 0.079757 5.525716 -1.052964
v 0.079757 5.525716 -1.123115
v 0.009607 5.614591 -1.052964
v 0.009607 5.570271 -1.052964
v 0.079757 5.570271 -1.052964
v 0.079757 5.614591 -1.052964
v 0.009607 5.525716 -1.052964
v 0.079757 5.525716 -1.052964
v -0.018450 5.489672 -1.123115
v -0.018450 5.489672 -1.052964
v -0.043766 5.489672 -1.052964
v -0.043766 5.489672 -1.123115
v -0.043766 5.497660 -1.123115
v -0.043766 5.497660 -1.052964
v -0.043210 5.614591 -1.052964
v -0.043210 5.570271 -1.052964
v -0.043210 5.614591 -1.123115
v -0.043210 5.614591 -1.052964
v -0.125212 5.570271 -1.123115
v -0.125212 5.570271 -1.052964
v -0.151084 5.570271 -1.052964
v -0.151084 5.570271 -1.123115
v -0.097155 5.542215 -1.123115
v -0.097155 5.525716 -1.123115
v -0.097155 5.525716 -1.052964
v -0.097155 5.542215 -1.052964
v -0.071822 5.525716 -1.123115
v -0.071822 5.525716 -1.052964
v -0.097155 5.614591 -1.123115
v -0.097155 5.614591 -1.052964
v -0.151084 5.614591 -1.123115
v -0.151084 5.614591 -1.052964
v 0.009607 5.461616 -1.123115
v 0.009607 5.461616 -1.052964
v 0.008233 5.470285 -1.052964
v 0.008233 5.470285 -1.123115
v 0.004248 5.478106 -1.052964
v 0.004248 5.478107 -1.123115
v -0.001959 5.484314 -1.052964
v -0.001959 5.484314 -1.123115
v -0.009780 5.488299 -1.052964
v -0.009780 5.488299 -1.123115
v -0.045139 5.506330 -1.052964
v -0.045139 5.506330 -1.123115
v -0.049124 5.514151 -1.052964
v -0.049124 5.514151 -1.123115
v -0.055331 5.520358 -1.052964
v -0.055331 5.520358 -1.123115
v -0.063153 5.524343 -1.052964
v -0.063153 5.524343 -1.123115
v -0.098528 5.550885 -1.052964
v -0.098528 5.550885 -1.123115
v -0.102514 5.558706 -1.052964
v -0.102514 5.558706 -1.123115
v -0.108720 5.564913 -1.052964
v -0.108720 5.564913 -1.123115
v -0.116542 5.568898 -1.052964
v -0.116542 5.568898 -1.123115
v 3.275916 5.489672 -1.052965
v 3.275916 5.489672 -1.123116
v 3.275916 5.445549 -1.123116
v 3.275916 5.445549 -1.052965
v 3.275916 5.614591 -1.052965
v 3.346067 5.614591 -1.052965
v 3.346067 5.614591 -1.123116
v 3.275916 5.614591 -1.123116
v 3.275916 5.445549 -1.123116
v 3.346067 5.445549 -1.123116
v 3.346067 5.445549 -1.052965
v 3.275916 5.445549 -1.052965
v 3.346067 5.614591 -1.123116
v 3.398884 5.614591 -1.123116
v 3.398884 5.570271 -1.123116
v 3.346067 5.570271 -1.123116
v 3.275916 5.614591 -1.123116
v 3.275916 5.570271 -1.123116
v 3.346067 5.525716 -1.123116
v 3.275916 5.525716 -1.123116
v 3.275916 5.570271 -1.123116
v 3.275916 5.570271 -1.052965
v 3.275916 5.525716 -1.123116
v 3.275916 5.525716 -1.052965
v 3.346067 5.614591 -1.052965
v 3.275916 5.614591 -1.052965
v 3.275916 5.570271 -1.052965
v 3.346067 5.570271 -1.052965
v 3.275916 5.525716 -1.052965
v 3.346067 5.525716 -1.052965
v 3.374124 5.489672 -1.123116
v 3.399440 5.489672 -1.123116
v 3.399440 5.489672 -1.052965
v 3.374124 5.489672 -1.052965
v 3.399440 5.497660 -1.123116
v 3.399440 5.497660 -1.052965
v 3.398884 5.570271 -1.052965
v 3.398884 5.614591 -1.052965
v 3.398884 5.614591 -1.052965
v 3.398884 5.614591 -1.123116
v 3.480886 5.570271 -1.123116
v 3.506758 5.570271 -1.123116
v 3.506758 5.570271 -1.052965
v 3.480886 5.570271 -1.052965
v 3.452829 5.542215 -1.123116
v 3.452829 5.542215 -1.052965
v 3.452829 5.525716 -1.052965
v 3.452829 5.525716 -1.123116
v 3.427496 5.525716 -1.123116
v 3.427496 5.525716 -1.052965
v 3.452829 5.614591 -1.052965
v 3.452829 5.614591 -1.123116
v 3.506758 5.614591 -1.123116
v 3.506758 5.614591 -1.052965
v 3.346067 5.461616 -1.123116
v 3.347440 5.470285 -1.123116
v 3.347440 5.470285 -1.052965
v 3.346067 5.461616 -1.052965
v 3.351426 5.478107 -1.123116
v 3.351426 5.478107 -1.052965
v 3.357633 5.484314 -1.123116
v 3.357633 5.484314 -1.052965
v 3.365454 5.488299 -1.123116
v 3.365454 5.488299 -1.052965
v 3.400814 5.506330 -1.123116
v 3.400814 5.506330 -1.052965
v 3.404799 5.514151 -1.123116
v 3.404799 5.514151 -1.052965
v 3.411005 5.520358 -1.123116
v 3.411005 5.520358 -1.052965
v 3.418827 5.524343 -1.123116
v 3.418827 5.524343 -1.052965
v 3.454202 5.550885 -1.123116
v 3.454202 5.550885 -1.052965
v 3.458188 5.558706 -1.123116
v 3.458188 5.558706 -1.052965
v 3.464395 5.564913 -1.123116
v 3.464395 5.564913 -1.052965
v 3.472216 5.568898 -1.123116
v 3.472216 5.568898 -1.052965
v 0.079757 5.489672 -0.690284
v 0.079757 5.445548 -0.690284
v 0.079757 5.445548 -0.760435
v 0.079757 5.489671 -0.760435
v 0.079757 5.614591 -0.690284
v 0.079757 5.614591 -0.760435
v 0.009607 5.614591 -0.760435
v 0.009607 5.614591 -0.690284
v 0.079757 5.445548 -0.760435
v 0.079757 5.445548 -0.690284
v 0.009607 5.445548 -0.690284
v 0.009607 5.445548 -0.760435
v 0.009607 5.614591 -0.760435
v 0.009607 5.570271 -0.760435
v -0.043210 5.570271 -0.760435
v -0.043210 5.614591 -0.760435
v 0.079757 5.614591 -0.760435
v 0.079757 5.570271 -0.760435
v 0.079757 5.525715 -0.760435
v 0.009607 5.525715 -0.760435
v 0.079757 5.570271 -0.690284
v 0.079757 5.570271 -0.760435
v 0.079757 5.525716 -0.690284
v 0.079757 5.525715 -0.760435
v 0.009607 5.614591 -0.690284
v 0.009607 5.570272 -0.690284
v 0.079757 5.570271 -0.690284
v 0.079757 5.614591 -0.690284
v 0.009607 5.525716 -0.690284
v 0.079757 5.525716 -0.690284
v -0.018450 5.489671 -0.760435
v -0.018450 5.489672 -0.690284
v -0.043766 5.489672 -0.690284
v -0.043766 5.489671 -0.760435
v -0.043766 5.497659 -0.760435
v -0.043766 5.497660 -0.690284
v -0.043210 5.614591 -0.690284
v -0.043210 5.570271 -0.690284
v -0.043210 5.614591 -0.760435
v -0.043210 5.614591 -0.690284
v -0.125212 5.570271 -0.760435
v -0.125212 5.570272 -0.690284
v -0.151084 5.570271 -0.690284
v -0.151084 5.570271 -0.760435
v -0.097155 5.542215 -0.760435
v -0.097155 5.525715 -0.760435
v -0.097155 5.525716 -0.690284
v -0.097155 5.542215 -0.690284
v -0.071822 5.525715 -0.760435
v -0.071822 5.525716 -0.690284
v -0.097155 5.614591 -0.760435
v -0.097155 5.614591 -0.690284
v -0.151084 5.614591 -0.760435
v -0.151084 5.614591 -0.690284
v 0.009607 5.461615 -0.760435
v 0.009607 5.461616 -0.690284
v 0.008233 5.470286 -0.690284
v 0.008233 5.470285 -0.760435
v 0.004248 5.478107 -0.690284
v 0.004248 5.478106 -0.760435
v -0.001959 5.484314 -0.690284
v -0.001959 5.484313 -0.760435
v -0.009780 5.488299 -0.690284
v -0.009780 5.488299 -0.760435
v -0.045139 5.506330 -0.690284
v -0.045139 5.506329 -0.760435
v -0.049124 5.514151 -0.690284
v -0.049124 5.514150 -0.760435
v -0.055331 5.520359 -0.690284
v -0.055331 5.520358 -0.760435
v -0.063153 5.524343 -0.690284
v -0.063153 5.524343 -0.760435
v -0.098528 5.550885 -0.690284
v -0.098528 5.550885 -0.760435
v -0.102514 5.558706 -0.690284
v -0.102514 5.558706 -0.760435
v -0.108720 5.564913 -0.690284
v -0.108720 5.564912 -0.760435
v -0.116542 5.568898 -0.690284
v -0.116542 5.568898 -0.760435
v 3.275916 5.489672 -0.690285
v 3.275916 5.489672 -0.760435
v 3.275916 5.445548 -0.760435
v 3.275916 5.445548 -0.690285
v 3.275916 5.614591 -0.690285
v 3.346067 5.614591 -0.690285
v 3.346067 5.614591 -0.760435
v 3.275916 5.614591 -0.760435
v 3.275916 5.445548 -0.760435
v 3.346067 5.445548 -0.760435
v 3.346067 5.445548 -0.690285
v 3.275916 5.445548 -0.690285
v 3.346067 5.614591 -0.760435
v 3.398884 5.614591 -0.760435
v 3.398884 5.570271 -0.760435
v 3.346067 5.570271 -0.760435
v 3.275916 5.614591 -0.760435
v 3.275916 5.570271 -0.760435
v 3.346067 5.525716 -0.760435
v 3.275916 5.525716 -0.760435
v 3.275916 5.570271 -0.760435
v 3.275916 5.570271 -0.690285
v 3.275916 5.525716 -0.760435
v 3.275916 5.525716 -0.690285
v 3.346067 5.614591 -0.690285
v 3.275916 5.614591 -0.690285
v 3.275916 5.570271 -0.690285
v 3.346067 5.570271 -0.690285
v 3.275916 5.525716 -0.690285
v 3.346067 5.525716 -0.690285
v 3.374124 5.489672 -0.760435
v 3.399440 5.489672 -0.760435
v 3.399440 5.489672 -0.690285
v 3.374124 5.489672 -0.690285
v 3.399440 5.497660 -0.760435
v 3.399440 5.497660 -0.690285
v 3.398884 5.570271 -0.690285
v 3.398884 5.614591 -0.690285
v 3.398884 5.614591 -0.690285
v 3.398884 5.614591 -0.760435
v 3.480886 5.570271 -0.760435
v 3.506758 5.570271 -0.760435
v 3.506758 5.570271 -0.690285
v 3.480886 5.570271 -0.690285
v 3.452829 5.542215 -0.760435
v 3.452829 5.542215 -0.690285
v 3.452829 5.525716 -0.690285
v 3.452829 5.525716 -0.760435
v 3.427496 5.525716 -0.760435
v 3.427496 5.525716 -0.690285
v 3.452829 5.614591 -0.690285
v 3.452829 5.614591 -0.760435
v 3.506758 5.614591 -0.760435
v 3.506758 5.614591 -0.690285
v 3.346067 5.461616 -0.760435
v 3.347440 5.470285 -0.760435
v 3.347440 5.470285 -0.690285
v 3.346067 5.461616 -0.690285
v 3.351426 5.478106 -0.760435
v 3.351426 5.478106 -0.690285
v 3.357633 5.484314 -0.760435
v 3.357632 5.484314 -0.690285
v 3.365454 5.488299 -0.760435
v 3.365454 5.488299 -0.690285
v 3.400814 5.506330 -0.760435
v 3.400813 5.506330 -0.690285
v 3.404799 5.514151 -0.760435
v 3.404798 5.514151 -0.690285
v 3.411005 5.520358 -0.760435
v 3.411005 5.520358 -0.690285
v 3.418827 5.524343 -0.760435
v 3.418827 5.524343 -0.690285
v 3.454202 5.550885 -0.760435
v 3.454202 5.550885 -0.690285
v 3.458188 5.558706 -0.760435
v 3.458188 5.558706 -0.690285
v 3.464395 5.564913 -0.760435
v 3.464394 5.564913 -0.690285
v 3.472216 5.568898 -0.760435
v 3.472216 5.568898 -0.690285
v 0.079758 5.489672 -0.327604
v 0.079758 5.445548 -0.327604
v 0.079758 5.445548 -0.397755
v 0.079758 5.489672 -0.397755
v 0.079758 5.614591 -0.327604
v 0.079758 5.614591 -0.397755
v 0.009607 5.614591 -0.397755
v 0.009607 5.614591 -0.327604
v 0.079758 5.445548 -0.397755
v 0.079758 5.445548 -0.327604
v 0.009607 5.445548 -0.327604
v 0.009607 5.445548 -0.397755
v 0.009607 5.614591 -0.397755
v 0.009607 5.570271 -0.397755
v -0.043210 5.570271 -0.397755
v -0.043210 5.614591 -0.397755
v 0.079758 5.614591 -0.397755
v 0.079758 5.570271 -0.397755
v 0.079758 5.525716 -0.397755
v 0.009607 5.525716 -0.397755
v 0.079758 5.570271 -0.327604
v 0.079758 5.570271 -0.397755
v 0.079758 5.525716 -0.327604
v 0.079758 5.525716 -0.397755
v 0.009607 5.614591 -0.327604
v 0.009607 5.570271 -0.327604
v 0.079758 5.570271 -0.327604
v 0.079758 5.614591 -0.327604
v 0.009607 5.525716 -0.327604
v 0.079758 5.525716 -0.327604
v -0.018450 5.489672 -0.397755
v -0.018450 5.489672 -0.327604
v -0.043766 5.489672 -0.327604
v -0.043766 5.489672 -0.397755
v -0.043766 5.497659 -0.397755
v -0.043766 5.497659 -0.327604
v -0.043210 5.614591 -0.327604
v -0.043210 5.570271 -0.327604
v -0.043210 5.614591 -0.397755
v -0.043210 5.614591 -0.327604
v -0.125212 5.570271 -0.397755
v -0.125212 5.570271 -0.327604
v -0.151083 5.570271 -0.327604
v -0.151083 5.570271 -0.397755
v -0.097155 5.542215 -0.397755
v -0.097155 5.525716 -0.397755
v -0.097155 5.525716 -0.327604
v -0.097155 5.542215 -0.327604
v -0.071822 5.525716 -0.397755
v -0.071822 5.525716 -0.327604
v -0.097155 5.614591 -0.397755
v -0.097155 5.614591 -0.327604
v -0.151083 5.614591 -0.397755
v -0.151083 5.614591 -0.327604
v 0.009607 5.461615 -0.397755
v 0.009607 5.461615 -0.327604
v 0.008234 5.470285 -0.327604
v 0.008234 5.470285 -0.397755
v 0.004249 5.478106 -0.327604
v 0.004249 5.478106 -0.397755
v -0.001959 5.484313 -0.327604
v -0.001959 5.484313 -0.397755
v -0.009780 5.488299 -0.327604
v -0.009780 5.488299 -0.397755
v -0.045139 5.506329 -0.327604
v -0.045139 5.506330 -0.397755
v -0.049124 5.514151 -0.327604
v -0.049124 5.514151 -0.397755
v -0.055331 5.520358 -0.327604
v -0.055331 5.520358 -0.397755
v -0.063152 5.524343 -0.327604
v -0.063152 5.524343 -0.397755
v -0.098528 5.550885 -0.327604
v -0.098528 5.550885 -0.397755
v -0.102513 5.558706 -0.327604
v -0.102513 5.558706 -0.397755
v -0.108720 5.564913 -0.327604
v -0.108720 5.564913 -0.397755
v -0.116542 5.568898 -0.327604
v -0.116542 5.568898 -0.397755
v 3.275916 5.489672 -0.327605
v 3.275916 5.489672 -0.397756
v 3.275916 5.445548 -0.397756
v 3.275916 5.445548 -0.327605
v 3.275916 5.614591 -0.327605
v 3.346067 5.614591 -0.327605
v 3.346067 5.614591 -0.397755
v 3.275916 5.614591 -0.397755
v 3.275916 5.445548 -0.397756
v 3.346067 5.445548 -0.397756
v 3.346067 5.445548 -0.327605
v 3.275916 5.445548 -0.327605
v 3.346067 5.614591 -0.397755
v 3.398885 5.614591 -0.397755
v 3.398885 5.570271 -0.397755
v 3.346067 5.570271 -0.397755
v 3.275916 5.614591 -0.397755
v 3.275916 5.570271 -0.397755
v 3.346067 5.525716 -0.397755
v 3.275916 5.525716 -0.397755
v 3.275916 5.570271 -0.397755
v 3.275916 5.570271 -0.327605
v 3.275916 5.525716 -0.397755
v 3.275916 5.525716 -0.327605
v 3.346067 5.614591 -0.327605
v 3.275916 5.614591 -0.327605
v 3.275916 5.570271 -0.327605
v 3.346067 5.570271 -0.327605
v 3.275916 5.525716 -0.327605
v 3.346067 5.525716 -0.327605
v 3.374124 5.489672 -0.397756
v 3.399440 5.489672 -0.397756
v 3.399440 5.489672 -0.327605
v 3.374124 5.489672 -0.327605
v 3.399440 5.497659 -0.397755
v 3.399440 5.497659 -0.327605
v 3.398885 5.570271 -0.327605
v 3.398885 5.614591 -0.327605
v 3.398885 5.614591 -0.327605
v 3.398885 5.614591 -0.397755
v 3.480886 5.570271 -0.397755
v 3.506758 5.570271 -0.397755
v 3.506758 5.570271 -0.327605
v 3.480886 5.570271 -0.327605
v 3.452829 5.542215 -0.397755
v 3.452829 5.542215 -0.327605
v 3.452829 5.525716 -0.327605
v 3.452829 5.525716 -0.397755
v 3.427497 5.525716 -0.397755
v 3.427497 5.525716 -0.327605
v 3.452829 5.614591 -0.327605
v 3.452829 5.614591 -0.397755
v 3.506758 5.614591 -0.397755
v 3.506758 5.614591 -0.327605
v 3.346067 5.461615 -0.397756
v 3.347440 5.470285 -0.397756
v 3.347440 5.470285 -0.327605
v 3.346067 5.461615 -0.327605
v 3.351426 5.478106 -0.397756
v 3.351426 5.478106 -0.327605
v 3.357633 5.484313 -0.397756
v 3.357633 5.484313 -0.327605
v 3.365454 5.488299 -0.397756
v 3.365454 5.488299 -0.327605
v 3.400814 5.506330 -0.397755
v 3.400814 5.506330 -0.327605
v 3.404799 5.514151 -0.397755
v 3.404799 5.514151 -0.327605
v 3.411006 5.520358 -0.397755
v 3.411006 5.520358 -0.327605
v 3.418827 5.524343 -0.397755
v 3.418827 5.524343 -0.327605
v 3.454202 5.550885 -0.397755
v 3.454202 5.550885 -0.327605
v 3.458188 5.558706 -0.397755
v 3.458188 5.558706 -0.327605
v 3.464395 5.564913 -0.397755
v 3.464395 5.564913 -0.327605
v 3.472216 5.568898 -0.397755
v 3.472216 5.568898 -0.327605
v 0.079758 5.489672 0.035075
v 0.079758 5.445548 0.035075
v 0.079758 5.445548 -0.035076
v 0.079758 5.489672 -0.035076
v 0.079758 5.614591 0.035076
v 0.079758 5.614591 -0.035075
v 0.009607 5.614591 -0.035075
v 0.009607 5.614591 0.035076
v 0.079758 5.445548 -0.035076
v 0.079758 5.445548 0.035075
v 0.009607 5.445548 0.035075
v 0.009607 5.445548 -0.035076
v 0.009607 5.614591 -0.035075
v 0.009607 5.570271 -0.035076
v -0.043210 5.570271 -0.035076
v -0.043210 5.614591 -0.035075
v 0.079758 5.614591 -0.035075
v 0.079758 5.570271 -0.035076
v 0.079758 5.525716 -0.035076
v 0.009607 5.525716 -0.035076
v 0.079758 5.570271 0.035075
v 0.079758 5.570271 -0.035076
v 0.079758 5.525716 0.035075
v 0.079758 5.525716 -0.035076
v 0.009607 5.614591 0.035076
v 0.009607 5.570271 0.035075
v 0.079758 5.570271 0.035075
v 0.079758 5.614591 0.035076
v 0.009607 5.525716 0.035075
v 0.079758 5.525716 0.035075
v -0.018450 5.489672 -0.035076
v -0.018450 5.489672 0.035075
v -0.043766 5.489672 0.035075
v -0.043766 5.489672 -0.035076
v -0.043766 5.497659 -0.035076
v -0.043766 5.497659 0.035075
v -0.043210 5.614591 0.035076
v -0.043210 5.570271 0.035075
v -0.043210 5.614591 -0.035075
v -0.043210 5.614591 0.035076
v -0.125212 5.570271 -0.035076
v -0.125212 5.570271 0.035075
v -0.151083 5.570271 0.035075
v -0.151083 5.570271 -0.035076
v -0.097155 5.542214 -0.035076
v -0.097155 5.525716 -0.035076
v -0.097155 5.525716 0.035075
v -0.097155 5.542214 0.035075
v -0.071822 5.525716 -0.035076
v -0.071822 5.525716 0.035075
v -0.097155 5.614591 -0.035075
v -0.097155 5.614591 0.035076
v -0.151083 5.614591 -0.035075
v -0.151083 5.614591 0.035076
v 0.009607 5.461615 -0.035076
v 0.009607 5.461615 0.035075
v 0.008234 5.470285 0.035075
v 0.008234 5.470285 -0.035076
v 0.004249 5.478106 0.035075
v 0.004249 5.478106 -0.035076
v -0.001959 5.484313 0.035075
v -0.001959 5.484313 -0.035076
v -0.009780 5.488299 0.035075
v -0.009780 5.488299 -0.035076
v -0.045139 5.506329 0.035075
v -0.045139 5.506329 -0.035076
v -0.049124 5.514151 0.035075
v -0.049124 5.514151 -0.035076
v -0.055331 5.520358 0.035075
v -0.055331 5.520358 -0.035076
v -0.063152 5.524343 0.035075
v -0.063152 5.524343 -0.035076
v -0.098528 5.550884 0.035076
v -0.098528 5.550884 -0.035075
v -0.102513 5.558706 0.035075
v -0.102513 5.558706 -0.035076
v -0.108720 5.564912 0.035075
v -0.108720 5.564912 -0.035076
v -0.116542 5.568898 0.035075
v -0.116542 5.568898 -0.035076
v 3.275916 5.489672 0.035075
v 3.275916 5.489672 -0.035076
v 3.275916 5.445548 -0.035076
v 3.275916 5.445548 0.035075
v 3.275916 5.614591 0.035075
v 3.346067 5.614591 0.035075
v 3.346067 5.614591 -0.035076
v 3.275916 5.614591 -0.035076
v 3.275916 5.445548 -0.035076
v 3.346067 5.445548 -0.035076
v 3.346067 5.445548 0.035075
v 3.275916 5.445548 0.035075
v 3.346067 5.614591 -0.035076
v 3.398885 5.614591 -0.035076
v 3.398885 5.570271 -0.035076
v 3.346067 5.570271 -0.035076
v 3.275916 5.614591 -0.035076
v 3.275916 5.570271 -0.035076
v 3.346067 5.525716 -0.035076
v 3.275916 5.525716 -0.035076
v 3.275916 5.570271 -0.035076
v 3.275916 5.570271 0.035075
v 3.275916 5.525716 -0.035076
v 3.275916 5.525716 0.035075
v 3.346067 5.614591 0.035075
v 3.275916 5.614591 0.035075
v 3.275916 5.570271 0.035075
v 3.346067 5.570271 0.035075
v 3.275916 5.525716 0.035075
v 3.346067 5.525716 0.035075
v 3.374124 5.489672 -0.035076
v 3.399440 5.489672 -0.035076
v 3.399440 5.489672 0.035075
v 3.374124 5.489672 0.035075
v 3.399440 5.497659 -0.035076
v 3.399440 5.497659 0.035075
v 3.398885 5.570271 0.035075
v 3.398885 5.614591 0.035075
v 3.398885 5.614591 0.035075
v 3.398885 5.614591 -0.035076
v 3.480886 5.570271 -0.035076
v 3.506758 5.570271 -0.035076
v 3.506758 5.570271 0.035075
v 3.480886 5.570271 0.035075
v 3.452829 5.542214 -0.035076
v 3.452829 5.542214 0.035075
v 3.452829 5.525716 0.035075
v 3.452829 5.525716 -0.035076
v 3.427497 5.525716 -0.035076
v 3.427497 5.525716 0.035075
v 3.452829 5.614591 0.035075
v 3.452829 5.614591 -0.035076
v 3.506758 5.614591 -0.035076
v 3.506758 5.614591 0.035075
v 3.346067 5.461615 -0.035076
v 3.347440 5.470285 -0.035076
v 3.347440 5.470285 0.035075
v 3.346067 5.461615 0.035075
v 3.351426 5.478106 -0.035076
v 3.351426 5.478106 0.035075
v 3.357633 5.484313 -0.035076
v 3.357633 5.484313 0.035075
v 3.365454 5.488299 -0.035076
v 3.365454 5.488299 0.035075
v 3.400814 5.506329 -0.035076
v 3.400814 5.506329 0.035075
v 3.404799 5.514151 -0.035076
v 3.404799 5.514151 0.035075
v 3.411006 5.520358 -0.035076
v 3.411006 5.520358 0.035075
v 3.418827 5.524343 -0.035076
v 3.418827 5.524343 0.035075
v 3.454202 5.550885 -0.035076
v 3.454202 5.550884 0.035075
v 3.458188 5.558706 -0.035076
v 3.458188 5.558706 0.035075
v 3.464395 5.564912 -0.035076
v 3.464395 5.564912 0.035075
v 3.472216 5.568898 -0.035076
v 3.472216 5.568898 0.035075
v 0.079758 5.489672 0.397755
v 0.079758 5.445548 0.397755
v 0.079758 5.445548 0.327605
v 0.079758 5.489672 0.327605
v 0.079758 5.614591 0.397755
v 0.079758 5.614591 0.327605
v 0.009607 5.614591 0.327605
v 0.009607 5.614591 0.397755
v 0.079758 5.445548 0.327605
v 0.079758 5.445548 0.397755
v 0.009607 5.445548 0.397755
v 0.009607 5.445548 0.327605
v 0.009607 5.614591 0.327605
v 0.009607 5.570271 0.327605
v -0.043210 5.570271 0.327605
v -0.043210 5.614591 0.327605
v 0.079758 5.614591 0.327605
v 0.079758 5.570271 0.327605
v 0.079758 5.525716 0.327605
v 0.009607 5.525716 0.327605
v 0.079758 5.570271 0.397755
v 0.079758 5.570271 0.327605
v 0.079758 5.525716 0.397755
v 0.079758 5.525716 0.327605
v 0.009607 5.614591 0.397755
v 0.009607 5.570271 0.397755
v 0.079758 5.570271 0.397755
v 0.079758 5.614591 0.397755
v 0.009607 5.525716 0.397755
v 0.079758 5.525716 0.397755
v -0.018450 5.489672 0.327605
v -0.018450 5.489672 0.397755
v -0.043766 5.489672 0.397755
v -0.043766 5.489672 0.327605
v -0.043766 5.497659 0.327605
v -0.043766 5.497659 0.397755
v -0.043210 5.614591 0.397755
v -0.043210 5.570271 0.397755
v -0.043210 5.614591 0.327605
v -0.043210 5.614591 0.397755
v -0.125212 5.570271 0.327605
v -0.125212 5.570271 0.397755
v -0.151083 5.570271 0.397755
v -0.151083 5.570271 0.327605
v -0.097155 5.542214 0.327605
v -0.097155 5.525716 0.327605
v -0.097155 5.525716 0.397755
v -0.097155 5.542214 0.397755
v -0.071822 5.525716 0.327605
v -0.071822 5.525716 0.397755
v -0.097155 5.614591 0.327605
v -0.097155 5.614591 0.397755
v -0.151083 5.614591 0.327605
v -0.151083 5.614591 0.397755
v 0.009607 5.461615 0.327605
v 0.009607 5.461615 0.397755
v 0.008234 5.470285 0.397755
v 0.008234 5.470285 0.327605
v 0.004249 5.478106 0.397755
v 0.004249 5.478106 0.327605
v -0.001959 5.484313 0.397755
v -0.001959 5.484313 0.327605
v -0.009780 5.488298 0.397755
v -0.009780 5.488298 0.327605
v -0.045139 5.506329 0.397755
v -0.045139 5.506329 0.327605
v -0.049124 5.514150 0.397755
v -0.049124 5.514150 0.327605
v -0.055331 5.520358 0.397755
v -0.055331 5.520358 0.327605
v -0.063152 5.524343 0.397755
v -0.063152 5.524343 0.327605
v -0.098528 5.550884 0.397755
v -0.098528 5.550884 0.327605
v -0.102513 5.558705 0.397755
v -0.102513 5.558706 0.327605
v -0.108720 5.564912 0.397755
v -0.108720 5.564912 0.327605
v -0.116542 5.568897 0.397755
v -0.116542 5.568898 0.327605
v 3.275916 5.489672 0.397755
v 3.275916 5.489672 0.327604
v 3.275916 5.445548 0.327604
v 3.275916 5.445548 0.397755
v 3.275916 5.614591 0.397755
v 3.346067 5.614591 0.397755
v 3.346067 5.614591 0.327604
v 3.275916 5.614591 0.327604
v 3.275916 5.445548 0.327604
v 3.346067 5.445548 0.327604
v 3.346067 5.445548 0.397755
v 3.275916 5.445548 0.397755
v 3.346067 5.614591 0.327604
v 3.398885 5.614591 0.327604
v 3.398885 5.570271 0.327604
v 3.346067 5.570271 0.327604
v 3.275916 5.614591 0.327604
v 3.275916 5.570271 0.327604
v 3.346067 5.525716 0.327604
v 3.275916 5.525716 0.327604
v 3.275916 5.570271 0.327604
v 3.275916 5.570271 0.397755
v 3.275916 5.525716 0.327604
v 3.275916 5.525716 0.397755
v 3.346067 5.614591 0.397755
v 3.275916 5.614591 0.397755
v 3.275916 5.570271 0.397755
v 3.346067 5.570271 0.397755
v 3.275916 5.525716 0.397755
v 3.346067 5.525716 0.397755
v 3.374124 5.489672 0.327604
v 3.399440 5.489672 0.327604
v 3.399440 5.489672 0.397755
v 3.374124 5.489672 0.397755
v 3.399440 5.497659 0.327604
v 3.399440 5.497659 0.397755
v 3.398885 5.570271 0.397755
v 3.398885 5.614591 0.397755
v 3.398885 5.614591 0.397755
v 3.398885 5.614591 0.327604
v 3.480886 5.570271 0.327604
v 3.506758 5.570271 0.327604
v 3.506758 5.570271 0.397755
v 3.480886 5.570271 0.397755
v 3.452829 5.542214 0.327604
v 3.452829 5.542214 0.397755
v 3.452829 5.525716 0.397755
v 3.452829 5.525716 0.327604
v 3.427497 5.525716 0.327604
v 3.427497 5.525716 0.397755
v 3.452829 5.614591 0.397755
v 3.452829 5.614591 0.327604
v 3.506758 5.614591 0.327604
v 3.506758 5.614591 0.397755
v 3.346067 5.461615 0.327604
v 3.347440 5.470285 0.327604
v 3.347440 5.470285 0.397755
v 3.346067 5.461615 0.397755
v 3.351426 5.478106 0.327604
v 3.351426 5.478106 0.397755
v 3.357633 5.484313 0.327604
v 3.357633 5.484313 0.397755
v 3.365454 5.488298 0.327604
v 3.365454 5.488298 0.397755
v 3.400814 5.506329 0.327604
v 3.400814 5.506329 0.397755
v 3.404799 5.514150 0.327604
v 3.404799 5.514150 0.397755
v 3.411006 5.520358 0.327604
v 3.411006 5.520358 0.397755
v 3.418827 5.524343 0.327604
v 3.418827 5.524343 0.397755
v 3.454202 5.550884 0.327604
v 3.454202 5.550884 0.397755
v 3.458188 5.558706 0.327604
v 3.458188 5.558706 0.397755
v 3.464395 5.564912 0.327604
v 3.464395 5.564912 0.397755
v 3.472216 5.568898 0.327604
v 3.472216 5.568898 0.397755
v 0.079758 5.489672 0.760435
v 0.079758 5.445548 0.760435
v 0.079758 5.445548 0.690284
v 0.079758 5.489672 0.690284
v 0.079758 5.614591 0.760435
v 0.079758 5.614591 0.690285
v 0.009607 5.614591 0.690285
v 0.009607 5.614591 0.760435
v 0.079758 5.445548 0.690284
v 0.079758 5.445548 0.760435
v 0.009607 5.445548 0.760435
v 0.009607 5.445548 0.690284
v 0.009607 5.614591 0.690285
v 0.009607 5.570271 0.690285
v -0.043210 5.570271 0.690285
v -0.043210 5.614591 0.690285
v 0.079758 5.614591 0.690285
v 0.079758 5.570271 0.690284
v 0.079758 5.525716 0.690284
v 0.009607 5.525716 0.690285
v 0.079758 5.570271 0.760435
v 0.079758 5.570271 0.690284
v 0.079758 5.525716 0.760435
v 0.079758 5.525716 0.690284
v 0.009607 5.614591 0.760435
v 0.009607 5.570271 0.760435
v 0.079758 5.570271 0.760435
v 0.079758 5.614591 0.760435
v 0.009607 5.525716 0.760435
v 0.079758 5.525716 0.760435
v -0.018449 5.489672 0.690285
v -0.018449 5.489672 0.760435
v -0.043766 5.489672 0.760435
v -0.043766 5.489672 0.690285
v -0.043766 5.497659 0.690285
v -0.043766 5.497659 0.760435
v -0.043210 5.614591 0.760435
v -0.043210 5.570271 0.760435
v -0.043210 5.614591 0.690285
v -0.043210 5.614591 0.760435
v -0.125211 5.570271 0.690285
v -0.125211 5.570271 0.760435
v -0.151083 5.570271 0.760435
v -0.151083 5.570271 0.690285
v -0.097155 5.542214 0.690285
v -0.097155 5.525716 0.690285
v -0.097155 5.525716 0.760435
v -0.097155 5.542214 0.760435
v -0.071822 5.525716 0.690285
v -0.071822 5.525716 0.760435
v -0.097155 5.614591 0.690285
v -0.097155 5.614591 0.760435
v -0.151083 5.614591 0.690285
v -0.151083 5.614591 0.760435
v 0.009607 5.461615 0.690285
v 0.009607 5.461615 0.760435
v 0.008234 5.470285 0.760435
v 0.008234 5.470285 0.690285
v 0.004249 5.478106 0.760435
v 0.004249 5.478106 0.690285
v -0.001958 5.484313 0.760435
v -0.001958 5.484313 0.690285
v -0.009780 5.488298 0.760435
v -0.009780 5.488298 0.690285
v -0.045139 5.506329 0.760435
v -0.045139 5.506329 0.690285
v -0.049124 5.514150 0.760435
v -0.049124 5.514150 0.690285
v -0.055331 5.520357 0.760435
v -0.055331 5.520357 0.690285
v -0.063152 5.524343 0.760435
v -0.063152 5.524343 0.690285
v -0.098528 5.550884 0.760435
v -0.098528 5.550884 0.690285
v -0.102513 5.558705 0.760435
v -0.102513 5.558705 0.690285
v -0.108720 5.564912 0.760435
v -0.108720 5.564912 0.690285
v -0.116542 5.568897 0.760435
v -0.116542 5.568897 0.690285
v 3.275916 5.489672 0.760435
v 3.275916 5.489672 0.690284
v 3.275916 5.445548 0.690284
v 3.275916 5.445548 0.760435
v 3.275916 5.614591 0.760435
v 3.346067 5.614591 0.760435
v 3.346067 5.614591 0.690284
v 3.275916 5.614591 0.690284
v 3.275916 5.445548 0.690284
v 3.346067 5.445548 0.690284
v 3.346067 5.445548 0.760435
v 3.275916 5.445548 0.760435
v 3.346067 5.614591 0.690284
v 3.398885 5.614591 0.690284
v 3.398885 5.570271 0.690284
v 3.346067 5.570271 0.690284
v 3.275916 5.614591 0.690284
v 3.275916 5.570271 0.690284
v 3.346067 5.525716 0.690284
v 3.275916 5.525716 0.690284
v 3.275916 5.570271 0.690284
v 3.275916 5.570271 0.760435
v 3.275916 5.525716 0.690284
v 3.275916 5.525716 0.760435
v 3.346067 5.614591 0.760435
v 3.275916 5.614591 0.760435
v 3.275916 5.570271 0.760435
v 3.346067 5.570271 0.760435
v 3.275916 5.525716 0.760435
v 3.346067 5.525716 0.760435
v 3.374124 5.489672 0.690284
v 3.399441 5.489672 0.690284
v 3.399441 5.489672 0.760435
v 3.374124 5.489672 0.760435
v 3.399441 5.497659 0.690284
v 3.399441 5.497659 0.760435
v 3.398885 5.570271 0.760435
v 3.398885 5.614591 0.760435
v 3.398885 5.614591 0.760435
v 3.398885 5.614591 0.690284
v 3.480886 5.570271 0.690284
v 3.506758 5.570271 0.690284
v 3.506758 5.570271 0.760435
v 3.480886 5.570271 0.760435
v 3.452829 5.542214 0.690284
v 3.452829 5.542214 0.760435
v 3.452829 5.525716 0.760435
v 3.452829 5.525716 0.690284
v 3.427497 5.525716 0.690284
v 3.427497 5.525716 0.760435
v 3.452829 5.614591 0.760435
v 3.452829 5.614591 0.690284
v 3.506758 5.614591 0.690284
v 3.506758 5.614591 0.760435
v 3.346067 5.461615 0.690284
v 3.347441 5.470285 0.690284
v 3.347441 5.470285 0.760435
v 3.346067 5.461615 0.760435
v 3.351426 5.478106 0.690284
v 3.351426 5.478106 0.760435
v 3.357633 5.484313 0.690284
v 3.357633 5.484313 0.760435
v 3.365454 5.488298 0.690284
v 3.365454 5.488298 0.760435
v 3.400814 5.506329 0.690284
v 3.400814 5.506329 0.760435
v 3.404799 5.514150 0.690284
v 3.404799 5.514150 0.760435
v 3.411006 5.520357 0.690284
v 3.411006 5.520357 0.760435
v 3.418827 5.524343 0.690284
v 3.418827 5.524343 0.760435
v 3.454203 5.550884 0.690284
v 3.454203 5.550884 0.760435
v 3.458188 5.558705 0.690284
v 3.458188 5.558705 0.760435
v 3.464395 5.564912 0.690284
v 3.464395 5.564912 0.760435
v 3.472216 5.568897 0.690284
v 3.472216 5.568897 0.760435
v 0.079758 5.489671 1.123115
v 0.079758 5.445548 1.123115
v 0.079758 5.445549 1.052964
v 0.079758 5.489672 1.052964
v 0.079758 5.614591 1.123115
v 0.079758 5.614591 1.052964
v 0.009607 5.614591 1.052964
v 0.009607 5.614591 1.123115
v 0.079758 5.445549 1.052964
v 0.079758 5.445548 1.123115
v 0.009607 5.445548 1.123115
v 0.009607 5.445549 1.052964
v 0.009607 5.614591 1.052964
v 0.009607 5.570271 1.052964
v -0.043210 5.570271 1.052964
v -0.043210 5.614591 1.052964
v 0.079758 5.614591 1.052964
v 0.079758 5.570271 1.052964
v 0.079758 5.525716 1.052964
v 0.009607 5.525716 1.052964
v 0.079758 5.570270 1.123115
v 0.079758 5.570271 1.052964
v 0.079758 5.525715 1.123115
v 0.079758 5.525716 1.052964
v 0.009607 5.614591 1.123115
v 0.009607 5.570270 1.123115
v 0.079758 5.570270 1.123115
v 0.079758 5.614591 1.123115
v 0.009607 5.525715 1.123115
v 0.079758 5.525715 1.123115
v -0.018449 5.489672 1.052964
v -0.018449 5.489671 1.123115
v -0.043766 5.489671 1.123115
v -0.043766 5.489672 1.052964
v -0.043766 5.497659 1.052964
v -0.043766 5.497659 1.123115
v -0.043210 5.614591 1.123115
v -0.043210 5.570270 1.123115
v -0.043210 5.614591 1.052964
v -0.043210 5.614591 1.123115
v -0.125211 5.570271 1.052964
v -0.125211 5.570270 1.123115
v -0.151083 5.570270 1.123115
v -0.151083 5.570271 1.052964
v -0.097155 5.542214 1.052964
v -0.097155 5.525716 1.052964
v -0.097155 5.525715 1.123115
v -0.097155 5.542214 1.123115
v -0.071822 5.525716 1.052964
v -0.071822 5.525715 1.123115
v -0.097155 5.614591 1.052964
v -0.097155 5.614591 1.123115
v -0.151083 5.614591 1.052964
v -0.151083 5.614591 1.123115
v 0.009607 5.461615 1.052964
v 0.009607 5.461614 1.123115
v 0.008234 5.470284 1.123115
v 0.008234 5.470285 1.052964
v 0.004249 5.478106 1.123115
v 0.004249 5.478106 1.052964
v -0.001958 5.484313 1.123115
v -0.001958 5.484313 1.052964
v -0.009780 5.488298 1.123115
v -0.009780 5.488299 1.052964
v -0.045139 5.506329 1.123115
v -0.045139 5.506329 1.052964
v -0.049124 5.514150 1.123115
v -0.049124 5.514150 1.052964
v -0.055331 5.520357 1.123115
v -0.055331 5.520358 1.052964
v -0.063152 5.524342 1.123115
v -0.063152 5.524343 1.052964
v -0.098528 5.550884 1.123115
v -0.098528 5.550885 1.052964
v -0.102513 5.558705 1.123115
v -0.102513 5.558706 1.052964
v -0.108720 5.564913 1.123115
v -0.108720 5.564912 1.052964
v -0.116542 5.568897 1.123115
v -0.116542 5.568898 1.052964
v 3.275916 5.489671 1.123115
v 3.275916 5.489672 1.052964
v 3.275916 5.445549 1.052964
v 3.275916 5.445548 1.123115
v 3.275916 5.614591 1.123115
v 3.346067 5.614591 1.123115
v 3.346067 5.614591 1.052964
v 3.275916 5.614591 1.052964
v 3.275916 5.445549 1.052964
v 3.346067 5.445549 1.052964
v 3.346067 5.445548 1.123115
v 3.275916 5.445548 1.123115
v 3.346067 5.614591 1.052964
v 3.398885 5.614591 1.052964
v 3.398885 5.570271 1.052964
v 3.346067 5.570271 1.052964
v 3.275916 5.614591 1.052964
v 3.275916 5.570271 1.052964
v 3.346067 5.525716 1.052964
v 3.275916 5.525716 1.052964
v 3.275916 5.570271 1.052964
v 3.275916 5.570270 1.123115
v 3.275916 5.525716 1.052964
v 3.275916 5.525715 1.123115
v 3.346067 5.614591 1.123115
v 3.275916 5.614591 1.123115
v 3.275916 5.570270 1.123115
v 3.346067 5.570270 1.123115
v 3.275916 5.525715 1.123115
v 3.346067 5.525715 1.123115
v 3.374124 5.489672 1.052964
v 3.399441 5.489672 1.052964
v 3.399441 5.489671 1.123115
v 3.374124 5.489671 1.123115
v 3.399441 5.497659 1.052964
v 3.399441 5.497659 1.123115
v 3.398885 5.570270 1.123115
v 3.398885 5.614591 1.123115
v 3.398885 5.614591 1.123115
v 3.398885 5.614591 1.052964
v 3.480886 5.570271 1.052964
v 3.506758 5.570271 1.052964
v 3.506758 5.570270 1.123115
v 3.480886 5.570270 1.123115
v 3.452829 5.542214 1.052964
v 3.452829 5.542214 1.123115
v 3.452829 5.525715 1.123115
v 3.452829 5.525716 1.052964
v 3.427497 5.525716 1.052964
v 3.427497 5.525715 1.123115
v 3.452829 5.614591 1.123115
v 3.452829 5.614591 1.052964
v 3.506758 5.614591 1.052964
v 3.506758 5.614591 1.123115
v 3.346067 5.461615 1.052964
v 3.347441 5.470285 1.052964
v 3.347441 5.470284 1.123115
v 3.346067 5.461614 1.123115
v 3.351426 5.478106 1.052964
v 3.351426 5.478106 1.123115
v 3.357633 5.484313 1.052964
v 3.357633 5.484313 1.123115
v 3.365454 5.488299 1.052964
v 3.365454 5.488298 1.123115
v 3.400814 5.506329 1.052964
v 3.400814 5.506329 1.123115
v 3.404799 5.514150 1.052964
v 3.404799 5.514150 1.123115
v 3.411006 5.520358 1.052964
v 3.411006 5.520357 1.123115
v 3.418827 5.524343 1.052964
v 3.418827 5.524342 1.123115
v 3.454203 5.550885 1.052964
v 3.454203 5.550884 1.123115
v 3.458188 5.558706 1.052964
v 3.458188 5.558705 1.123115
v 3.464395 5.564912 1.052964
v 3.464395 5.564913 1.123115
v 3.472216 5.568898 1.052964
v 3.472216 5.568897 1.123115
v 2.601797 6.229805 -1.853129
v 2.601797 6.363447 -1.853129
v 2.921868 6.363447 -1.853129
v 2.921868 6.229805 -1.853129
v 2.576470 6.229805 -1.589119
v 2.576470 6.363447 -1.589119
v 2.576470 6.363447 -1.833770
v 2.576470 6.229805 -1.833770
v 2.601797 6.379204 -1.589119
v 2.921868 6.379204 -1.589119
v 2.921868 6.379204 -1.833770
v 2.601797 6.379204 -1.833770
v 2.947195 6.229805 -1.833770
v 2.947195 6.363447 -1.833770
v 2.947195 6.363447 -1.589119
v 2.947195 6.229805 -1.589119
v 2.921868 6.229805 -1.569761
v 2.921868 6.363447 -1.569761
v 2.601797 6.363447 -1.569761
v 2.601797 6.229805 -1.569761
v 2.921868 6.214048 -1.833770
v 2.921868 6.218664 -1.847458
v 2.936490 6.220709 -1.844947
v 2.939777 6.218664 -1.833770
v 2.921868 6.229805 -1.853129
v 2.939777 6.229805 -1.847459
v 2.936490 6.220709 -1.844947
v 2.921868 6.218664 -1.847458
v 2.947195 6.229805 -1.833770
v 2.939777 6.218664 -1.833770
v 2.936490 6.220709 -1.844947
v 2.939777 6.229805 -1.847459
v 2.921868 6.363447 -1.853129
v 2.921868 6.374588 -1.847458
v 2.936490 6.372544 -1.844947
v 2.939777 6.363447 -1.847458
v 2.921868 6.379204 -1.833770
v 2.939777 6.374589 -1.833770
v 2.936490 6.372544 -1.844947
v 2.921868 6.374588 -1.847458
v 2.947195 6.363447 -1.833770
v 2.939777 6.363447 -1.847458
v 2.936490 6.372544 -1.844947
v 2.939777 6.374589 -1.833770
v 2.921868 6.214048 -1.589119
v 2.939777 6.218663 -1.589119
v 2.936490 6.220708 -1.577943
v 2.921868 6.218663 -1.575431
v 2.947195 6.229805 -1.589119
v 2.939777 6.229805 -1.575431
v 2.936490 6.220708 -1.577943
v 2.939777 6.218663 -1.589119
v 2.921868 6.229805 -1.569761
v 2.921868 6.218663 -1.575431
v 2.936490 6.220708 -1.577943
v 2.939777 6.229805 -1.575431
v 2.921868 6.379204 -1.589119
v 2.921868 6.374588 -1.575431
v 2.936490 6.372544 -1.577943
v 2.939777 6.374588 -1.589119
v 2.921868 6.363447 -1.569761
v 2.939777 6.363447 -1.575431
v 2.936490 6.372544 -1.577943
v 2.921868 6.374588 -1.575431
v 2.947195 6.363447 -1.589119
v 2.939777 6.374588 -1.589119
v 2.936490 6.372544 -1.577943
v 2.939777 6.363447 -1.575431
v 2.601797 6.214048 -1.833770
v 2.583888 6.218664 -1.833770
v 2.587174 6.220709 -1.844947
v 2.601797 6.218664 -1.847458
v 2.576470 6.229805 -1.833770
v 2.583888 6.229805 -1.847459
v 2.587174 6.220709 -1.844947
v 2.583888 6.218664 -1.833770
v 2.601797 6.229805 -1.853129
v 2.601797 6.218664 -1.847458
v 2.587174 6.220709 -1.844947
v 2.583888 6.229805 -1.847459
v 2.601797 6.379204 -1.833770
v 2.601797 6.374588 -1.847458
v 2.587174 6.372544 -1.844947
v 2.583888 6.374589 -1.833770
v 2.601797 6.363447 -1.853129
v 2.583888 6.363447 -1.847458
v 2.587174 6.372544 -1.844947
v 2.601797 6.374588 -1.847458
v 2.576470 6.363447 -1.833770
v 2.583888 6.374589 -1.833770
v 2.587174 6.372544 -1.844947
v 2.583888 6.363447 -1.847458
v 2.601797 6.214048 -1.589119
v 2.601797 6.218663 -1.575431
v 2.587174 6.220708 -1.577943
v 2.583888 6.218663 -1.589119
v 2.601797 6.229805 -1.569761
v 2.583888 6.229805 -1.575431
v 2.587174 6.220708 -1.577943
v 2.601797 6.218663 -1.575431
v 2.576470 6.229805 -1.589119
v 2.583888 6.218663 -1.589119
v 2.587174 6.220708 -1.577943
v 2.583888 6.229805 -1.575431
v 2.601797 6.379204 -1.589119
v 2.583888 6.374588 -1.589119
v 2.587174 6.372544 -1.577943
v 2.601797 6.374588 -1.575431
v 2.576470 6.363447 -1.589119
v 2.583888 6.363447 -1.575431
v 2.587174 6.372544 -1.577943
v 2.583888 6.374588 -1.589119
v 2.601797 6.363447 -1.569761
v 2.601797 6.374588 -1.575431
v 2.587174 6.372544 -1.577943
v 2.583888 6.363447 -1.575431
v 2.921868 6.214048 -1.589119
v 2.921868 6.214048 -1.833770
v 2.939777 6.218664 -1.833770
v 2.939777 6.218663 -1.589119
v 2.939777 6.218663 -1.589119
v 2.939777 6.218664 -1.833770
v 2.947195 6.229805 -1.833770
v 2.947195 6.229805 -1.589119
v 2.921868 6.229805 -1.853129
v 2.921868 6.363447 -1.853129
v 2.939777 6.363447 -1.847458
v 2.939777 6.229805 -1.847459
v 2.939777 6.229805 -1.847459
v 2.939777 6.363447 -1.847458
v 2.947195 6.363447 -1.833770
v 2.947195 6.229805 -1.833770
v 2.921868 6.379204 -1.833770
v 2.921868 6.379204 -1.589119
v 2.939777 6.374588 -1.589119
v 2.939777 6.374589 -1.833770
v 2.939777 6.374589 -1.833770
v 2.939777 6.374588 -1.589119
v 2.947195 6.363447 -1.589119
v 2.947195 6.363447 -1.833770
v 2.921868 6.363447 -1.569761
v 2.921868 6.229805 -1.569761
v 2.939777 6.229805 -1.575431
v 2.939777 6.363447 -1.575431
v 2.939777 6.363447 -1.575431
v 2.939777 6.229805 -1.575431
v 2.947195 6.229805 -1.589119
v 2.947195 6.363447 -1.589119
v 2.601797 6.214048 -1.589119
v 2.921868 6.214048 -1.589119
v 2.921868 6.218663 -1.575431
v 2.601797 6.218663 -1.575431
v 2.601797 6.218663 -1.575431
v 2.921868 6.218663 -1.575431
v 2.921868 6.229805 -1.569761
v 2.601797 6.229805 -1.569761
v 2.921868 6.379204 -1.589119
v 2.601797 6.379204 -1.589119
v 2.601797 6.374588 -1.575431
v 2.921868 6.374588 -1.575431
v 2.921868 6.374588 -1.575431
v 2.601797 6.374588 -1.575431
v 2.601797 6.363447 -1.569761
v 2.921868 6.363447 -1.569761
v 2.576470 6.363447 -1.589119
v 2.576470 6.229805 -1.589119
v 2.583888 6.229805 -1.575431
v 2.583888 6.363447 -1.575431
v 2.583888 6.363447 -1.575431
v 2.583888 6.229805 -1.575431
v 2.601797 6.229805 -1.569761
v 2.601797 6.363447 -1.569761
v 2.601797 6.214048 -1.833770
v 2.601797 6.214048 -1.589119
v 2.583888 6.218663 -1.589119
v 2.583888 6.218664 -1.833770
v 2.583888 6.218664 -1.833770
v 2.583888 6.218663 -1.589119
v 2.576470 6.229805 -1.589119
v 2.576470 6.229805 -1.833770
v 2.601797 6.379204 -1.589119
v 2.601797 6.379204 -1.833770
v 2.583888 6.374589 -1.833770
v 2.583888 6.374588 -1.589119
v 2.583888 6.374588 -1.589119
v 2.583888 6.374589 -1.833770
v 2.576470 6.363447 -1.833770
v 2.576470 6.363447 -1.589119
v 2.601797 6.363447 -1.853129
v 2.601797 6.229805 -1.853129
v 2.583888 6.229805 -1.847459
v 2.583888 6.363447 -1.847458
v 2.583888 6.363447 -1.847458
v 2.583888 6.229805 -1.847459
v 2.576470 6.229805 -1.833770
v 2.576470 6.363447 -1.833770
v 2.921868 6.214048 -1.833770
v 2.601797 6.214048 -1.833770
v 2.601797 6.218664 -1.847458
v 2.921868 6.218664 -1.847458
v 2.921868 6.218664 -1.847458
v 2.601797 6.218664 -1.847458
v 2.601797 6.229805 -1.853129
v 2.921868 6.229805 -1.853129
v 2.601797 6.379204 -1.833770
v 2.921868 6.379204 -1.833770
v 2.921868 6.374588 -1.847458
v 2.601797 6.374588 -1.847458
v 2.601797 6.374588 -1.847458
v 2.921868 6.374588 -1.847458
v 2.921868 6.363447 -1.853129
v 2.601797 6.363447 -1.853129
v 2.921868 6.214048 -1.589119
v 2.601797 6.214048 -1.589119
v 2.601797 6.214048 -1.833770
v 2.921868 6.214048 -1.833770
v 2.601797 6.229805 1.572793
v 2.601797 6.363447 1.572793
v 2.921868 6.363447 1.572793
v 2.921868 6.229805 1.572793
v 2.576470 6.229805 1.836801
v 2.576470 6.363447 1.836802
v 2.576470 6.363447 1.592152
v 2.576470 6.229805 1.592152
v 2.601797 6.379204 1.836801
v 2.921868 6.379204 1.836801
v 2.921868 6.379204 1.592152
v 2.601797 6.379204 1.592152
v 2.947195 6.229805 1.592152
v 2.947195 6.363447 1.592152
v 2.947195 6.363447 1.836802
v 2.947195 6.229805 1.836801
v 2.921868 6.229805 1.856161
v 2.921868 6.363447 1.856161
v 2.601797 6.363447 1.856161
v 2.601797 6.229805 1.856161
v 2.921868 6.214048 1.592152
v 2.921868 6.218664 1.578463
v 2.936491 6.220708 1.580975
v 2.939777 6.218664 1.592152
v 2.921868 6.229805 1.572793
v 2.939777 6.229805 1.578463
v 2.936491 6.220708 1.580975
v 2.921868 6.218664 1.578463
v 2.947195 6.229805 1.592152
v 2.939777 6.218664 1.592152
v 2.936491 6.220708 1.580975
v 2.939777 6.229805 1.578463
v 2.921868 6.363447 1.572793
v 2.921868 6.374588 1.578463
v 2.936491 6.372544 1.580975
v 2.939777 6.363447 1.578463
v 2.921868 6.379204 1.592152
v 2.939777 6.374588 1.592152
v 2.936491 6.372544 1.580975
v 2.921868 6.374588 1.578463
v 2.947195 6.363447 1.592152
v 2.939777 6.363447 1.578463
v 2.936491 6.372544 1.580975
v 2.939777 6.374588 1.592152
v 2.921868 6.214048 1.836801
v 2.939777 6.218664 1.836802
v 2.936491 6.220708 1.847979
v 2.921868 6.218664 1.850491
v 2.947195 6.229805 1.836801
v 2.939777 6.229805 1.850491
v 2.936491 6.220708 1.847979
v 2.939777 6.218664 1.836802
v 2.921868 6.229805 1.856161
v 2.921868 6.218664 1.850491
v 2.936491 6.220708 1.847979
v 2.939777 6.229805 1.850491
v 2.921868 6.379204 1.836801
v 2.921868 6.374589 1.850492
v 2.936491 6.372544 1.847979
v 2.939777 6.374588 1.836802
v 2.921868 6.363447 1.856161
v 2.939777 6.363447 1.850491
v 2.936491 6.372544 1.847979
v 2.921868 6.374589 1.850492
v 2.947195 6.363447 1.836802
v 2.939777 6.374588 1.836802
v 2.936491 6.372544 1.847979
v 2.939777 6.363447 1.850491
v 2.601797 6.214048 1.592152
v 2.583888 6.218664 1.592152
v 2.587175 6.220708 1.580975
v 2.601797 6.218664 1.578463
v 2.576470 6.229805 1.592152
v 2.583888 6.229805 1.578463
v 2.587175 6.220708 1.580975
v 2.583888 6.218664 1.592152
v 2.601797 6.229805 1.572793
v 2.601797 6.218664 1.578463
v 2.587175 6.220708 1.580975
v 2.583888 6.229805 1.578463
v 2.601797 6.379204 1.592152
v 2.601797 6.374588 1.578463
v 2.587175 6.372544 1.580975
v 2.583888 6.374588 1.592152
v 2.601797 6.363447 1.572793
v 2.583888 6.363447 1.578463
v 2.587175 6.372544 1.580975
v 2.601797 6.374588 1.578463
v 2.576470 6.363447 1.592152
v 2.583888 6.374588 1.592152
v 2.587175 6.372544 1.580975
v 2.583888 6.363447 1.578463
v 2.601797 6.214048 1.836801
v 2.601797 6.218664 1.850491
v 2.587175 6.220708 1.847979
v 2.583888 6.218664 1.836802
v 2.601797 6.229805 1.856161
v 2.583888 6.229805 1.850491
v 2.587175 6.220708 1.847979
v 2.601797 6.218664 1.850491
v 2.576470 6.229805 1.836801
v 2.583888 6.218664 1.836802
v 2.587175 6.220708 1.847979
v 2.583888 6.229805 1.850491
v 2.601797 6.379204 1.836801
v 2.583888 6.374588 1.836802
v 2.587175 6.372544 1.847979
v 2.601797 6.374589 1.850492
v 2.576470 6.363447 1.836802
v 2.583888 6.363447 1.850491
v 2.587175 6.372544 1.847979
v 2.583888 6.374588 1.836802
v 2.601797 6.363447 1.856161
v 2.601797 6.374589 1.850492
v 2.587175 6.372544 1.847979
v 2.583888 6.363447 1.850491
v 2.921868 6.214048 1.836801
v 2.921868 6.214048 1.592152
v 2.939777 6.218664 1.592152
v 2.939777 6.218664 1.836802
v 2.939777 6.218664 1.836802
v 2.939777 6.218664 1.592152
v 2.947195 6.229805 1.592152
v 2.947195 6.229805 1.836801
v 2.921868 6.229805 1.572793
v 2.921868 6.363447 1.572793
v 2.939777 6.363447 1.578463
v 2.939777 6.229805 1.578463
v 2.939777 6.229805 1.578463
v 2.939777 6.363447 1.578463
v 2.947195 6.363447 1.592152
v 2.947195 6.229805 1.592152
v 2.921868 6.379204 1.592152
v 2.921868 6.379204 1.836801
v 2.939777 6.374588 1.836802
v 2.939777 6.374588 1.592152
v 2.939777 6.374588 1.592152
v 2.939777 6.374588 1.836802
v 2.947195 6.363447 1.836802
v 2.947195 6.363447 1.592152
v 2.921868 6.363447 1.856161
v 2.921868 6.229805 1.856161
v 2.939777 6.229805 1.850491
v 2.939777 6.363447 1.850491
v 2.939777 6.363447 1.850491
v 2.939777 6.229805 1.850491
v 2.947195 6.229805 1.836801
v 2.947195 6.363447 1.836802
v 2.601797 6.214048 1.836801
v 2.921868 6.214048 1.836801
v 2.921868 6.218664 1.850491
v 2.601797 6.218664 1.850491
v 2.601797 6.218664 1.850491
v 2.921868 6.218664 1.850491
v 2.921868 6.229805 1.856161
v 2.601797 6.229805 1.856161
v 2.921868 6.379204 1.836801
v 2.601797 6.379204 1.836801
v 2.601797 6.374589 1.850492
v 2.921868 6.374589 1.850492
v 2.921868 6.374589 1.850492
v 2.601797 6.374589 1.850492
v 2.601797 6.363447 1.856161
v 2.921868 6.363447 1.856161
v 2.576470 6.363447 1.836802
v 2.576470 6.229805 1.836801
v 2.583888 6.229805 1.850491
v 2.583888 6.363447 1.850491
v 2.583888 6.363447 1.850491
v 2.583888 6.229805 1.850491
v 2.601797 6.229805 1.856161
v 2.601797 6.363447 1.856161
v 2.601797 6.214048 1.592152
v 2.601797 6.214048 1.836801
v 2.583888 6.218664 1.836802
v 2.583888 6.218664 1.592152
v 2.583888 6.218664 1.592152
v 2.583888 6.218664 1.836802
v 2.576470 6.229805 1.836801
v 2.576470 6.229805 1.592152
v 2.601797 6.379204 1.836801
v 2.601797 6.379204 1.592152
v 2.583888 6.374588 1.592152
v 2.583888 6.374588 1.836802
v 2.583888 6.374588 1.836802
v 2.583888 6.374588 1.592152
v 2.576470 6.363447 1.592152
v 2.576470 6.363447 1.836802
v 2.601797 6.363447 1.572793
v 2.601797 6.229805 1.572793
v 2.583888 6.229805 1.578463
v 2.583888 6.363447 1.578463
v 2.583888 6.363447 1.578463
v 2.583888 6.229805 1.578463
v 2.576470 6.229805 1.592152
v 2.576470 6.363447 1.592152
v 2.921868 6.214048 1.592152
v 2.601797 6.214048 1.592152
v 2.601797 6.218664 1.578463
v 2.921868 6.218664 1.578463
v 2.921868 6.218664 1.578463
v 2.601797 6.218664 1.578463
v 2.601797 6.229805 1.572793
v 2.921868 6.229805 1.572793
v 2.601797 6.379204 1.592152
v 2.921868 6.379204 1.592152
v 2.921868 6.374588 1.578463
v 2.601797 6.374588 1.578463
v 2.601797 6.374588 1.578463
v 2.921868 6.374588 1.578463
v 2.921868 6.363447 1.572793
v 2.601797 6.363447 1.572793
v 2.921868 6.214048 1.836801
v 2.601797 6.214048 1.836801
v 2.601797 6.214048 1.592152
v 2.921868 6.214048 1.592152
v 1.886298 6.229805 -1.853129
v 1.886298 6.363447 -1.853129
v 2.206369 6.363447 -1.853129
v 2.206369 6.229805 -1.853129
v 1.860971 6.229805 -1.589119
v 1.860971 6.363447 -1.589119
v 1.860971 6.363447 -1.833770
v 1.860971 6.229805 -1.833770
v 1.886298 6.379204 -1.589119
v 2.206369 6.379204 -1.589119
v 2.206369 6.379204 -1.833770
v 1.886298 6.379204 -1.833770
v 2.231696 6.229805 -1.833770
v 2.231696 6.363447 -1.833770
v 2.231696 6.363447 -1.589119
v 2.231696 6.229805 -1.589119
v 2.206369 6.229805 -1.569761
v 2.206369 6.363447 -1.569761
v 1.886298 6.363447 -1.569761
v 1.886298 6.229805 -1.569761
v 2.206369 6.214048 -1.833770
v 2.206369 6.218664 -1.847458
v 2.220991 6.220709 -1.844947
v 2.224278 6.218664 -1.833770
v 2.206369 6.229805 -1.853129
v 2.224278 6.229805 -1.847459
v 2.220991 6.220709 -1.844947
v 2.206369 6.218664 -1.847458
v 2.231696 6.229805 -1.833770
v 2.224278 6.218664 -1.833770
v 2.220991 6.220709 -1.844947
v 2.224278 6.229805 -1.847459
v 2.206369 6.363447 -1.853129
v 2.206369 6.374588 -1.847458
v 2.220991 6.372544 -1.844947
v 2.224278 6.363447 -1.847458
v 2.206369 6.379204 -1.833770
v 2.224278 6.374589 -1.833770
v 2.220991 6.372544 -1.844947
v 2.206369 6.374588 -1.847458
v 2.231696 6.363447 -1.833770
v 2.224278 6.363447 -1.847458
v 2.220991 6.372544 -1.844947
v 2.224278 6.374589 -1.833770
v 2.206369 6.214048 -1.589119
v 2.224278 6.218663 -1.589119
v 2.220992 6.220708 -1.577943
v 2.206369 6.218663 -1.575431
v 2.231696 6.229805 -1.589119
v 2.224278 6.229805 -1.575431
v 2.220992 6.220708 -1.577943
v 2.224278 6.218663 -1.589119
v 2.206369 6.229805 -1.569761
v 2.206369 6.218663 -1.575431
v 2.220992 6.220708 -1.577943
v 2.224278 6.229805 -1.575431
v 2.206369 6.379204 -1.589119
v 2.206369 6.374588 -1.575431
v 2.220992 6.372544 -1.577943
v 2.224278 6.374588 -1.589119
v 2.206369 6.363447 -1.569761
v 2.224278 6.363447 -1.575431
v 2.220992 6.372544 -1.577943
v 2.206369 6.374588 -1.575431
v 2.231696 6.363447 -1.589119
v 2.224278 6.374588 -1.589119
v 2.220992 6.372544 -1.577943
v 2.224278 6.363447 -1.575431
v 1.886298 6.214048 -1.833770
v 1.868389 6.218664 -1.833770
v 1.871676 6.220709 -1.844947
v 1.886298 6.218664 -1.847458
v 1.860971 6.229805 -1.833770
v 1.868389 6.229805 -1.847459
v 1.871676 6.220709 -1.844947
v 1.868389 6.218664 -1.833770
v 1.886298 6.229805 -1.853129
v 1.886298 6.218664 -1.847458
v 1.871676 6.220709 -1.844947
v 1.868389 6.229805 -1.847459
v 1.886298 6.379204 -1.833770
v 1.886298 6.374588 -1.847458
v 1.871676 6.372544 -1.844947
v 1.868389 6.374589 -1.833770
v 1.886298 6.363447 -1.853129
v 1.868389 6.363447 -1.847458
v 1.871676 6.372544 -1.844947
v 1.886298 6.374588 -1.847458
v 1.860971 6.363447 -1.833770
v 1.868389 6.374589 -1.833770
v 1.871676 6.372544 -1.844947
v 1.868389 6.363447 -1.847458
v 1.886298 6.214048 -1.589119
v 1.886298 6.218663 -1.575431
v 1.871676 6.220708 -1.577943
v 1.868389 6.218663 -1.589119
v 1.886298 6.229805 -1.569761
v 1.868389 6.229805 -1.575431
v 1.871676 6.220708 -1.577943
v 1.886298 6.218663 -1.575431
v 1.860971 6.229805 -1.589119
v 1.868389 6.218663 -1.589119
v 1.871676 6.220708 -1.577943
v 1.868389 6.229805 -1.575431
v 1.886298 6.379204 -1.589119
v 1.868389 6.374588 -1.589119
v 1.871676 6.372544 -1.577943
v 1.886298 6.374588 -1.575431
v 1.860971 6.363447 -1.589119
v 1.868389 6.363447 -1.575431
v 1.871676 6.372544 -1.577943
v 1.868389 6.374588 -1.589119
v 1.886298 6.363447 -1.569761
v 1.886298 6.374588 -1.575431
v 1.871676 6.372544 -1.577943
v 1.868389 6.363447 -1.575431
v 2.206369 6.214048 -1.589119
v 2.206369 6.214048 -1.833770
v 2.224278 6.218664 -1.833770
v 2.224278 6.218663 -1.589119
v 2.224278 6.218663 -1.589119
v 2.224278 6.218664 -1.833770
v 2.231696 6.229805 -1.833770
v 2.231696 6.229805 -1.589119
v 2.206369 6.229805 -1.853129
v 2.206369 6.363447 -1.853129
v 2.224278 6.363447 -1.847458
v 2.224278 6.229805 -1.847459
v 2.224278 6.229805 -1.847459
v 2.224278 6.363447 -1.847458
v 2.231696 6.363447 -1.833770
v 2.231696 6.229805 -1.833770
v 2.206369 6.379204 -1.833770
v 2.206369 6.379204 -1.589119
v 2.224278 6.374588 -1.589119
v 2.224278 6.374589 -1.833770
v 2.224278 6.374589 -1.833770
v 2.224278 6.374588 -1.589119
v 2.231696 6.363447 -1.589119
v 2.231696 6.363447 -1.833770
v 2.206369 6.363447 -1.569761
v 2.206369 6.229805 -1.569761
v 2.224278 6.229805 -1.575431
v 2.224278 6.363447 -1.575431
v 2.224278 6.363447 -1.575431
v 2.224278 6.229805 -1.575431
v 2.231696 6.229805 -1.589119
v 2.231696 6.363447 -1.589119
v 1.886298 6.214048 -1.589119
v 2.206369 6.214048 -1.589119
v 2.206369 6.218663 -1.575431
v 1.886298 6.218663 -1.575431
v 1.886298 6.218663 -1.575431
v 2.206369 6.218663 -1.575431
v 2.206369 6.229805 -1.569761
v 1.886298 6.229805 -1.569761
v 2.206369 6.379204 -1.589119
v 1.886298 6.379204 -1.589119
v 1.886298 6.374588 -1.575431
v 2.206369 6.374588 -1.575431
v 2.206369 6.374588 -1.575431
v 1.886298 6.374588 -1.575431
v 1.886298 6.363447 -1.569761
v 2.206369 6.363447 -1.569761
v 1.860971 6.363447 -1.589119
v 1.860971 6.229805 -1.589119
v 1.868389 6.229805 -1.575431
v 1.868389 6.363447 -1.575431
v 1.868389 6.363447 -1.575431
v 1.868389 6.229805 -1.575431
v 1.886298 6.229805 -1.569761
v 1.886298 6.363447 -1.569761
v 1.886298 6.214048 -1.833770
v 1.886298 6.214048 -1.589119
v 1.868389 6.218663 -1.589119
v 1.868389 6.218664 -1.833770
v 1.868389 6.218664 -1.833770
v 1.868389 6.218663 -1.589119
v 1.860971 6.229805 -1.589119
v 1.860971 6.229805 -1.833770
v 1.886298 6.379204 -1.589119
v 1.886298 6.379204 -1.833770
v 1.868389 6.374589 -1.833770
v 1.868389 6.374588 -1.589119
v 1.868389 6.374588 -1.589119
v 1.868389 6.374589 -1.833770
v 1.860971 6.363447 -1.833770
v 1.860971 6.363447 -1.589119
v 1.886298 6.363447 -1.853129
v 1.886298 6.229805 -1.853129
v 1.868389 6.229805 -1.847459
v 1.868389 6.363447 -1.847458
v 1.868389 6.363447 -1.847458
v 1.868389 6.229805 -1.847459
v 1.860971 6.229805 -1.833770
v 1.860971 6.363447 -1.833770
v 2.206369 6.214048 -1.833770
v 1.886298 6.214048 -1.833770
v 1.886298 6.218664 -1.847458
v 2.206369 6.218664 -1.847458
v 2.206369 6.218664 -1.847458
v 1.886298 6.218664 -1.847458
v 1.886298 6.229805 -1.853129
v 2.206369 6.229805 -1.853129
v 1.886298 6.379204 -1.833770
v 2.206369 6.379204 -1.833770
v 2.206369 6.374588 -1.847458
v 1.886298 6.374588 -1.847458
v 1.886298 6.374588 -1.847458
v 2.206369 6.374588 -1.847458
v 2.206369 6.363447 -1.853129
v 1.886298 6.363447 -1.853129
v 2.206369 6.214048 -1.589119
v 1.886298 6.214048 -1.589119
v 1.886298 6.214048 -1.833770
v 2.206369 6.214048 -1.833770
v 1.886299 6.229805 1.572793
v 1.886299 6.363447 1.572793
v 2.206369 6.363447 1.572793
v 2.206369 6.229805 1.572793
v 1.860971 6.229805 1.836802
v 1.860971 6.363447 1.836802
v 1.860971 6.363447 1.592152
v 1.860971 6.229805 1.592152
v 1.886299 6.379204 1.836802
v 2.206369 6.379204 1.836802
v 2.206369 6.379204 1.592152
v 1.886299 6.379204 1.592152
v 2.231696 6.229805 1.592152
v 2.231696 6.363447 1.592152
v 2.231696 6.363447 1.836802
v 2.231696 6.229805 1.836802
v 2.206369 6.229805 1.856161
v 2.206369 6.363447 1.856162
v 1.886299 6.363447 1.856162
v 1.886299 6.229805 1.856161
v 2.206369 6.214048 1.592152
v 2.206369 6.218664 1.578463
v 2.220992 6.220708 1.580975
v 2.224278 6.218664 1.592152
v 2.206369 6.229805 1.572793
v 2.224278 6.229805 1.578463
v 2.220992 6.220708 1.580975
v 2.206369 6.218664 1.578463
v 2.231696 6.229805 1.592152
v 2.224278 6.218664 1.592152
v 2.220992 6.220708 1.580975
v 2.224278 6.229805 1.578463
v 2.206369 6.363447 1.572793
v 2.206369 6.374588 1.578463
v 2.220992 6.372544 1.580975
v 2.224278 6.363447 1.578463
v 2.206369 6.379204 1.592152
v 2.224278 6.374588 1.592152
v 2.220992 6.372544 1.580975
v 2.206369 6.374588 1.578463
v 2.231696 6.363447 1.592152
v 2.224278 6.363447 1.578463
v 2.220992 6.372544 1.580975
v 2.224278 6.374588 1.592152
v 2.206369 6.214048 1.836802
v 2.224278 6.218664 1.836802
v 2.220992 6.220708 1.847979
v 2.206369 6.218664 1.850491
v 2.231696 6.229805 1.836802
v 2.224278 6.229805 1.850492
v 2.220992 6.220708 1.847979
v 2.224278 6.218664 1.836802
v 2.206369 6.229805 1.856161
v 2.206369 6.218664 1.850491
v 2.220992 6.220708 1.847979
v 2.224278 6.229805 1.850492
v 2.206369 6.379204 1.836802
v 2.206369 6.374589 1.850492
v 2.220992 6.372544 1.847980
v 2.224278 6.374588 1.836802
v 2.206369 6.363447 1.856162
v 2.224278 6.363447 1.850491
v 2.220992 6.372544 1.847980
v 2.206369 6.374589 1.850492
v 2.231696 6.363447 1.836802
v 2.224278 6.374588 1.836802
v 2.220992 6.372544 1.847980
v 2.224278 6.363447 1.850491
v 1.886299 6.214048 1.592152
v 1.868389 6.218664 1.592152
v 1.871676 6.220708 1.580975
v 1.886299 6.218664 1.578463
v 1.860971 6.229805 1.592152
v 1.868389 6.229805 1.578463
v 1.871676 6.220708 1.580975
v 1.868389 6.218664 1.592152
v 1.886299 6.229805 1.572793
v 1.886299 6.218664 1.578463
v 1.871676 6.220708 1.580975
v 1.868389 6.229805 1.578463
v 1.886299 6.379204 1.592152
v 1.886299 6.374588 1.578463
v 1.871676 6.372544 1.580975
v 1.868389 6.374588 1.592152
v 1.886299 6.363447 1.572793
v 1.868389 6.363447 1.578463
v 1.871676 6.372544 1.580975
v 1.886299 6.374588 1.578463
v 1.860971 6.363447 1.592152
v 1.868389 6.374588 1.592152
v 1.871676 6.372544 1.580975
v 1.868389 6.363447 1.578463
v 1.886299 6.214048 1.836802
v 1.886299 6.218664 1.850491
v 1.871676 6.220708 1.847979
v 1.868390 6.218664 1.836802
v 1.886299 6.229805 1.856161
v 1.868390 6.229805 1.850492
v 1.871676 6.220708 1.847979
v 1.886299 6.218664 1.850491
v 1.860971 6.229805 1.836802
v 1.868390 6.218664 1.836802
v 1.871676 6.220708 1.847979
v 1.868390 6.229805 1.850492
v 1.886299 6.379204 1.836802
v 1.868390 6.374588 1.836802
v 1.871676 6.372544 1.847980
v 1.886299 6.374589 1.850492
v 1.860971 6.363447 1.836802
v 1.868390 6.363447 1.850491
v 1.871676 6.372544 1.847980
v 1.868390 6.374588 1.836802
v 1.886299 6.363447 1.856162
v 1.886299 6.374589 1.850492
v 1.871676 6.372544 1.847980
v 1.868390 6.363447 1.850491
v 2.206369 6.214048 1.836802
v 2.206369 6.214048 1.592152
v 2.224278 6.218664 1.592152
v 2.224278 6.218664 1.836802
v 2.224278 6.218664 1.836802
v 2.224278 6.218664 1.592152
v 2.231696 6.229805 1.592152
v 2.231696 6.229805 1.836802
v 2.206369 6.229805 1.572793
v 2.206369 6.363447 1.572793
v 2.224278 6.363447 1.578463
v 2.224278 6.229805 1.578463
v 2.224278 6.229805 1.578463
v 2.224278 6.363447 1.578463
v 2.231696 6.363447 1.592152
v 2.231696 6.229805 1.592152
v 2.206369 6.379204 1.592152
v 2.206369 6.379204 1.836802
v 2.224278 6.374588 1.836802
v 2.224278 6.374588 1.592152
v 2.224278 6.374588 1.592152
v 2.224278 6.374588 1.836802
v 2.231696 6.363447 1.836802
v 2.231696 6.363447 1.592152
v 2.206369 6.363447 1.856162
v 2.206369 6.229805 1.856161
v 2.224278 6.229805 1.850492
v 2.224278 6.363447 1.850491
v 2.224278 6.363447 1.850491
v 2.224278 6.229805 1.850492
v 2.231696 6.229805 1.836802
v 2.231696 6.363447 1.836802
v 1.886299 6.214048 1.836802
v 2.206369 6.214048 1.836802
v 2.206369 6.218664 1.850491
v 1.886299 6.218664 1.850491
v 1.886299 6.218664 1.850491
v 2.206369 6.218664 1.850491
v 2.206369 6.229805 1.856161
v 1.886299 6.229805 1.856161
v 2.206369 6.379204 1.836802
v 1.886299 6.379204 1.836802
v 1.886299 6.374589 1.850492
v 2.206369 6.374589 1.850492
v 2.206369 6.374589 1.850492
v 1.886299 6.374589 1.850492
v 1.886299 6.363447 1.856162
v 2.206369 6.363447 1.856162
v 1.860971 6.363447 1.836802
v 1.860971 6.229805 1.836802
v 1.868390 6.229805 1.850492
v 1.868390 6.363447 1.850491
v 1.868390 6.363447 1.850491
v 1.868390 6.229805 1.850492
v 1.886299 6.229805 1.856161
v 1.886299 6.363447 1.856162
v 1.886299 6.214048 1.592152
v 1.886299 6.214048 1.836802
v 1.868390 6.218664 1.836802
v 1.868389 6.218664 1.592152
v 1.868389 6.218664 1.592152
v 1.868390 6.218664 1.836802
v 1.860971 6.229805 1.836802
v 1.860971 6.229805 1.592152
v 1.886299 6.379204 1.836802
v 1.886299 6.379204 1.592152
v 1.868389 6.374588 1.592152
v 1.868390 6.374588 1.836802
v 1.868390 6.374588 1.836802
v 1.868389 6.374588 1.592152
v 1.860971 6.363447 1.592152
v 1.860971 6.363447 1.836802
v 1.886299 6.363447 1.572793
v 1.886299 6.229805 1.572793
v 1.868389 6.229805 1.578463
v 1.868389 6.363447 1.578463
v 1.868389 6.363447 1.578463
v 1.868389 6.229805 1.578463
v 1.860971 6.229805 1.592152
v 1.860971 6.363447 1.592152
v 2.206369 6.214048 1.592152
v 1.886299 6.214048 1.592152
v 1.886299 6.218664 1.578463
v 2.206369 6.218664 1.578463
v 2.206369 6.218664 1.578463
v 1.886299 6.218664 1.578463
v 1.886299 6.229805 1.572793
v 2.206369 6.229805 1.572793
v 1.886299 6.379204 1.592152
v 2.206369 6.379204 1.592152
v 2.206369 6.374588 1.578463
v 1.886299 6.374588 1.578463
v 1.886299 6.374588 1.578463
v 2.206369 6.374588 1.578463
v 2.206369 6.363447 1.572793
v 1.886299 6.363447 1.572793
v 2.206369 6.214048 1.836802
v 1.886299 6.214048 1.836802
v 1.886299 6.214048 1.592152
v 2.206369 6.214048 1.592152
v 1.170799 6.229805 -1.853129
v 1.170799 6.363447 -1.853129
v 1.490870 6.363447 -1.853129
v 1.490870 6.229805 -1.853129
v 1.145472 6.229805 -1.589119
v 1.145472 6.363447 -1.589119
v 1.145472 6.363447 -1.833770
v 1.145472 6.229805 -1.833770
v 1.170799 6.379204 -1.589119
v 1.490870 6.379204 -1.589119
v 1.490870 6.379204 -1.833770
v 1.170799 6.379204 -1.833770
v 1.516197 6.229805 -1.833770
v 1.516197 6.363447 -1.833770
v 1.516197 6.363447 -1.589119
v 1.516197 6.229805 -1.589119
v 1.490870 6.229805 -1.569761
v 1.490870 6.363447 -1.569761
v 1.170799 6.363447 -1.569761
v 1.170799 6.229805 -1.569761
v 1.490870 6.214048 -1.833770
v 1.490870 6.218664 -1.847458
v 1.505493 6.220709 -1.844947
v 1.508779 6.218664 -1.833770
v 1.490870 6.229805 -1.853129
v 1.508779 6.229805 -1.847459
v 1.505493 6.220709 -1.844947
v 1.490870 6.218664 -1.847458
v 1.516197 6.229805 -1.833770
v 1.508779 6.218664 -1.833770
v 1.505493 6.220709 -1.844947
v 1.508779 6.229805 -1.847459
v 1.490870 6.363447 -1.853129
v 1.490870 6.374588 -1.847458
v 1.505493 6.372544 -1.844947
v 1.508779 6.363447 -1.847458
v 1.490870 6.379204 -1.833770
v 1.508779 6.374589 -1.833770
v 1.505493 6.372544 -1.844947
v 1.490870 6.374588 -1.847458
v 1.516197 6.363447 -1.833770
v 1.508779 6.363447 -1.847458
v 1.505493 6.372544 -1.844947
v 1.508779 6.374589 -1.833770
v 1.490870 6.214048 -1.589119
v 1.508779 6.218663 -1.589119
v 1.505493 6.220708 -1.577943
v 1.490870 6.218663 -1.575431
v 1.516197 6.229805 -1.589119
v 1.508779 6.229805 -1.575431
v 1.505493 6.220708 -1.577943
v 1.508779 6.218663 -1.589119
v 1.490870 6.229805 -1.569761
v 1.490870 6.218663 -1.575431
v 1.505493 6.220708 -1.577943
v 1.508779 6.229805 -1.575431
v 1.490870 6.379204 -1.589119
v 1.490870 6.374588 -1.575431
v 1.505493 6.372544 -1.577943
v 1.508779 6.374588 -1.589119
v 1.490870 6.363447 -1.569761
v 1.508779 6.363447 -1.575431
v 1.505493 6.372544 -1.577943
v 1.490870 6.374588 -1.575431
v 1.516197 6.363447 -1.589119
v 1.508779 6.374588 -1.589119
v 1.505493 6.372544 -1.577943
v 1.508779 6.363447 -1.575431
v 1.170799 6.214048 -1.833770
v 1.152890 6.218664 -1.833770
v 1.156177 6.220709 -1.844947
v 1.170799 6.218664 -1.847458
v 1.145472 6.229805 -1.833770
v 1.152890 6.229805 -1.847459
v 1.156177 6.220709 -1.844947
v 1.152890 6.218664 -1.833770
v 1.170799 6.229805 -1.853129
v 1.170799 6.218664 -1.847458
v 1.156177 6.220709 -1.844947
v 1.152890 6.229805 -1.847459
v 1.170799 6.379204 -1.833770
v 1.170799 6.374588 -1.847458
v 1.156177 6.372544 -1.844947
v 1.152890 6.374589 -1.833770
v 1.170799 6.363447 -1.853129
v 1.152890 6.363447 -1.847458
v 1.156177 6.372544 -1.844947
v 1.170799 6.374588 -1.847458
v 1.145472 6.363447 -1.833770
v 1.152890 6.374589 -1.833770
v 1.156177 6.372544 -1.844947
v 1.152890 6.363447 -1.847458
v 1.170799 6.214048 -1.589119
v 1.170799 6.218663 -1.575431
v 1.156177 6.220708 -1.577943
v 1.152890 6.218663 -1.589119
v 1.170799 6.229805 -1.569761
v 1.152890 6.229805 -1.575431
v 1.156177 6.220708 -1.577943
v 1.170799 6.218663 -1.575431
v 1.145472 6.229805 -1.589119
v 1.152890 6.218663 -1.589119
v 1.156177 6.220708 -1.577943
v 1.152890 6.229805 -1.575431
v 1.170799 6.379204 -1.589119
v 1.152890 6.374588 -1.589119
v 1.156177 6.372544 -1.577943
v 1.170799 6.374588 -1.575431
v 1.145472 6.363447 -1.589119
v 1.152890 6.363447 -1.575431
v 1.156177 6.372544 -1.577943
v 1.152890 6.374588 -1.589119
v 1.170799 6.363447 -1.569761
v 1.170799 6.374588 -1.575431
v 1.156177 6.372544 -1.577943
v 1.152890 6.363447 -1.575431
v 1.490870 6.214048 -1.589119
v 1.490870 6.214048 -1.833770
v 1.508779 6.218664 -1.833770
v 1.508779 6.218663 -1.589119
v 1.508779 6.218663 -1.589119
v 1.508779 6.218664 -1.833770
v 1.516197 6.229805 -1.833770
v 1.516197 6.229805 -1.589119
v 1.490870 6.229805 -1.853129
v 1.490870 6.363447 -1.853129
v 1.508779 6.363447 -1.847458
v 1.508779 6.229805 -1.847459
v 1.508779 6.229805 -1.847459
v 1.508779 6.363447 -1.847458
v 1.516197 6.363447 -1.833770
v 1.516197 6.229805 -1.833770
v 1.490870 6.379204 -1.833770
v 1.490870 6.379204 -1.589119
v 1.508779 6.374588 -1.589119
v 1.508779 6.374589 -1.833770
v 1.508779 6.374589 -1.833770
v 1.508779 6.374588 -1.589119
v 1.516197 6.363447 -1.589119
v 1.516197 6.363447 -1.833770
v 1.490870 6.363447 -1.569761
v 1.490870 6.229805 -1.569761
v 1.508779 6.229805 -1.575431
v 1.508779 6.363447 -1.575431
v 1.508779 6.363447 -1.575431
v 1.508779 6.229805 -1.575431
v 1.516197 6.229805 -1.589119
v 1.516197 6.363447 -1.589119
v 1.170799 6.214048 -1.589119
v 1.490870 6.214048 -1.589119
v 1.490870 6.218663 -1.575431
v 1.170799 6.218663 -1.575431
v 1.170799 6.218663 -1.575431
v 1.490870 6.218663 -1.575431
v 1.490870 6.229805 -1.569761
v 1.170799 6.229805 -1.569761
v 1.490870 6.379204 -1.589119
v 1.170799 6.379204 -1.589119
v 1.170799 6.374588 -1.575431
v 1.490870 6.374588 -1.575431
v 1.490870 6.374588 -1.575431
v 1.170799 6.374588 -1.575431
v 1.170799 6.363447 -1.569761
v 1.490870 6.363447 -1.569761
v 1.145472 6.363447 -1.589119
v 1.145472 6.229805 -1.589119
v 1.152890 6.229805 -1.575431
v 1.152890 6.363447 -1.575431
v 1.152890 6.363447 -1.575431
v 1.152890 6.229805 -1.575431
v 1.170799 6.229805 -1.569761
v 1.170799 6.363447 -1.569761
v 1.170799 6.214048 -1.833770
v 1.170799 6.214048 -1.589119
v 1.152890 6.218663 -1.589119
v 1.152890 6.218664 -1.833770
v 1.152890 6.218664 -1.833770
v 1.152890 6.218663 -1.589119
v 1.145472 6.229805 -1.589119
v 1.145472 6.229805 -1.833770
v 1.170799 6.379204 -1.589119
v 1.170799 6.379204 -1.833770
v 1.152890 6.374589 -1.833770
v 1.152890 6.374588 -1.589119
v 1.152890 6.374588 -1.589119
v 1.152890 6.374589 -1.833770
v 1.145472 6.363447 -1.833770
v 1.145472 6.363447 -1.589119
v 1.170799 6.363447 -1.853129
v 1.170799 6.229805 -1.853129
v 1.152890 6.229805 -1.847459
v 1.152890 6.363447 -1.847458
v 1.152890 6.363447 -1.847458
v 1.152890 6.229805 -1.847459
v 1.145472 6.229805 -1.833770
v 1.145472 6.363447 -1.833770
v 1.490870 6.214048 -1.833770
v 1.170799 6.214048 -1.833770
v 1.170799 6.218664 -1.847458
v 1.490870 6.218664 -1.847458
v 1.490870 6.218664 -1.847458
v 1.170799 6.218664 -1.847458
v 1.170799 6.229805 -1.853129
v 1.490870 6.229805 -1.853129
v 1.170799 6.379204 -1.833770
v 1.490870 6.379204 -1.833770
v 1.490870 6.374588 -1.847458
v 1.170799 6.374588 -1.847458
v 1.170799 6.374588 -1.847458
v 1.490870 6.374588 -1.847458
v 1.490870 6.363447 -1.853129
v 1.170799 6.363447 -1.853129
v 1.490870 6.214048 -1.589119
v 1.170799 6.214048 -1.589119
v 1.170799 6.214048 -1.833770
v 1.490870 6.214048 -1.833770
v 1.170800 6.229805 1.572793
v 1.170800 6.363447 1.572793
v 1.490870 6.363447 1.572793
v 1.490870 6.229805 1.572793
v 1.145473 6.229805 1.836802
v 1.145473 6.363447 1.836802
v 1.145473 6.363447 1.592152
v 1.145473 6.229805 1.592152
v 1.170800 6.379204 1.836802
v 1.490870 6.379204 1.836802
v 1.490870 6.379204 1.592152
v 1.170800 6.379204 1.592152
v 1.516197 6.229805 1.592152
v 1.516197 6.363447 1.592152
v 1.516197 6.363447 1.836802
v 1.516197 6.229805 1.836802
v 1.490870 6.229805 1.856161
v 1.490870 6.363447 1.856162
v 1.170800 6.363447 1.856162
v 1.170800 6.229805 1.856161
v 1.490870 6.214048 1.592152
v 1.490870 6.218664 1.578463
v 1.505493 6.220708 1.580975
v 1.508779 6.218664 1.592152
v 1.490870 6.229805 1.572793
v 1.508779 6.229805 1.578463
v 1.505493 6.220708 1.580975
v 1.490870 6.218664 1.578463
v 1.516197 6.229805 1.592152
v 1.508779 6.218664 1.592152
v 1.505493 6.220708 1.580975
v 1.508779 6.229805 1.578463
v 1.490870 6.363447 1.572793
v 1.490870 6.374588 1.578463
v 1.505493 6.372544 1.580975
v 1.508779 6.363447 1.578463
v 1.490870 6.379204 1.592152
v 1.508779 6.374588 1.592152
v 1.505493 6.372544 1.580975
v 1.490870 6.374588 1.578463
v 1.516197 6.363447 1.592152
v 1.508779 6.363447 1.578463
v 1.505493 6.372544 1.580975
v 1.508779 6.374588 1.592152
v 1.490870 6.214048 1.836802
v 1.508779 6.218664 1.836802
v 1.505493 6.220708 1.847979
v 1.490870 6.218664 1.850491
v 1.516197 6.229805 1.836802
v 1.508779 6.229805 1.850492
v 1.505493 6.220708 1.847979
v 1.508779 6.218664 1.836802
v 1.490870 6.229805 1.856161
v 1.490870 6.218664 1.850491
v 1.505493 6.220708 1.847979
v 1.508779 6.229805 1.850492
v 1.490870 6.379204 1.836802
v 1.490870 6.374589 1.850492
v 1.505493 6.372544 1.847980
v 1.508779 6.374588 1.836802
v 1.490870 6.363447 1.856162
v 1.508779 6.363447 1.850491
v 1.505493 6.372544 1.847980
v 1.490870 6.374589 1.850492
v 1.516197 6.363447 1.836802
v 1.508779 6.374588 1.836802
v 1.505493 6.372544 1.847980
v 1.508779 6.363447 1.850491
v 1.170800 6.214048 1.592152
v 1.152891 6.218664 1.592152
v 1.156177 6.220708 1.580975
v 1.170800 6.218664 1.578463
v 1.145473 6.229805 1.592152
v 1.152891 6.229805 1.578463
v 1.156177 6.220708 1.580975
v 1.152891 6.218664 1.592152
v 1.170800 6.229805 1.572793
v 1.170800 6.218664 1.578463
v 1.156177 6.220708 1.580975
v 1.152891 6.229805 1.578463
v 1.170800 6.379204 1.592152
v 1.170800 6.374588 1.578463
v 1.156177 6.372544 1.580975
v 1.152891 6.374588 1.592152
v 1.170800 6.363447 1.572793
v 1.152891 6.363447 1.578463
v 1.156177 6.372544 1.580975
v 1.170800 6.374588 1.578463
v 1.145473 6.363447 1.592152
v 1.152891 6.374588 1.592152
v 1.156177 6.372544 1.580975
v 1.152891 6.363447 1.578463
v 1.170800 6.214048 1.836802
v 1.170800 6.218664 1.850491
v 1.156177 6.220708 1.847979
v 1.152891 6.218664 1.836802
v 1.170800 6.229805 1.856161
v 1.152891 6.229805 1.850492
v 1.156177 6.220708 1.847979
v 1.170800 6.218664 1.850491
v 1.145473 6.229805 1.836802
v 1.152891 6.218664 1.836802
v 1.156177 6.220708 1.847979
v 1.152891 6.229805 1.850492
v 1.170800 6.379204 1.836802
v 1.152891 6.374588 1.836802
v 1.156177 6.372544 1.847980
v 1.170800 6.374589 1.850492
v 1.145473 6.363447 1.836802
v 1.152891 6.363447 1.850491
v 1.156177 6.372544 1.847980
v 1.152891 6.374588 1.836802
v 1.170800 6.363447 1.856162
v 1.170800 6.374589 1.850492
v 1.156177 6.372544 1.847980
v 1.152891 6.363447 1.850491
v 1.490870 6.214048 1.836802
v 1.490870 6.214048 1.592152
v 1.508779 6.218664 1.592152
v 1.508779 6.218664 1.836802
v 1.508779 6.218664 1.836802
v 1.508779 6.218664 1.592152
v 1.516197 6.229805 1.592152
v 1.516197 6.229805 1.836802
v 1.490870 6.229805 1.572793
v 1.490870 6.363447 1.572793
v 1.508779 6.363447 1.578463
v 1.508779 6.229805 1.578463
v 1.508779 6.229805 1.578463
v 1.508779 6.363447 1.578463
v 1.516197 6.363447 1.592152
v 1.516197 6.229805 1.592152
v 1.490870 6.379204 1.592152
v 1.490870 6.379204 1.836802
v 1.508779 6.374588 1.836802
v 1.508779 6.374588 1.592152
v 1.508779 6.374588 1.592152
v 1.508779 6.374588 1.836802
v 1.516197 6.363447 1.836802
v 1.516197 6.363447 1.592152
v 1.490870 6.363447 1.856162
v 1.490870 6.229805 1.856161
v 1.508779 6.229805 1.850492
v 1.508779 6.363447 1.850491
v 1.508779 6.363447 1.850491
v 1.508779 6.229805 1.850492
v 1.516197 6.229805 1.836802
v 1.516197 6.363447 1.836802
v 1.170800 6.214048 1.836802
v 1.490870 6.214048 1.836802
v 1.490870 6.218664 1.850491
v 1.170800 6.218664 1.850491
v 1.170800 6.218664 1.850491
v 1.490870 6.218664 1.850491
v 1.490870 6.229805 1.856161
v 1.170800 6.229805 1.856161
v 1.490870 6.379204 1.836802
v 1.170800 6.379204 1.836802
v 1.170800 6.374589 1.850492
v 1.490870 6.374589 1.850492
v 1.490870 6.374589 1.850492
v 1.170800 6.374589 1.850492
v 1.170800 6.363447 1.856162
v 1.490870 6.363447 1.856162
v 1.145473 6.363447 1.836802
v 1.145473 6.229805 1.836802
v 1.152891 6.229805 1.850492
v 1.152891 6.363447 1.850491
v 1.152891 6.363447 1.850491
v 1.152891 6.229805 1.850492
v 1.170800 6.229805 1.856161
v 1.170800 6.363447 1.856162
v 1.170800 6.214048 1.592152
v 1.170800 6.214048 1.836802
v 1.152891 6.218664 1.836802
v 1.152891 6.218664 1.592152
v 1.152891 6.218664 1.592152
v 1.152891 6.218664 1.836802
v 1.145473 6.229805 1.836802
v 1.145473 6.229805 1.592152
v 1.170800 6.379204 1.836802
v 1.170800 6.379204 1.592152
v 1.152891 6.374588 1.592152
v 1.152891 6.374588 1.836802
v 1.152891 6.374588 1.836802
v 1.152891 6.374588 1.592152
v 1.145473 6.363447 1.592152
v 1.145473 6.363447 1.836802
v 1.170800 6.363447 1.572793
v 1.170800 6.229805 1.572793
v 1.152891 6.229805 1.578463
v 1.152891 6.363447 1.578463
v 1.152891 6.363447 1.578463
v 1.152891 6.229805 1.578463
v 1.145473 6.229805 1.592152
v 1.145473 6.363447 1.592152
v 1.490870 6.214048 1.592152
v 1.170800 6.214048 1.592152
v 1.170800 6.218664 1.578463
v 1.490870 6.218664 1.578463
v 1.490870 6.218664 1.578463
v 1.170800 6.218664 1.578463
v 1.170800 6.229805 1.572793
v 1.490870 6.229805 1.572793
v 1.170800 6.379204 1.592152
v 1.490870 6.379204 1.592152
v 1.490870 6.374588 1.578463
v 1.170800 6.374588 1.578463
v 1.170800 6.374588 1.578463
v 1.490870 6.374588 1.578463
v 1.490870 6.363447 1.572793
v 1.170800 6.363447 1.572793
v 1.490870 6.214048 1.836802
v 1.170800 6.214048 1.836802
v 1.170800 6.214048 1.592152
v 1.490870 6.214048 1.592152
v 0.455301 6.229805 -1.853129
v 0.455301 6.363447 -1.853129
v 0.775371 6.363447 -1.853129
v 0.775371 6.229805 -1.853129
v 0.429973 6.229805 -1.589119
v 0.429973 6.363447 -1.589119
v 0.429973 6.363447 -1.833770
v 0.429973 6.229805 -1.833770
v 0.455301 6.379204 -1.589119
v 0.775371 6.379204 -1.589119
v 0.775371 6.379204 -1.833770
v 0.455301 6.379204 -1.833770
v 0.800698 6.229805 -1.833770
v 0.800698 6.363447 -1.833770
v 0.800698 6.363447 -1.589119
v 0.800698 6.229805 -1.589119
v 0.775371 6.229805 -1.569761
v 0.775371 6.363447 -1.569761
v 0.455301 6.363447 -1.569761
v 0.455301 6.229805 -1.569761
v 0.775371 6.214048 -1.833770
v 0.775371 6.218664 -1.847458
v 0.789994 6.220709 -1.844947
v 0.793280 6.218664 -1.833770
v 0.775371 6.229805 -1.853129
v 0.793280 6.229805 -1.847459
v 0.789994 6.220709 -1.844947
v 0.775371 6.218664 -1.847458
v 0.800698 6.229805 -1.833770
v 0.793280 6.218664 -1.833770
v 0.789994 6.220709 -1.844947
v 0.793280 6.229805 -1.847459
v 0.775371 6.363447 -1.853129
v 0.775371 6.374588 -1.847458
v 0.789994 6.372544 -1.844947
v 0.793280 6.363447 -1.847458
v 0.775371 6.379204 -1.833770
v 0.793280 6.374589 -1.833770
v 0.789994 6.372544 -1.844947
v 0.775371 6.374588 -1.847458
v 0.800698 6.363447 -1.833770
v 0.793280 6.363447 -1.847458
v 0.789994 6.372544 -1.844947
v 0.793280 6.374589 -1.833770
v 0.775371 6.214048 -1.589119
v 0.793280 6.218663 -1.589119
v 0.789994 6.220708 -1.577943
v 0.775371 6.218663 -1.575431
v 0.800698 6.229805 -1.589119
v 0.793280 6.229805 -1.575431
v 0.789994 6.220708 -1.577943
v 0.793280 6.218663 -1.589119
v 0.775371 6.229805 -1.569761
v 0.775371 6.218663 -1.575431
v 0.789994 6.220708 -1.577943
v 0.793280 6.229805 -1.575431
v 0.775371 6.379204 -1.589119
v 0.775371 6.374588 -1.575431
v 0.789994 6.372544 -1.577943
v 0.793280 6.374588 -1.589119
v 0.775371 6.363447 -1.569761
v 0.793280 6.363447 -1.575431
v 0.789994 6.372544 -1.577943
v 0.775371 6.374588 -1.575431
v 0.800698 6.363447 -1.589119
v 0.793280 6.374588 -1.589119
v 0.789994 6.372544 -1.577943
v 0.793280 6.363447 -1.575431
v 0.455301 6.214048 -1.833770
v 0.437392 6.218664 -1.833770
v 0.440678 6.220709 -1.844947
v 0.455301 6.218664 -1.847458
v 0.429973 6.229805 -1.833770
v 0.437392 6.229805 -1.847459
v 0.440678 6.220709 -1.844947
v 0.437392 6.218664 -1.833770
v 0.455301 6.229805 -1.853129
v 0.455301 6.218664 -1.847458
v 0.440678 6.220709 -1.844947
v 0.437392 6.229805 -1.847459
v 0.455301 6.379204 -1.833770
v 0.455301 6.374588 -1.847458
v 0.440678 6.372544 -1.844947
v 0.437392 6.374589 -1.833770
v 0.455301 6.363447 -1.853129
v 0.437392 6.363447 -1.847458
v 0.440678 6.372544 -1.844947
v 0.455301 6.374588 -1.847458
v 0.429973 6.363447 -1.833770
v 0.437392 6.374589 -1.833770
v 0.440678 6.372544 -1.844947
v 0.437392 6.363447 -1.847458
v 0.455301 6.214048 -1.589119
v 0.455301 6.218663 -1.575431
v 0.440678 6.220708 -1.577943
v 0.437392 6.218663 -1.589119
v 0.455301 6.229805 -1.569761
v 0.437392 6.229805 -1.575431
v 0.440678 6.220708 -1.577943
v 0.455301 6.218663 -1.575431
v 0.429973 6.229805 -1.589119
v 0.437392 6.218663 -1.589119
v 0.440678 6.220708 -1.577943
v 0.437392 6.229805 -1.575431
v 0.455301 6.379204 -1.589119
v 0.437392 6.374588 -1.589119
v 0.440678 6.372544 -1.577943
v 0.455301 6.374588 -1.575431
v 0.429973 6.363447 -1.589119
v 0.437392 6.363447 -1.575431
v 0.440678 6.372544 -1.577943
v 0.437392 6.374588 -1.589119
v 0.455301 6.363447 -1.569761
v 0.455301 6.374588 -1.575431
v 0.440678 6.372544 -1.577943
v 0.437392 6.363447 -1.575431
v 0.775371 6.214048 -1.589119
v 0.775371 6.214048 -1.833770
v 0.793280 6.218664 -1.833770
v 0.793280 6.218663 -1.589119
v 0.793280 6.218663 -1.589119
v 0.793280 6.218664 -1.833770
v 0.800698 6.229805 -1.833770
v 0.800698 6.229805 -1.589119
v 0.775371 6.229805 -1.853129
v 0.775371 6.363447 -1.853129
v 0.793280 6.363447 -1.847458
v 0.793280 6.229805 -1.847459
v 0.793280 6.229805 -1.847459
v 0.793280 6.363447 -1.847458
v 0.800698 6.363447 -1.833770
v 0.800698 6.229805 -1.833770
v 0.775371 6.379204 -1.833770
v 0.775371 6.379204 -1.589119
v 0.793280 6.374588 -1.589119
v 0.793280 6.374589 -1.833770
v 0.793280 6.374589 -1.833770
v 0.793280 6.374588 -1.589119
v 0.800698 6.363447 -1.589119
v 0.800698 6.363447 -1.833770
v 0.775371 6.363447 -1.569761
v 0.775371 6.229805 -1.569761
v 0.793280 6.229805 -1.575431
v 0.793280 6.363447 -1.575431
v 0.793280 6.363447 -1.575431
v 0.793280 6.229805 -1.575431
v 0.800698 6.229805 -1.589119
v 0.800698 6.363447 -1.589119
v 0.455301 6.214048 -1.589119
v 0.775371 6.214048 -1.589119
v 0.775371 6.218663 -1.575431
v 0.455301 6.218663 -1.575431
v 0.455301 6.218663 -1.575431
v 0.775371 6.218663 -1.575431
v 0.775371 6.229805 -1.569761
v 0.455301 6.229805 -1.569761
v 0.775371 6.379204 -1.589119
v 0.455301 6.379204 -1.589119
v 0.455301 6.374588 -1.575431
v 0.775371 6.374588 -1.575431
v 0.775371 6.374588 -1.575431
v 0.455301 6.374588 -1.575431
v 0.455301 6.363447 -1.569761
v 0.775371 6.363447 -1.569761
v 0.429973 6.363447 -1.589119
v 0.429973 6.229805 -1.589119
v 0.437392 6.229805 -1.575431
v 0.437392 6.363447 -1.575431
v 0.437392 6.363447 -1.575431
v 0.437392 6.229805 -1.575431
v 0.455301 6.229805 -1.569761
v 0.455301 6.363447 -1.569761
v 0.455301 6.214048 -1.833770
v 0.455301 6.214048 -1.589119
v 0.437392 6.218663 -1.589119
v 0.437392 6.218664 -1.833770
v 0.437392 6.218664 -1.833770
v 0.437392 6.218663 -1.589119
v 0.429973 6.229805 -1.589119
v 0.429973 6.229805 -1.833770
v 0.455301 6.379204 -1.589119
v 0.455301 6.379204 -1.833770
v 0.437392 6.374589 -1.833770
v 0.437392 6.374588 -1.589119
v 0.437392 6.374588 -1.589119
v 0.437392 6.374589 -1.833770
v 0.429973 6.363447 -1.833770
v 0.429973 6.363447 -1.589119
v 0.455301 6.363447 -1.853129
v 0.455301 6.229805 -1.853129
v 0.437392 6.229805 -1.847459
v 0.437392 6.363447 -1.847458
v 0.437392 6.363447 -1.847458
v 0.437392 6.229805 -1.847459
v 0.429973 6.229805 -1.833770
v 0.429973 6.363447 -1.833770
v 0.775371 6.214048 -1.833770
v 0.455301 6.214048 -1.833770
v 0.455301 6.218664 -1.847458
v 0.775371 6.218664 -1.847458
v 0.775371 6.218664 -1.847458
v 0.455301 6.218664 -1.847458
v 0.455301 6.229805 -1.853129
v 0.775371 6.229805 -1.853129
v 0.455301 6.379204 -1.833770
v 0.775371 6.379204 -1.833770
v 0.775371 6.374588 -1.847458
v 0.455301 6.374588 -1.847458
v 0.455301 6.374588 -1.847458
v 0.775371 6.374588 -1.847458
v 0.775371 6.363447 -1.853129
v 0.455301 6.363447 -1.853129
v 0.775371 6.214048 -1.589119
v 0.455301 6.214048 -1.589119
v 0.455301 6.214048 -1.833770
v 0.775371 6.214048 -1.833770
v 0.455301 6.229805 1.572793
v 0.455301 6.363447 1.572793
v 0.775371 6.363447 1.572793
v 0.775371 6.229805 1.572793
v 0.429974 6.229805 1.836802
v 0.429974 6.363447 1.836802
v 0.429974 6.363447 1.592152
v 0.429974 6.229805 1.592152
v 0.455301 6.379204 1.836802
v 0.775371 6.379204 1.836802
v 0.775371 6.379204 1.592152
v 0.455301 6.379204 1.592152
v 0.800699 6.229805 1.592152
v 0.800699 6.363447 1.592152
v 0.800699 6.363447 1.836802
v 0.800699 6.229805 1.836802
v 0.775371 6.229805 1.856161
v 0.775371 6.363447 1.856162
v 0.455301 6.363447 1.856162
v 0.455301 6.229805 1.856161
v 0.775371 6.214048 1.592152
v 0.775371 6.218664 1.578463
v 0.789994 6.220708 1.580975
v 0.793280 6.218664 1.592152
v 0.775371 6.229805 1.572793
v 0.793280 6.229805 1.578463
v 0.789994 6.220708 1.580975
v 0.775371 6.218664 1.578463
v 0.800699 6.229805 1.592152
v 0.793280 6.218664 1.592152
v 0.789994 6.220708 1.580975
v 0.793280 6.229805 1.578463
v 0.775371 6.363447 1.572793
v 0.775371 6.374588 1.578463
v 0.789994 6.372544 1.580975
v 0.793280 6.363447 1.578463
v 0.775371 6.379204 1.592152
v 0.793280 6.374588 1.592152
v 0.789994 6.372544 1.580975
v 0.775371 6.374588 1.578463
v 0.800699 6.363447 1.592152
v 0.793280 6.363447 1.578463
v 0.789994 6.372544 1.580975
v 0.793280 6.374588 1.592152
v 0.775371 6.214048 1.836802
v 0.793280 6.218664 1.836802
v 0.789994 6.220708 1.847979
v 0.775371 6.218664 1.850491
v 0.800699 6.229805 1.836802
v 0.793280 6.229805 1.850492
v 0.789994 6.220708 1.847979
v 0.793280 6.218664 1.836802
v 0.775371 6.229805 1.856161
v 0.775371 6.218664 1.850491
v 0.789994 6.220708 1.847979
v 0.793280 6.229805 1.850492
v 0.775371 6.379204 1.836802
v 0.775371 6.374589 1.850492
v 0.789994 6.372544 1.847980
v 0.793280 6.374588 1.836802
v 0.775371 6.363447 1.856162
v 0.793280 6.363447 1.850491
v 0.789994 6.372544 1.847980
v 0.775371 6.374589 1.850492
v 0.800699 6.363447 1.836802
v 0.793280 6.374588 1.836802
v 0.789994 6.372544 1.847980
v 0.793280 6.363447 1.850491
v 0.455301 6.214048 1.592152
v 0.437392 6.218664 1.592152
v 0.440678 6.220708 1.580975
v 0.455301 6.218664 1.578463
v 0.429974 6.229805 1.592152
v 0.437392 6.229805 1.578463
v 0.440678 6.220708 1.580975
v 0.437392 6.218664 1.592152
v 0.455301 6.229805 1.572793
v 0.455301 6.218664 1.578463
v 0.440678 6.220708 1.580975
v 0.437392 6.229805 1.578463
v 0.455301 6.379204 1.592152
v 0.455301 6.374588 1.578463
v 0.440678 6.372544 1.580975
v 0.437392 6.374588 1.592152
v 0.455301 6.363447 1.572793
v 0.437392 6.363447 1.578463
v 0.440678 6.372544 1.580975
v 0.455301 6.374588 1.578463
v 0.429974 6.363447 1.592152
v 0.437392 6.374588 1.592152
v 0.440678 6.372544 1.580975
v 0.437392 6.363447 1.578463
v 0.455301 6.214048 1.836802
v 0.455301 6.218664 1.850491
v 0.440678 6.220708 1.847979
v 0.437392 6.218664 1.836802
v 0.455301 6.229805 1.856161
v 0.437392 6.229805 1.850492
v 0.440678 6.220708 1.847979
v 0.455301 6.218664 1.850491
v 0.429974 6.229805 1.836802
v 0.437392 6.218664 1.836802
v 0.440678 6.220708 1.847979
v 0.437392 6.229805 1.850492
v 0.455301 6.379204 1.836802
v 0.437392 6.374588 1.836802
v 0.440678 6.372544 1.847980
v 0.455301 6.374589 1.850492
v 0.429974 6.363447 1.836802
v 0.437392 6.363447 1.850491
v 0.440678 6.372544 1.847980
v 0.437392 6.374588 1.836802
v 0.455301 6.363447 1.856162
v 0.455301 6.374589 1.850492
v 0.440678 6.372544 1.847980
v 0.437392 6.363447 1.850491
v 0.775371 6.214048 1.836802
v 0.775371 6.214048 1.592152
v 0.793280 6.218664 1.592152
v 0.793280 6.218664 1.836802
v 0.793280 6.218664 1.836802
v 0.793280 6.218664 1.592152
v 0.800699 6.229805 1.592152
v 0.800699 6.229805 1.836802
v 0.775371 6.229805 1.572793
v 0.775371 6.363447 1.572793
v 0.793280 6.363447 1.578463
v 0.793280 6.229805 1.578463
v 0.793280 6.229805 1.578463
v 0.793280 6.363447 1.578463
v 0.800699 6.363447 1.592152
v 0.800699 6.229805 1.592152
v 0.775371 6.379204 1.592152
v 0.775371 6.379204 1.836802
v 0.793280 6.374588 1.836802
v 0.793280 6.374588 1.592152
v 0.793280 6.374588 1.592152
v 0.793280 6.374588 1.836802
v 0.800699 6.363447 1.836802
v 0.800699 6.363447 1.592152
v 0.775371 6.363447 1.856162
v 0.775371 6.229805 1.856161
v 0.793280 6.229805 1.850492
v 0.793280 6.363447 1.850491
v 0.793280 6.363447 1.850491
v 0.793280 6.229805 1.850492
v 0.800699 6.229805 1.836802
v 0.800699 6.363447 1.836802
v 0.455301 6.214048 1.836802
v 0.775371 6.214048 1.836802
v 0.775371 6.218664 1.850491
v 0.455301 6.218664 1.850491
v 0.455301 6.218664 1.850491
v 0.775371 6.218664 1.850491
v 0.775371 6.229805 1.856161
v 0.455301 6.229805 1.856161
v 0.775371 6.379204 1.836802
v 0.455301 6.379204 1.836802
v 0.455301 6.374589 1.850492
v 0.775371 6.374589 1.850492
v 0.775371 6.374589 1.850492
v 0.455301 6.374589 1.850492
v 0.455301 6.363447 1.856162
v 0.775371 6.363447 1.856162
v 0.429974 6.363447 1.836802
v 0.429974 6.229805 1.836802
v 0.437392 6.229805 1.850492
v 0.437392 6.363447 1.850491
v 0.437392 6.363447 1.850491
v 0.437392 6.229805 1.850492
v 0.455301 6.229805 1.856161
v 0.455301 6.363447 1.856162
v 0.455301 6.214048 1.592152
v 0.455301 6.214048 1.836802
v 0.437392 6.218664 1.836802
v 0.437392 6.218664 1.592152
v 0.437392 6.218664 1.592152
v 0.437392 6.218664 1.836802
v 0.429974 6.229805 1.836802
v 0.429974 6.229805 1.592152
v 0.455301 6.379204 1.836802
v 0.455301 6.379204 1.592152
v 0.437392 6.374588 1.592152
v 0.437392 6.374588 1.836802
v 0.437392 6.374588 1.836802
v 0.437392 6.374588 1.592152
v 0.429974 6.363447 1.592152
v 0.429974 6.363447 1.836802
v 0.455301 6.363447 1.572793
v 0.455301 6.229805 1.572793
v 0.437392 6.229805 1.578463
v 0.437392 6.363447 1.578463
v 0.437392 6.363447 1.578463
v 0.437392 6.229805 1.578463
v 0.429974 6.229805 1.592152
v 0.429974 6.363447 1.592152
v 0.775371 6.214048 1.592152
v 0.455301 6.214048 1.592152
v 0.455301 6.218664 1.578463
v 0.775371 6.218664 1.578463
v 0.775371 6.218664 1.578463
v 0.455301 6.218664 1.578463
v 0.455301 6.229805 1.572793
v 0.775371 6.229805 1.572793
v 0.455301 6.379204 1.592152
v 0.775371 6.379204 1.592152
v 0.775371 6.374588 1.578463
v 0.455301 6.374588 1.578463
v 0.455301 6.374588 1.578463
v 0.775371 6.374588 1.578463
v 0.775371 6.363447 1.572793
v 0.455301 6.363447 1.572793
v 0.775371 6.214048 1.836802
v 0.455301 6.214048 1.836802
v 0.455301 6.214048 1.592152
v 0.775371 6.214048 1.592152
v -0.166061 6.229805 -0.911698
v -0.166061 6.363447 -0.911698
v -0.166061 6.363447 -1.231769
v -0.166061 6.229805 -1.231769
v 0.097948 6.229805 -0.886371
v 0.097948 6.363446 -0.886371
v -0.146702 6.363446 -0.886371
v -0.146702 6.229805 -0.886371
v 0.097948 6.379204 -0.911698
v 0.097948 6.379204 -1.231769
v -0.146702 6.379204 -1.231769
v -0.146702 6.379204 -0.911698
v -0.146702 6.229805 -1.257096
v -0.146702 6.363447 -1.257096
v 0.097948 6.363447 -1.257096
v 0.097948 6.229805 -1.257096
v 0.117308 6.229805 -1.231769
v 0.117308 6.363447 -1.231769
v 0.117308 6.363447 -0.911698
v 0.117308 6.229805 -0.911698
v -0.146702 6.214048 -1.231769
v -0.160390 6.218663 -1.231769
v -0.157878 6.220708 -1.246391
v -0.146702 6.218663 -1.249678
v -0.166061 6.229805 -1.231769
v -0.160390 6.229805 -1.249678
v -0.157878 6.220708 -1.246391
v -0.160390 6.218663 -1.231769
v -0.146702 6.229805 -1.257096
v -0.146702 6.218663 -1.249678
v -0.157878 6.220708 -1.246391
v -0.160390 6.229805 -1.249678
v -0.166061 6.363447 -1.231769
v -0.160390 6.374588 -1.231769
v -0.157878 6.372544 -1.246391
v -0.160390 6.363447 -1.249678
v -0.146702 6.379204 -1.231769
v -0.146702 6.374588 -1.249678
v -0.157878 6.372544 -1.246391
v -0.160390 6.374588 -1.231769
v -0.146702 6.363447 -1.257096
v -0.160390 6.363447 -1.249678
v -0.157878 6.372544 -1.246391
v -0.146702 6.374588 -1.249678
v 0.097948 6.214048 -1.231769
v 0.097948 6.218663 -1.249678
v 0.109126 6.220708 -1.246391
v 0.111638 6.218663 -1.231769
v 0.097948 6.229805 -1.257096
v 0.111638 6.229805 -1.249678
v 0.109126 6.220708 -1.246391
v 0.097948 6.218663 -1.249678
v 0.117308 6.229805 -1.231769
v 0.111638 6.218663 -1.231769
v 0.109126 6.220708 -1.246391
v 0.111638 6.229805 -1.249678
v 0.097948 6.379204 -1.231769
v 0.111638 6.374588 -1.231769
v 0.109126 6.372544 -1.246391
v 0.097948 6.374588 -1.249678
v 0.117308 6.363447 -1.231769
v 0.111638 6.363447 -1.249678
v 0.109126 6.372544 -1.246391
v 0.111638 6.374588 -1.231769
v 0.097948 6.363447 -1.257096
v 0.097948 6.374588 -1.249678
v 0.109126 6.372544 -1.246391
v 0.111638 6.363447 -1.249678
v -0.146702 6.214048 -0.911698
v -0.146702 6.218664 -0.893789
v -0.157878 6.220709 -0.897075
v -0.160390 6.218663 -0.911698
v -0.146702 6.229805 -0.886371
v -0.160390 6.229806 -0.893789
v -0.157878 6.220709 -0.897075
v -0.146702 6.218664 -0.893789
v -0.166061 6.229805 -0.911698
v -0.160390 6.218663 -0.911698
v -0.157878 6.220709 -0.897075
v -0.160390 6.229806 -0.893789
v -0.146702 6.379204 -0.911698
v -0.160390 6.374588 -0.911698
v -0.157878 6.372544 -0.897075
v -0.146702 6.374589 -0.893789
v -0.166061 6.363447 -0.911698
v -0.160390 6.363447 -0.893789
v -0.157878 6.372544 -0.897075
v -0.160390 6.374588 -0.911698
v -0.146702 6.363446 -0.886371
v -0.146702 6.374589 -0.893789
v -0.157878 6.372544 -0.897075
v -0.160390 6.363447 -0.893789
v 0.097948 6.214048 -0.911698
v 0.111638 6.218663 -0.911698
v 0.109126 6.220709 -0.897075
v 0.097948 6.218664 -0.893789
v 0.117308 6.229805 -0.911698
v 0.111638 6.229806 -0.893789
v 0.109126 6.220709 -0.897075
v 0.111638 6.218663 -0.911698
v 0.097948 6.229805 -0.886371
v 0.097948 6.218664 -0.893789
v 0.109126 6.220709 -0.897075
v 0.111638 6.229806 -0.893789
v 0.097948 6.379204 -0.911698
v 0.097948 6.374589 -0.893789
v 0.109126 6.372544 -0.897075
v 0.111638 6.374588 -0.911698
v 0.097948 6.363446 -0.886371
v 0.111638 6.363447 -0.893789
v 0.109126 6.372544 -0.897075
v 0.097948 6.374589 -0.893789
v 0.117308 6.363447 -0.911698
v 0.111638 6.374588 -0.911698
v 0.109126 6.372544 -0.897075
v 0.111638 6.363447 -0.893789
v 0.097948 6.214048 -1.231769
v -0.146702 6.214048 -1.231769
v -0.146702 6.218663 -1.249678
v 0.097948 6.218663 -1.249678
v 0.097948 6.218663 -1.249678
v -0.146702 6.218663 -1.249678
v -0.146702 6.229805 -1.257096
v 0.097948 6.229805 -1.257096
v -0.166061 6.229805 -1.231769
v -0.166061 6.363447 -1.231769
v -0.160390 6.363447 -1.249678
v -0.160390 6.229805 -1.249678
v -0.160390 6.229805 -1.249678
v -0.160390 6.363447 -1.249678
v -0.146702 6.363447 -1.257096
v -0.146702 6.229805 -1.257096
v -0.146702 6.379204 -1.231769
v 0.097948 6.379204 -1.231769
v 0.097948 6.374588 -1.249678
v -0.146702 6.374588 -1.249678
v -0.146702 6.374588 -1.249678
v 0.097948 6.374588 -1.249678
v 0.097948 6.363447 -1.257096
v -0.146702 6.363447 -1.257096
v 0.117308 6.363447 -1.231769
v 0.117308 6.229805 -1.231769
v 0.111638 6.229805 -1.249678
v 0.111638 6.363447 -1.249678
v 0.111638 6.363447 -1.249678
v 0.111638 6.229805 -1.249678
v 0.097948 6.229805 -1.257096
v 0.097948 6.363447 -1.257096
v 0.097948 6.214048 -0.911698
v 0.097948 6.214048 -1.231769
v 0.111638 6.218663 -1.231769
v 0.111638 6.218663 -0.911698
v 0.111638 6.218663 -0.911698
v 0.111638 6.218663 -1.231769
v 0.117308 6.229805 -1.231769
v 0.117308 6.229805 -0.911698
v 0.097948 6.379204 -1.231769
v 0.097948 6.379204 -0.911698
v 0.111638 6.374588 -0.911698
v 0.111638 6.374588 -1.231769
v 0.111638 6.374588 -1.231769
v 0.111638 6.374588 -0.911698
v 0.117308 6.363447 -0.911698
v 0.117308 6.363447 -1.231769
v 0.097948 6.363446 -0.886371
v 0.097948 6.229805 -0.886371
v 0.111638 6.229806 -0.893789
v 0.111638 6.363447 -0.893789
v 0.111638 6.363447 -0.893789
v 0.111638 6.229806 -0.893789
v 0.117308 6.229805 -0.911698
v 0.117308 6.363447 -0.911698
v -0.146702 6.214048 -0.911698
v 0.097948 6.214048 -0.911698
v 0.097948 6.218664 -0.893789
v -0.146702 6.218664 -0.893789
v -0.146702 6.218664 -0.893789
v 0.097948 6.218664 -0.893789
v 0.097948 6.229805 -0.886371
v -0.146702 6.229805 -0.886371
v 0.097948 6.379204 -0.911698
v -0.146702 6.379204 -0.911698
v -0.146702 6.374589 -0.893789
v 0.097948 6.374589 -0.893789
v 0.097948 6.374589 -0.893789
v -0.146702 6.374589 -0.893789
v -0.146702 6.363446 -0.886371
v 0.097948 6.363446 -0.886371
v -0.166061 6.363447 -0.911698
v -0.166061 6.229805 -0.911698
v -0.160390 6.229806 -0.893789
v -0.160390 6.363447 -0.893789
v -0.160390 6.363447 -0.893789
v -0.160390 6.229806 -0.893789
v -0.146702 6.229805 -0.886371
v -0.146702 6.363446 -0.886371
v -0.146702 6.214048 -1.231769
v -0.146702 6.214048 -0.911698
v -0.160390 6.218663 -0.911698
v -0.160390 6.218663 -1.231769
v -0.160390 6.218663 -1.231769
v -0.160390 6.218663 -0.911698
v -0.166061 6.229805 -0.911698
v -0.166061 6.229805 -1.231769
v -0.146702 6.379204 -0.911698
v -0.146702 6.379204 -1.231769
v -0.160390 6.374588 -1.231769
v -0.160390 6.374588 -0.911698
v -0.160390 6.374588 -0.911698
v -0.160390 6.374588 -1.231769
v -0.166061 6.363447 -1.231769
v -0.166061 6.363447 -0.911698
v 0.097948 6.214048 -1.231769
v 0.097948 6.214048 -0.911698
v -0.146702 6.214048 -0.911698
v -0.146702 6.214048 -1.231769
v 3.259860 6.229805 -0.911698
v 3.259860 6.363447 -0.911698
v 3.259860 6.363446 -1.231769
v 3.259860 6.229805 -1.231769
v 3.523869 6.229805 -0.886371
v 3.523869 6.363447 -0.886371
v 3.279219 6.363447 -0.886371
v 3.279219 6.229805 -0.886371
v 3.523869 6.379204 -0.911698
v 3.523869 6.379204 -1.231769
v 3.279219 6.379204 -1.231769
v 3.279219 6.379204 -0.911698
v 3.279219 6.229805 -1.257096
v 3.279219 6.363447 -1.257096
v 3.523869 6.363447 -1.257096
v 3.523869 6.229805 -1.257096
v 3.543228 6.229805 -1.231769
v 3.543228 6.363446 -1.231769
v 3.543228 6.363447 -0.911698
v 3.543228 6.229805 -0.911698
v 3.279219 6.214048 -1.231769
v 3.265531 6.218663 -1.231769
v 3.268042 6.220708 -1.246392
v 3.279219 6.218663 -1.249678
v 3.259860 6.229805 -1.231769
v 3.265531 6.229805 -1.249678
v 3.268042 6.220708 -1.246392
v 3.265531 6.218663 -1.231769
v 3.279219 6.229805 -1.257096
v 3.279219 6.218663 -1.249678
v 3.268042 6.220708 -1.246392
v 3.265531 6.229805 -1.249678
v 3.259860 6.363446 -1.231769
v 3.265531 6.374588 -1.231769
v 3.268042 6.372544 -1.246392
v 3.265531 6.363446 -1.249678
v 3.279219 6.379204 -1.231769
v 3.279219 6.374588 -1.249678
v 3.268042 6.372544 -1.246392
v 3.265531 6.374588 -1.231769
v 3.279219 6.363447 -1.257096
v 3.265531 6.363446 -1.249678
v 3.268042 6.372544 -1.246392
v 3.279219 6.374588 -1.249678
v 3.523869 6.214048 -1.231769
v 3.523869 6.218663 -1.249678
v 3.535046 6.220708 -1.246392
v 3.537558 6.218663 -1.231769
v 3.523869 6.229805 -1.257096
v 3.537558 6.229805 -1.249678
v 3.535046 6.220708 -1.246392
v 3.523869 6.218663 -1.249678
v 3.543228 6.229805 -1.231769
v 3.537558 6.218663 -1.231769
v 3.535046 6.220708 -1.246392
v 3.537558 6.229805 -1.249678
v 3.523869 6.379204 -1.231769
v 3.537558 6.374588 -1.231769
v 3.535046 6.372544 -1.246392
v 3.523869 6.374588 -1.249678
v 3.543228 6.363446 -1.231769
v 3.537558 6.363446 -1.249678
v 3.535046 6.372544 -1.246392
v 3.537558 6.374588 -1.231769
v 3.523869 6.363447 -1.257096
v 3.523869 6.374588 -1.249678
v 3.535046 6.372544 -1.246392
v 3.537558 6.363446 -1.249678
v 3.279219 6.214048 -0.911698
v 3.279219 6.218663 -0.893789
v 3.268042 6.220708 -0.897076
v 3.265531 6.218663 -0.911698
v 3.279219 6.229805 -0.886371
v 3.265531 6.229805 -0.893789
v 3.268042 6.220708 -0.897076
v 3.279219 6.218663 -0.893789
v 3.259860 6.229805 -0.911698
v 3.265531 6.218663 -0.911698
v 3.268042 6.220708 -0.897076
v 3.265531 6.229805 -0.893789
v 3.279219 6.379204 -0.911698
v 3.265531 6.374588 -0.911698
v 3.268042 6.372544 -0.897076
v 3.279219 6.374588 -0.893789
v 3.259860 6.363447 -0.911698
v 3.265531 6.363447 -0.893789
v 3.268042 6.372544 -0.897076
v 3.265531 6.374588 -0.911698
v 3.279219 6.363447 -0.886371
v 3.279219 6.374588 -0.893789
v 3.268042 6.372544 -0.897076
v 3.265531 6.363447 -0.893789
v 3.523869 6.214048 -0.911698
v 3.537558 6.218663 -0.911698
v 3.535046 6.220708 -0.897076
v 3.523869 6.218663 -0.893789
v 3.543228 6.229805 -0.911698
v 3.537558 6.229805 -0.893789
v 3.535046 6.220708 -0.897076
v 3.537558 6.218663 -0.911698
v 3.523869 6.229805 -0.886371
v 3.523869 6.218663 -0.893789
v 3.535046 6.220708 -0.897076
v 3.537558 6.229805 -0.893789
v 3.523869 6.379204 -0.911698
v 3.523869 6.374588 -0.893789
v 3.535046 6.372544 -0.897076
v 3.537558 6.374588 -0.911698
v 3.523869 6.363447 -0.886371
v 3.537558 6.363447 -0.893789
v 3.535046 6.372544 -0.897076
v 3.523869 6.374588 -0.893789
v 3.543228 6.363447 -0.911698
v 3.537558 6.374588 -0.911698
v 3.535046 6.372544 -0.897076
v 3.537558 6.363447 -0.893789
v 3.523869 6.214048 -1.231769
v 3.279219 6.214048 -1.231769
v 3.279219 6.218663 -1.249678
v 3.523869 6.218663 -1.249678
v 3.523869 6.218663 -1.249678
v 3.279219 6.218663 -1.249678
v 3.279219 6.229805 -1.257096
v 3.523869 6.229805 -1.257096
v 3.259860 6.229805 -1.231769
v 3.259860 6.363446 -1.231769
v 3.265531 6.363446 -1.249678
v 3.265531 6.229805 -1.249678
v 3.265531 6.229805 -1.249678
v 3.265531 6.363446 -1.249678
v 3.279219 6.363447 -1.257096
v 3.279219 6.229805 -1.257096
v 3.279219 6.379204 -1.231769
v 3.523869 6.379204 -1.231769
v 3.523869 6.374588 -1.249678
v 3.279219 6.374588 -1.249678
v 3.279219 6.374588 -1.249678
v 3.523869 6.374588 -1.249678
v 3.523869 6.363447 -1.257096
v 3.279219 6.363447 -1.257096
v 3.543228 6.363446 -1.231769
v 3.543228 6.229805 -1.231769
v 3.537558 6.229805 -1.249678
v 3.537558 6.363446 -1.249678
v 3.537558 6.363446 -1.249678
v 3.537558 6.229805 -1.249678
v 3.523869 6.229805 -1.257096
v 3.523869 6.363447 -1.257096
v 3.523869 6.214048 -0.911698
v 3.523869 6.214048 -1.231769
v 3.537558 6.218663 -1.231769
v 3.537558 6.218663 -0.911698
v 3.537558 6.218663 -0.911698
v 3.537558 6.218663 -1.231769
v 3.543228 6.229805 -1.231769
v 3.543228 6.229805 -0.911698
v 3.523869 6.379204 -1.231769
v 3.523869 6.379204 -0.911698
v 3.537558 6.374588 -0.911698
v 3.537558 6.374588 -1.231769
v 3.537558 6.374588 -1.231769
v 3.537558 6.374588 -0.911698
v 3.543228 6.363447 -0.911698
v 3.543228 6.363446 -1.231769
v 3.523869 6.363447 -0.886371
v 3.523869 6.229805 -0.886371
v 3.537558 6.229805 -0.893789
v 3.537558 6.363447 -0.893789
v 3.537558 6.363447 -0.893789
v 3.537558 6.229805 -0.893789
v 3.543228 6.229805 -0.911698
v 3.543228 6.363447 -0.911698
v 3.279219 6.214048 -0.911698
v 3.523869 6.214048 -0.911698
v 3.523869 6.218663 -0.893789
v 3.279219 6.218663 -0.893789
v 3.279219 6.218663 -0.893789
v 3.523869 6.218663 -0.893789
v 3.523869 6.229805 -0.886371
v 3.279219 6.229805 -0.886371
v 3.523869 6.379204 -0.911698
v 3.279219 6.379204 -0.911698
v 3.279219 6.374588 -0.893789
v 3.523869 6.374588 -0.893789
v 3.523869 6.374588 -0.893789
v 3.279219 6.374588 -0.893789
v 3.279219 6.363447 -0.886371
v 3.523869 6.363447 -0.886371
v 3.259860 6.363447 -0.911698
v 3.259860 6.229805 -0.911698
v 3.265531 6.229805 -0.893789
v 3.265531 6.363447 -0.893789
v 3.265531 6.363447 -0.893789
v 3.265531 6.229805 -0.893789
v 3.279219 6.229805 -0.886371
v 3.279219 6.363447 -0.886371
v 3.279219 6.214048 -1.231769
v 3.279219 6.214048 -0.911698
v 3.265531 6.218663 -0.911698
v 3.265531 6.218663 -1.231769
v 3.265531 6.218663 -1.231769
v 3.265531 6.218663 -0.911698
v 3.259860 6.229805 -0.911698
v 3.259860 6.229805 -1.231769
v 3.279219 6.379204 -0.911698
v 3.279219 6.379204 -1.231769
v 3.265531 6.374588 -1.231769
v 3.265531 6.374588 -0.911698
v 3.265531 6.374588 -0.911698
v 3.265531 6.374588 -1.231769
v 3.259860 6.363446 -1.231769
v 3.259860 6.363447 -0.911698
v 3.523869 6.214048 -1.231769
v 3.523869 6.214048 -0.911698
v 3.279219 6.214048 -0.911698
v 3.279219 6.214048 -1.231769
v -0.166060 6.229805 -0.196199
v -0.166060 6.363447 -0.196199
v -0.166060 6.363447 -0.516270
v -0.166060 6.229805 -0.516270
v 0.097949 6.229805 -0.170872
v 0.097949 6.363447 -0.170872
v -0.146702 6.363447 -0.170872
v -0.146702 6.229805 -0.170872
v 0.097949 6.379204 -0.196199
v 0.097949 6.379204 -0.516270
v -0.146702 6.379204 -0.516270
v -0.146702 6.379204 -0.196199
v -0.146702 6.229805 -0.541596
v -0.146702 6.363447 -0.541596
v 0.097949 6.363447 -0.541596
v 0.097949 6.229805 -0.541596
v 0.117308 6.229805 -0.516270
v 0.117308 6.363447 -0.516270
v 0.117308 6.363447 -0.196199
v 0.117308 6.229805 -0.196199
v -0.146702 6.214048 -0.516270
v -0.160390 6.218664 -0.516270
v -0.157878 6.220708 -0.530892
v -0.146702 6.218664 -0.534178
v -0.166060 6.229805 -0.516270
v -0.160390 6.229805 -0.534178
v -0.157878 6.220708 -0.530892
v -0.160390 6.218664 -0.516270
v -0.146702 6.229805 -0.541596
v -0.146702 6.218664 -0.534178
v -0.157878 6.220708 -0.530892
v -0.160390 6.229805 -0.534178
v -0.166060 6.363447 -0.516270
v -0.160390 6.374588 -0.516270
v -0.157878 6.372544 -0.530892
v -0.160390 6.363447 -0.534178
v -0.146702 6.379204 -0.516270
v -0.146702 6.374588 -0.534178
v -0.157878 6.372544 -0.530892
v -0.160390 6.374588 -0.516270
v -0.146702 6.363447 -0.541596
v -0.160390 6.363447 -0.534178
v -0.157878 6.372544 -0.530892
v -0.146702 6.374588 -0.534178
v 0.097949 6.214048 -0.516270
v 0.097949 6.218664 -0.534178
v 0.109126 6.220708 -0.530892
v 0.111638 6.218664 -0.516270
v 0.097949 6.229805 -0.541596
v 0.111638 6.229805 -0.534178
v 0.109126 6.220708 -0.530892
v 0.097949 6.218664 -0.534178
v 0.117308 6.229805 -0.516270
v 0.111638 6.218664 -0.516270
v 0.109126 6.220708 -0.530892
v 0.111638 6.229805 -0.534178
v 0.097949 6.379204 -0.516270
v 0.111638 6.374588 -0.516270
v 0.109126 6.372544 -0.530892
v 0.097949 6.374588 -0.534178
v 0.117308 6.363447 -0.516270
v 0.111638 6.363447 -0.534178
v 0.109126 6.372544 -0.530892
v 0.111638 6.374588 -0.516270
v 0.097949 6.363447 -0.541596
v 0.097949 6.374588 -0.534178
v 0.109126 6.372544 -0.530892
v 0.111638 6.363447 -0.534178
v -0.146702 6.214048 -0.196199
v -0.146702 6.218664 -0.178290
v -0.157878 6.220708 -0.181576
v -0.160390 6.218664 -0.196199
v -0.146702 6.229805 -0.170872
v -0.160390 6.229805 -0.178290
v -0.157878 6.220708 -0.181576
v -0.146702 6.218664 -0.178290
v -0.166060 6.229805 -0.196199
v -0.160390 6.218664 -0.196199
v -0.157878 6.220708 -0.181576
v -0.160390 6.229805 -0.178290
v -0.146702 6.379204 -0.196199
v -0.160390 6.374588 -0.196199
v -0.157878 6.372544 -0.181576
v -0.146702 6.374588 -0.178290
v -0.166060 6.363447 -0.196199
v -0.160390 6.363447 -0.178290
v -0.157878 6.372544 -0.181576
v -0.160390 6.374588 -0.196199
v -0.146702 6.363447 -0.170872
v -0.146702 6.374588 -0.178290
v -0.157878 6.372544 -0.181576
v -0.160390 6.363447 -0.178290
v 0.097949 6.214048 -0.196199
v 0.111638 6.218664 -0.196199
v 0.109126 6.220708 -0.181576
v 0.097949 6.218664 -0.178290
v 0.117308 6.229805 -0.196199
v 0.111638 6.229805 -0.178290
v 0.109126 6.220708 -0.181576
v 0.111638 6.218664 -0.196199
v 0.097949 6.229805 -0.170872
v 0.097949 6.218664 -0.178290
v 0.109126 6.220708 -0.181576
v 0.111638 6.229805 -0.178290
v 0.097949 6.379204 -0.196199
v 0.097949 6.374588 -0.178290
v 0.109126 6.372544 -0.181576
v 0.111638 6.374588 -0.196199
v 0.097949 6.363447 -0.170872
v 0.111638 6.363447 -0.178290
v 0.109126 6.372544 -0.181576
v 0.097949 6.374588 -0.178290
v 0.117308 6.363447 -0.196199
v 0.111638 6.374588 -0.196199
v 0.109126 6.372544 -0.181576
v 0.111638 6.363447 -0.178290
v 0.097949 6.214048 -0.516270
v -0.146702 6.214048 -0.516270
v -0.146702 6.218664 -0.534178
v 0.097949 6.218664 -0.534178
v 0.097949 6.218664 -0.534178
v -0.146702 6.218664 -0.534178
v -0.146702 6.229805 -0.541596
v 0.097949 6.229805 -0.541596
v -0.166060 6.229805 -0.516270
v -0.166060 6.363447 -0.516270
v -0.160390 6.363447 -0.534178
v -0.160390 6.229805 -0.534178
v -0.160390 6.229805 -0.534178
v -0.160390 6.363447 -0.534178
v -0.146702 6.363447 -0.541596
v -0.146702 6.229805 -0.541596
v -0.146702 6.379204 -0.516270
v 0.097949 6.379204 -0.516270
v 0.097949 6.374588 -0.534178
v -0.146702 6.374588 -0.534178
v -0.146702 6.374588 -0.534178
v 0.097949 6.374588 -0.534178
v 0.097949 6.363447 -0.541596
v -0.146702 6.363447 -0.541596
v 0.117308 6.363447 -0.516270
v 0.117308 6.229805 -0.516270
v 0.111638 6.229805 -0.534178
v 0.111638 6.363447 -0.534178
v 0.111638 6.363447 -0.534178
v 0.111638 6.229805 -0.534178
v 0.097949 6.229805 -0.541596
v 0.097949 6.363447 -0.541596
v 0.097949 6.214048 -0.196199
v 0.097949 6.214048 -0.516270
v 0.111638 6.218664 -0.516270
v 0.111638 6.218664 -0.196199
v 0.111638 6.218664 -0.196199
v 0.111638 6.218664 -0.516270
v 0.117308 6.229805 -0.516270
v 0.117308 6.229805 -0.196199
v 0.097949 6.379204 -0.516270
v 0.097949 6.379204 -0.196199
v 0.111638 6.374588 -0.196199
v 0.111638 6.374588 -0.516270
v 0.111638 6.374588 -0.516270
v 0.111638 6.374588 -0.196199
v 0.117308 6.363447 -0.196199
v 0.117308 6.363447 -0.516270
v 0.097949 6.363447 -0.170872
v 0.097949 6.229805 -0.170872
v 0.111638 6.229805 -0.178290
v 0.111638 6.363447 -0.178290
v 0.111638 6.363447 -0.178290
v 0.111638 6.229805 -0.178290
v 0.117308 6.229805 -0.196199
v 0.117308 6.363447 -0.196199
v -0.146702 6.214048 -0.196199
v 0.097949 6.214048 -0.196199
v 0.097949 6.218664 -0.178290
v -0.146702 6.218664 -0.178290
v -0.146702 6.218664 -0.178290
v 0.097949 6.218664 -0.178290
v 0.097949 6.229805 -0.170872
v -0.146702 6.229805 -0.170872
v 0.097949 6.379204 -0.196199
v -0.146702 6.379204 -0.196199
v -0.146702 6.374588 -0.178290
v 0.097949 6.374588 -0.178290
v 0.097949 6.374588 -0.178290
v -0.146702 6.374588 -0.178290
v -0.146702 6.363447 -0.170872
v 0.097949 6.363447 -0.170872
v -0.166060 6.363447 -0.196199
v -0.166060 6.229805 -0.196199
v -0.160390 6.229805 -0.178290
v -0.160390 6.363447 -0.178290
v -0.160390 6.363447 -0.178290
v -0.160390 6.229805 -0.178290
v -0.146702 6.229805 -0.170872
v -0.146702 6.363447 -0.170872
v -0.146702 6.214048 -0.516270
v -0.146702 6.214048 -0.196199
v -0.160390 6.218664 -0.196199
v -0.160390 6.218664 -0.516270
v -0.160390 6.218664 -0.516270
v -0.160390 6.218664 -0.196199
v -0.166060 6.229805 -0.196199
v -0.166060 6.229805 -0.516270
v -0.146702 6.379204 -0.196199
v -0.146702 6.379204 -0.516270
v -0.160390 6.374588 -0.516270
v -0.160390 6.374588 -0.196199
v -0.160390 6.374588 -0.196199
v -0.160390 6.374588 -0.516270
v -0.166060 6.363447 -0.516270
v -0.166060 6.363447 -0.196199
v 0.097949 6.214048 -0.516270
v 0.097949 6.214048 -0.196199
v -0.146702 6.214048 -0.196199
v -0.146702 6.214048 -0.516270
v 3.259860 6.229805 -0.196199
v 3.259860 6.363447 -0.196199
v 3.259860 6.363447 -0.516270
v 3.259860 6.229805 -0.516270
v 3.523870 6.229805 -0.170872
v 3.523870 6.363447 -0.170872
v 3.279219 6.363447 -0.170872
v 3.279219 6.229805 -0.170872
v 3.523870 6.379204 -0.196199
v 3.523870 6.379204 -0.516270
v 3.279219 6.379204 -0.516270
v 3.279219 6.379204 -0.196199
v 3.279219 6.229805 -0.541597
v 3.279219 6.363447 -0.541597
v 3.523870 6.363447 -0.541597
v 3.523870 6.229805 -0.541597
v 3.543228 6.229805 -0.516270
v 3.543228 6.363447 -0.516270
v 3.543228 6.363447 -0.196199
v 3.543228 6.229805 -0.196199
v 3.279219 6.214048 -0.516270
v 3.265531 6.218664 -0.516270
v 3.268043 6.220708 -0.530893
v 3.279219 6.218664 -0.534179
v 3.259860 6.229805 -0.516270
v 3.265531 6.229805 -0.534179
v 3.268043 6.220708 -0.530893
v 3.265531 6.218664 -0.516270
v 3.279219 6.229805 -0.541597
v 3.279219 6.218664 -0.534179
v 3.268043 6.220708 -0.530893
v 3.265531 6.229805 -0.534179
v 3.259860 6.363447 -0.516270
v 3.265531 6.374588 -0.516270
v 3.268043 6.372544 -0.530893
v 3.265531 6.363447 -0.534179
v 3.279219 6.379204 -0.516270
v 3.279219 6.374588 -0.534179
v 3.268043 6.372544 -0.530893
v 3.265531 6.374588 -0.516270
v 3.279219 6.363447 -0.541597
v 3.265531 6.363447 -0.534179
v 3.268043 6.372544 -0.530893
v 3.279219 6.374588 -0.534179
v 3.523870 6.214048 -0.516270
v 3.523870 6.218664 -0.534179
v 3.535047 6.220708 -0.530893
v 3.537559 6.218664 -0.516270
v 3.523870 6.229805 -0.541597
v 3.537559 6.229805 -0.534179
v 3.535047 6.220708 -0.530893
v 3.523870 6.218664 -0.534179
v 3.543228 6.229805 -0.516270
v 3.537559 6.218664 -0.516270
v 3.535047 6.220708 -0.530893
v 3.537559 6.229805 -0.534179
v 3.523870 6.379204 -0.516270
v 3.537559 6.374588 -0.516270
v 3.535047 6.372544 -0.530893
v 3.523870 6.374588 -0.534179
v 3.543228 6.363447 -0.516270
v 3.537559 6.363447 -0.534179
v 3.535047 6.372544 -0.530893
v 3.537559 6.374588 -0.516270
v 3.523870 6.363447 -0.541597
v 3.523870 6.374588 -0.534179
v 3.535047 6.372544 -0.530893
v 3.537559 6.363447 -0.534179
v 3.279219 6.214048 -0.196199
v 3.279219 6.218664 -0.178290
v 3.268043 6.220708 -0.181576
v 3.265531 6.218664 -0.196199
v 3.279219 6.229805 -0.170872
v 3.265531 6.229805 -0.178290
v 3.268043 6.220708 -0.181576
v 3.279219 6.218664 -0.178290
v 3.259860 6.229805 -0.196199
v 3.265531 6.218664 -0.196199
v 3.268043 6.220708 -0.181576
v 3.265531 6.229805 -0.178290
v 3.279219 6.379204 -0.196199
v 3.265531 6.374588 -0.196199
v 3.268043 6.372544 -0.181576
v 3.279219 6.374588 -0.178290
v 3.259860 6.363447 -0.196199
v 3.265531 6.363447 -0.178290
v 3.268043 6.372544 -0.181576
v 3.265531 6.374588 -0.196199
v 3.279219 6.363447 -0.170872
v 3.279219 6.374588 -0.178290
v 3.268043 6.372544 -0.181576
v 3.265531 6.363447 -0.178290
v 3.523870 6.214048 -0.196199
v 3.537559 6.218664 -0.196199
v 3.535046 6.220708 -0.181577
v 3.523870 6.218664 -0.178290
v 3.543228 6.229805 -0.196199
v 3.537559 6.229805 -0.178290
v 3.535046 6.220708 -0.181577
v 3.537559 6.218664 -0.196199
v 3.523870 6.229805 -0.170872
v 3.523870 6.218664 -0.178290
v 3.535046 6.220708 -0.181577
v 3.537559 6.229805 -0.178290
v 3.523870 6.379204 -0.196199
v 3.523870 6.374588 -0.178290
v 3.535046 6.372544 -0.181577
v 3.537559 6.374588 -0.196199
v 3.523870 6.363447 -0.170872
v 3.537559 6.363447 -0.178290
v 3.535046 6.372544 -0.181577
v 3.523870 6.374588 -0.178290
v 3.543228 6.363447 -0.196199
v 3.537559 6.374588 -0.196199
v 3.535046 6.372544 -0.181577
v 3.537559 6.363447 -0.178290
v 3.523870 6.214048 -0.516270
v 3.279219 6.214048 -0.516270
v 3.279219 6.218664 -0.534179
v 3.523870 6.218664 -0.534179
v 3.523870 6.218664 -0.534179
v 3.279219 6.218664 -0.534179
v 3.279219 6.229805 -0.541597
v 3.523870 6.229805 -0.541597
v 3.259860 6.229805 -0.516270
v 3.259860 6.363447 -0.516270
v 3.265531 6.363447 -0.534179
v 3.265531 6.229805 -0.534179
v 3.265531 6.229805 -0.534179
v 3.265531 6.363447 -0.534179
v 3.279219 6.363447 -0.541597
v 3.279219 6.229805 -0.541597
v 3.279219 6.379204 -0.516270
v 3.523870 6.379204 -0.516270
v 3.523870 6.374588 -0.534179
v 3.279219 6.374588 -0.534179
v 3.279219 6.374588 -0.534179
v 3.523870 6.374588 -0.534179
v 3.523870 6.363447 -0.541597
v 3.279219 6.363447 -0.541597
v 3.543228 6.363447 -0.516270
v 3.543228 6.229805 -0.516270
v 3.537559 6.229805 -0.534179
v 3.537559 6.363447 -0.534179
v 3.537559 6.363447 -0.534179
v 3.537559 6.229805 -0.534179
v 3.523870 6.229805 -0.541597
v 3.523870 6.363447 -0.541597
v 3.523870 6.214048 -0.196199
v 3.523870 6.214048 -0.516270
v 3.537559 6.218664 -0.516270
v 3.537559 6.218664 -0.196199
v 3.537559 6.218664 -0.196199
v 3.537559 6.218664 -0.516270
v 3.543228 6.229805 -0.516270
v 3.543228 6.229805 -0.196199
v 3.523870 6.379204 -0.516270
v 3.523870 6.379204 -0.196199
v 3.537559 6.374588 -0.196199
v 3.537559 6.374588 -0.516270
v 3.537559 6.374588 -0.516270
v 3.537559 6.374588 -0.196199
v 3.543228 6.363447 -0.196199
v 3.543228 6.363447 -0.516270
v 3.523870 6.363447 -0.170872
v 3.523870 6.229805 -0.170872
v 3.537559 6.229805 -0.178290
v 3.537559 6.363447 -0.178290
v 3.537559 6.363447 -0.178290
v 3.537559 6.229805 -0.178290
v 3.543228 6.229805 -0.196199
v 3.543228 6.363447 -0.196199
v 3.279219 6.214048 -0.196199
v 3.523870 6.214048 -0.196199
v 3.523870 6.218664 -0.178290
v 3.279219 6.218664 -0.178290
v 3.279219 6.218664 -0.178290
v 3.523870 6.218664 -0.178290
v 3.523870 6.229805 -0.170872
v 3.279219 6.229805 -0.170872
v 3.523870 6.379204 -0.196199
v 3.279219 6.379204 -0.196199
v 3.279219 6.374588 -0.178290
v 3.523870 6.374588 -0.178290
v 3.523870 6.374588 -0.178290
v 3.279219 6.374588 -0.178290
v 3.279219 6.363447 -0.170872
v 3.523870 6.363447 -0.170872
v 3.259860 6.363447 -0.196199
v 3.259860 6.229805 -0.196199
v 3.265531 6.229805 -0.178290
v 3.265531 6.363447 -0.178290
v 3.265531 6.363447 -0.178290
v 3.265531 6.229805 -0.178290
v 3.279219 6.229805 -0.170872
v 3.279219 6.363447 -0.170872
v 3.279219 6.214048 -0.516270
v 3.279219 6.214048 -0.196199
v 3.265531 6.218664 -0.196199
v 3.265531 6.218664 -0.516270
v 3.265531 6.218664 -0.516270
v 3.265531 6.218664 -0.196199
v 3.259860 6.229805 -0.196199
v 3.259860 6.229805 -0.516270
v 3.279219 6.379204 -0.196199
v 3.279219 6.379204 -0.516270
v 3.265531 6.374588 -0.516270
v 3.265531 6.374588 -0.196199
v 3.265531 6.374588 -0.196199
v 3.265531 6.374588 -0.516270
v 3.259860 6.363447 -0.516270
v 3.259860 6.363447 -0.196199
v 3.523870 6.214048 -0.516270
v 3.523870 6.214048 -0.196199
v 3.279219 6.214048 -0.196199
v 3.279219 6.214048 -0.516270
v -0.166060 6.229806 0.519300
v -0.166060 6.363447 0.519300
v -0.166060 6.363446 0.199229
v -0.166060 6.229805 0.199229
v 0.097949 6.229805 0.544627
v 0.097949 6.363446 0.544627
v -0.146702 6.363446 0.544627
v -0.146702 6.229805 0.544627
v 0.097949 6.379204 0.519300
v 0.097949 6.379204 0.199229
v -0.146702 6.379204 0.199229
v -0.146702 6.379204 0.519300
v -0.146702 6.229805 0.173902
v -0.146702 6.363447 0.173902
v 0.097949 6.363447 0.173902
v 0.097949 6.229805 0.173902
v 0.117308 6.229805 0.199229
v 0.117308 6.363446 0.199229
v 0.117308 6.363447 0.519300
v 0.117308 6.229806 0.519300
v -0.146702 6.214048 0.199229
v -0.160390 6.218663 0.199229
v -0.157878 6.220708 0.184607
v -0.146702 6.218664 0.181320
v -0.166060 6.229805 0.199229
v -0.160390 6.229805 0.181320
v -0.157878 6.220708 0.184607
v -0.160390 6.218663 0.199229
v -0.146702 6.229805 0.173902
v -0.146702 6.218664 0.181320
v -0.157878 6.220708 0.184607
v -0.160390 6.229805 0.181320
v -0.166060 6.363446 0.199229
v -0.160390 6.374588 0.199229
v -0.157878 6.372544 0.184607
v -0.160390 6.363447 0.181320
v -0.146702 6.379204 0.199229
v -0.146702 6.374588 0.181320
v -0.157878 6.372544 0.184607
v -0.160390 6.374588 0.199229
v -0.146702 6.363447 0.173902
v -0.160390 6.363447 0.181320
v -0.157878 6.372544 0.184607
v -0.146702 6.374588 0.181320
v 0.097949 6.214048 0.199229
v 0.097949 6.218664 0.181320
v 0.109126 6.220708 0.184607
v 0.111638 6.218663 0.199229
v 0.097949 6.229805 0.173902
v 0.111638 6.229805 0.181320
v 0.109126 6.220708 0.184607
v 0.097949 6.218664 0.181320
v 0.117308 6.229805 0.199229
v 0.111638 6.218663 0.199229
v 0.109126 6.220708 0.184607
v 0.111638 6.229805 0.181320
v 0.097949 6.379204 0.199229
v 0.111638 6.374588 0.199229
v 0.109126 6.372544 0.184607
v 0.097949 6.374588 0.181320
v 0.117308 6.363446 0.199229
v 0.111638 6.363447 0.181320
v 0.109126 6.372544 0.184607
v 0.111638 6.374588 0.199229
v 0.097949 6.363447 0.173902
v 0.097949 6.374588 0.181320
v 0.109126 6.372544 0.184607
v 0.111638 6.363447 0.181320
v -0.146702 6.214048 0.519300
v -0.146702 6.218664 0.537209
v -0.157878 6.220709 0.533923
v -0.160390 6.218664 0.519300
v -0.146702 6.229805 0.544627
v -0.160390 6.229805 0.537209
v -0.157878 6.220709 0.533923
v -0.146702 6.218664 0.537209
v -0.166060 6.229806 0.519300
v -0.160390 6.218664 0.519300
v -0.157878 6.220709 0.533923
v -0.160390 6.229805 0.537209
v -0.146702 6.379204 0.519300
v -0.160390 6.374589 0.519300
v -0.157878 6.372544 0.533923
v -0.146702 6.374588 0.537209
v -0.166060 6.363447 0.519300
v -0.160390 6.363447 0.537209
v -0.157878 6.372544 0.533923
v -0.160390 6.374589 0.519300
v -0.146702 6.363446 0.544627
v -0.146702 6.374588 0.537209
v -0.157878 6.372544 0.533923
v -0.160390 6.363447 0.537209
v 0.097949 6.214048 0.519300
v 0.111638 6.218664 0.519300
v 0.109126 6.220709 0.533923
v 0.097949 6.218664 0.537209
v 0.117308 6.229806 0.519300
v 0.111638 6.229805 0.537209
v 0.109126 6.220709 0.533923
v 0.111638 6.218664 0.519300
v 0.097949 6.229805 0.544627
v 0.097949 6.218664 0.537209
v 0.109126 6.220709 0.533923
v 0.111638 6.229805 0.537209
v 0.097949 6.379204 0.519300
v 0.097949 6.374588 0.537209
v 0.109126 6.372544 0.533923
v 0.111638 6.374589 0.519300
v 0.097949 6.363446 0.544627
v 0.111638 6.363447 0.537209
v 0.109126 6.372544 0.533923
v 0.097949 6.374588 0.537209
v 0.117308 6.363447 0.519300
v 0.111638 6.374589 0.519300
v 0.109126 6.372544 0.533923
v 0.111638 6.363447 0.537209
v 0.097949 6.214048 0.199229
v -0.146702 6.214048 0.199229
v -0.146702 6.218664 0.181320
v 0.097949 6.218664 0.181320
v 0.097949 6.218664 0.181320
v -0.146702 6.218664 0.181320
v -0.146702 6.229805 0.173902
v 0.097949 6.229805 0.173902
v -0.166060 6.229805 0.199229
v -0.166060 6.363446 0.199229
v -0.160390 6.363447 0.181320
v -0.160390 6.229805 0.181320
v -0.160390 6.229805 0.181320
v -0.160390 6.363447 0.181320
v -0.146702 6.363447 0.173902
v -0.146702 6.229805 0.173902
v -0.146702 6.379204 0.199229
v 0.097949 6.379204 0.199229
v 0.097949 6.374588 0.181320
v -0.146702 6.374588 0.181320
v -0.146702 6.374588 0.181320
v 0.097949 6.374588 0.181320
v 0.097949 6.363447 0.173902
v -0.146702 6.363447 0.173902
v 0.117308 6.363446 0.199229
v 0.117308 6.229805 0.199229
v 0.111638 6.229805 0.181320
v 0.111638 6.363447 0.181320
v 0.111638 6.363447 0.181320
v 0.111638 6.229805 0.181320
v 0.097949 6.229805 0.173902
v 0.097949 6.363447 0.173902
v 0.097949 6.214048 0.519300
v 0.097949 6.214048 0.199229
v 0.111638 6.218663 0.199229
v 0.111638 6.218664 0.519300
v 0.111638 6.218664 0.519300
v 0.111638 6.218663 0.199229
v 0.117308 6.229805 0.199229
v 0.117308 6.229806 0.519300
v 0.097949 6.379204 0.199229
v 0.097949 6.379204 0.519300
v 0.111638 6.374589 0.519300
v 0.111638 6.374588 0.199229
v 0.111638 6.374588 0.199229
v 0.111638 6.374589 0.519300
v 0.117308 6.363447 0.519300
v 0.117308 6.363446 0.199229
v 0.097949 6.363446 0.544627
v 0.097949 6.229805 0.544627
v 0.111638 6.229805 0.537209
v 0.111638 6.363447 0.537209
v 0.111638 6.363447 0.537209
v 0.111638 6.229805 0.537209
v 0.117308 6.229806 0.519300
v 0.117308 6.363447 0.519300
v -0.146702 6.214048 0.519300
v 0.097949 6.214048 0.519300
v 0.097949 6.218664 0.537209
v -0.146702 6.218664 0.537209
v -0.146702 6.218664 0.537209
v 0.097949 6.218664 0.537209
v 0.097949 6.229805 0.544627
v -0.146702 6.229805 0.544627
v 0.097949 6.379204 0.519300
v -0.146702 6.379204 0.519300
v -0.146702 6.374588 0.537209
v 0.097949 6.374588 0.537209
v 0.097949 6.374588 0.537209
v -0.146702 6.374588 0.537209
v -0.146702 6.363446 0.544627
v 0.097949 6.363446 0.544627
v -0.166060 6.363447 0.519300
v -0.166060 6.229806 0.519300
v -0.160390 6.229805 0.537209
v -0.160390 6.363447 0.537209
v -0.160390 6.363447 0.537209
v -0.160390 6.229805 0.537209
v -0.146702 6.229805 0.544627
v -0.146702 6.363446 0.544627
v -0.146702 6.214048 0.199229
v -0.146702 6.214048 0.519300
v -0.160390 6.218664 0.519300
v -0.160390 6.218663 0.199229
v -0.160390 6.218663 0.199229
v -0.160390 6.218664 0.519300
v -0.166060 6.229806 0.519300
v -0.166060 6.229805 0.199229
v -0.146702 6.379204 0.519300
v -0.146702 6.379204 0.199229
v -0.160390 6.374588 0.199229
v -0.160390 6.374589 0.519300
v -0.160390 6.374589 0.519300
v -0.160390 6.374588 0.199229
v -0.166060 6.363446 0.199229
v -0.166060 6.363447 0.519300
v 0.097949 6.214048 0.199229
v 0.097949 6.214048 0.519300
v -0.146702 6.214048 0.519300
v -0.146702 6.214048 0.199229
v 3.259860 6.229805 0.519300
v 3.259860 6.363447 0.519300
v 3.259860 6.363446 0.199229
v 3.259860 6.229805 0.199229
v 3.523870 6.229805 0.544627
v 3.523870 6.363447 0.544627
v 3.279219 6.363447 0.544627
v 3.279219 6.229805 0.544627
v 3.523870 6.379204 0.519300
v 3.523870 6.379204 0.199229
v 3.279219 6.379204 0.199229
v 3.279219 6.379204 0.519300
v 3.279219 6.229806 0.173902
v 3.279219 6.363447 0.173902
v 3.523870 6.363447 0.173902
v 3.523870 6.229806 0.173902
v 3.543228 6.229805 0.199229
v 3.543228 6.363446 0.199229
v 3.543228 6.363447 0.519300
v 3.543228 6.229805 0.519300
v 3.279219 6.214048 0.199229
v 3.265531 6.218663 0.199229
v 3.268043 6.220708 0.184606
v 3.279219 6.218664 0.181320
v 3.259860 6.229805 0.199229
v 3.265531 6.229805 0.181320
v 3.268043 6.220708 0.184606
v 3.265531 6.218663 0.199229
v 3.279219 6.229806 0.173902
v 3.279219 6.218664 0.181320
v 3.268043 6.220708 0.184606
v 3.265531 6.229805 0.181320
v 3.259860 6.363446 0.199229
v 3.265531 6.374588 0.199229
v 3.268043 6.372544 0.184606
v 3.265531 6.363447 0.181320
v 3.279219 6.379204 0.199229
v 3.279219 6.374588 0.181320
v 3.268043 6.372544 0.184606
v 3.265531 6.374588 0.199229
v 3.279219 6.363447 0.173902
v 3.265531 6.363447 0.181320
v 3.268043 6.372544 0.184606
v 3.279219 6.374588 0.181320
v 3.523870 6.214048 0.199229
v 3.523870 6.218664 0.181320
v 3.535047 6.220708 0.184606
v 3.537559 6.218663 0.199229
v 3.523870 6.229806 0.173902
v 3.537559 6.229805 0.181320
v 3.535047 6.220708 0.184606
v 3.523870 6.218664 0.181320
v 3.543228 6.229805 0.199229
v 3.537559 6.218663 0.199229
v 3.535047 6.220708 0.184606
v 3.537559 6.229805 0.181320
v 3.523870 6.379204 0.199229
v 3.537559 6.374588 0.199229
v 3.535047 6.372544 0.184606
v 3.523870 6.374588 0.181320
v 3.543228 6.363446 0.199229
v 3.537559 6.363447 0.181320
v 3.535047 6.372544 0.184606
v 3.537559 6.374588 0.199229
v 3.523870 6.363447 0.173902
v 3.523870 6.374588 0.181320
v 3.535047 6.372544 0.184606
v 3.537559 6.363447 0.181320
v 3.279219 6.214048 0.519300
v 3.279219 6.218664 0.537209
v 3.268043 6.220708 0.533923
v 3.265531 6.218664 0.519300
v 3.279219 6.229805 0.544627
v 3.265531 6.229805 0.537209
v 3.268043 6.220708 0.533923
v 3.279219 6.218664 0.537209
v 3.259860 6.229805 0.519300
v 3.265531 6.218664 0.519300
v 3.268043 6.220708 0.533923
v 3.265531 6.229805 0.537209
v 3.279219 6.379204 0.519300
v 3.265531 6.374588 0.519300
v 3.268043 6.372544 0.533923
v 3.279219 6.374588 0.537209
v 3.259860 6.363447 0.519300
v 3.265531 6.363447 0.537209
v 3.268043 6.372544 0.533923
v 3.265531 6.374588 0.519300
v 3.279219 6.363447 0.544627
v 3.279219 6.374588 0.537209
v 3.268043 6.372544 0.533923
v 3.265531 6.363447 0.537209
v 3.523870 6.214048 0.519300
v 3.537559 6.218664 0.519300
v 3.535047 6.220708 0.533923
v 3.523870 6.218664 0.537209
v 3.543228 6.229805 0.519300
v 3.537559 6.229805 0.537209
v 3.535047 6.220708 0.533923
v 3.537559 6.218664 0.519300
v 3.523870 6.229805 0.544627
v 3.523870 6.218664 0.537209
v 3.535047 6.220708 0.533923
v 3.537559 6.229805 0.537209
v 3.523870 6.379204 0.519300
v 3.523870 6.374588 0.537209
v 3.535047 6.372544 0.533923
v 3.537559 6.374588 0.519300
v 3.523870 6.363447 0.544627
v 3.537559 6.363447 0.537209
v 3.535047 6.372544 0.533923
v 3.523870 6.374588 0.537209
v 3.543228 6.363447 0.519300
v 3.537559 6.374588 0.519300
v 3.535047 6.372544 0.533923
v 3.537559 6.363447 0.537209
v 3.523870 6.214048 0.199229
v 3.279219 6.214048 0.199229
v 3.279219 6.218664 0.181320
v 3.523870 6.218664 0.181320
v 3.523870 6.218664 0.181320
v 3.279219 6.218664 0.181320
v 3.279219 6.229806 0.173902
v 3.523870 6.229806 0.173902
v 3.259860 6.229805 0.199229
v 3.259860 6.363446 0.199229
v 3.265531 6.363447 0.181320
v 3.265531 6.229805 0.181320
v 3.265531 6.229805 0.181320
v 3.265531 6.363447 0.181320
v 3.279219 6.363447 0.173902
v 3.279219 6.229806 0.173902
v 3.279219 6.379204 0.199229
v 3.523870 6.379204 0.199229
v 3.523870 6.374588 0.181320
v 3.279219 6.374588 0.181320
v 3.279219 6.374588 0.181320
v 3.523870 6.374588 0.181320
v 3.523870 6.363447 0.173902
v 3.279219 6.363447 0.173902
v 3.543228 6.363446 0.199229
v 3.543228 6.229805 0.199229
v 3.537559 6.229805 0.181320
v 3.537559 6.363447 0.181320
v 3.537559 6.363447 0.181320
v 3.537559 6.229805 0.181320
v 3.523870 6.229806 0.173902
v 3.523870 6.363447 0.173902
v 3.523870 6.214048 0.519300
v 3.523870 6.214048 0.199229
v 3.537559 6.218663 0.199229
v 3.537559 6.218664 0.519300
v 3.537559 6.218664 0.519300
v 3.537559 6.218663 0.199229
v 3.543228 6.229805 0.199229
v 3.543228 6.229805 0.519300
v 3.523870 6.379204 0.199229
v 3.523870 6.379204 0.519300
v 3.537559 6.374588 0.519300
v 3.537559 6.374588 0.199229
v 3.537559 6.374588 0.199229
v 3.537559 6.374588 0.519300
v 3.543228 6.363447 0.519300
v 3.543228 6.363446 0.199229
v 3.523870 6.363447 0.544627
v 3.523870 6.229805 0.544627
v 3.537559 6.229805 0.537209
v 3.537559 6.363447 0.537209
v 3.537559 6.363447 0.537209
v 3.537559 6.229805 0.537209
v 3.543228 6.229805 0.519300
v 3.543228 6.363447 0.519300
v 3.279219 6.214048 0.519300
v 3.523870 6.214048 0.519300
v 3.523870 6.218664 0.537209
v 3.279219 6.218664 0.537209
v 3.279219 6.218664 0.537209
v 3.523870 6.218664 0.537209
v 3.523870 6.229805 0.544627
v 3.279219 6.229805 0.544627
v 3.523870 6.379204 0.519300
v 3.279219 6.379204 0.519300
v 3.279219 6.374588 0.537209
v 3.523870 6.374588 0.537209
v 3.523870 6.374588 0.537209
v 3.279219 6.374588 0.537209
v 3.279219 6.363447 0.544627
v 3.523870 6.363447 0.544627
v 3.259860 6.363447 0.519300
v 3.259860 6.229805 0.519300
v 3.265531 6.229805 0.537209
v 3.265531 6.363447 0.537209
v 3.265531 6.363447 0.537209
v 3.265531 6.229805 0.537209
v 3.279219 6.229805 0.544627
v 3.279219 6.363447 0.544627
v 3.279219 6.214048 0.199229
v 3.279219 6.214048 0.519300
v 3.265531 6.218664 0.519300
v 3.265531 6.218663 0.199229
v 3.265531 6.218663 0.199229
v 3.265531 6.218664 0.519300
v 3.259860 6.229805 0.519300
v 3.259860 6.229805 0.199229
v 3.279219 6.379204 0.519300
v 3.279219 6.379204 0.199229
v 3.265531 6.374588 0.199229
v 3.265531 6.374588 0.519300
v 3.265531 6.374588 0.519300
v 3.265531 6.374588 0.199229
v 3.259860 6.363446 0.199229
v 3.259860 6.363447 0.519300
v 3.523870 6.214048 0.199229
v 3.523870 6.214048 0.519300
v 3.279219 6.214048 0.519300
v 3.279219 6.214048 0.199229
v -0.166060 6.229806 1.234799
v -0.166060 6.363447 1.234799
v -0.166060 6.363447 0.914729
v -0.166060 6.229805 0.914729
v 0.097949 6.229805 1.260127
v 0.097949 6.363446 1.260127
v -0.146702 6.363446 1.260127
v -0.146702 6.229805 1.260127
v 0.097949 6.379204 1.234799
v 0.097949 6.379204 0.914728
v -0.146702 6.379204 0.914729
v -0.146702 6.379204 1.234799
v -0.146702 6.229805 0.889402
v -0.146702 6.363447 0.889402
v 0.097949 6.363447 0.889402
v 0.097949 6.229805 0.889402
v 0.117308 6.229805 0.914729
v 0.117308 6.363447 0.914728
v 0.117308 6.363447 1.234799
v 0.117308 6.229806 1.234799
v -0.146702 6.214048 0.914729
v -0.160390 6.218664 0.914729
v -0.157878 6.220708 0.900106
v -0.146702 6.218664 0.896820
v -0.166060 6.229805 0.914729
v -0.160390 6.229805 0.896820
v -0.157878 6.220708 0.900106
v -0.160390 6.218664 0.914729
v -0.146702 6.229805 0.889402
v -0.146702 6.218664 0.896820
v -0.157878 6.220708 0.900106
v -0.160390 6.229805 0.896820
v -0.166060 6.363447 0.914729
v -0.160390 6.374588 0.914729
v -0.157878 6.372544 0.900106
v -0.160390 6.363447 0.896820
v -0.146702 6.379204 0.914729
v -0.146702 6.374588 0.896820
v -0.157878 6.372544 0.900106
v -0.160390 6.374588 0.914729
v -0.146702 6.363447 0.889402
v -0.160390 6.363447 0.896820
v -0.157878 6.372544 0.900106
v -0.146702 6.374588 0.896820
v 0.097949 6.214048 0.914729
v 0.097949 6.218664 0.896820
v 0.109126 6.220708 0.900106
v 0.111638 6.218664 0.914729
v 0.097949 6.229805 0.889402
v 0.111638 6.229805 0.896820
v 0.109126 6.220708 0.900106
v 0.097949 6.218664 0.896820
v 0.117308 6.229805 0.914729
v 0.111638 6.218664 0.914729
v 0.109126 6.220708 0.900106
v 0.111638 6.229805 0.896820
v 0.097949 6.379204 0.914728
v 0.111638 6.374588 0.914728
v 0.109126 6.372544 0.900106
v 0.097949 6.374588 0.896820
v 0.117308 6.363447 0.914728
v 0.111638 6.363447 0.896820
v 0.109126 6.372544 0.900106
v 0.111638 6.374588 0.914728
v 0.097949 6.363447 0.889402
v 0.097949 6.374588 0.896820
v 0.109126 6.372544 0.900106
v 0.111638 6.363447 0.896820
v -0.146702 6.214048 1.234799
v -0.146702 6.218664 1.252708
v -0.157878 6.220708 1.249421
v -0.160390 6.218664 1.234799
v -0.146702 6.229805 1.260127
v -0.160390 6.229805 1.252708
v -0.157878 6.220708 1.249421
v -0.146702 6.218664 1.252708
v -0.166060 6.229806 1.234799
v -0.160390 6.218664 1.234799
v -0.157878 6.220708 1.249421
v -0.160390 6.229805 1.252708
v -0.146702 6.379204 1.234799
v -0.160390 6.374589 1.234799
v -0.157878 6.372544 1.249421
v -0.146702 6.374588 1.252708
v -0.166060 6.363447 1.234799
v -0.160390 6.363447 1.252708
v -0.157878 6.372544 1.249421
v -0.160390 6.374589 1.234799
v -0.146702 6.363446 1.260127
v -0.146702 6.374588 1.252708
v -0.157878 6.372544 1.249421
v -0.160390 6.363447 1.252708
v 0.097949 6.214048 1.234799
v 0.111638 6.218664 1.234799
v 0.109126 6.220708 1.249422
v 0.097949 6.218664 1.252708
v 0.117308 6.229806 1.234799
v 0.111638 6.229805 1.252708
v 0.109126 6.220708 1.249422
v 0.111638 6.218664 1.234799
v 0.097949 6.229805 1.260127
v 0.097949 6.218664 1.252708
v 0.109126 6.220708 1.249422
v 0.111638 6.229805 1.252708
v 0.097949 6.379204 1.234799
v 0.097949 6.374588 1.252708
v 0.109126 6.372544 1.249422
v 0.111638 6.374589 1.234799
v 0.097949 6.363446 1.260127
v 0.111638 6.363447 1.252708
v 0.109126 6.372544 1.249422
v 0.097949 6.374588 1.252708
v 0.117308 6.363447 1.234799
v 0.111638 6.374589 1.234799
v 0.109126 6.372544 1.249422
v 0.111638 6.363447 1.252708
v 0.097949 6.214048 0.914729
v -0.146702 6.214048 0.914729
v -0.146702 6.218664 0.896820
v 0.097949 6.218664 0.896820
v 0.097949 6.218664 0.896820
v -0.146702 6.218664 0.896820
v -0.146702 6.229805 0.889402
v 0.097949 6.229805 0.889402
v -0.166060 6.229805 0.914729
v -0.166060 6.363447 0.914729
v -0.160390 6.363447 0.896820
v -0.160390 6.229805 0.896820
v -0.160390 6.229805 0.896820
v -0.160390 6.363447 0.896820
v -0.146702 6.363447 0.889402
v -0.146702 6.229805 0.889402
v -0.146702 6.379204 0.914729
v 0.097949 6.379204 0.914728
v 0.097949 6.374588 0.896820
v -0.146702 6.374588 0.896820
v -0.146702 6.374588 0.896820
v 0.097949 6.374588 0.896820
v 0.097949 6.363447 0.889402
v -0.146702 6.363447 0.889402
v 0.117308 6.363447 0.914728
v 0.117308 6.229805 0.914729
v 0.111638 6.229805 0.896820
v 0.111638 6.363447 0.896820
v 0.111638 6.363447 0.896820
v 0.111638 6.229805 0.896820
v 0.097949 6.229805 0.889402
v 0.097949 6.363447 0.889402
v 0.097949 6.214048 1.234799
v 0.097949 6.214048 0.914729
v 0.111638 6.218664 0.914729
v 0.111638 6.218664 1.234799
v 0.111638 6.218664 1.234799
v 0.111638 6.218664 0.914729
v 0.117308 6.229805 0.914729
v 0.117308 6.229806 1.234799
v 0.097949 6.379204 0.914728
v 0.097949 6.379204 1.234799
v 0.111638 6.374589 1.234799
v 0.111638 6.374588 0.914728
v 0.111638 6.374588 0.914728
v 0.111638 6.374589 1.234799
v 0.117308 6.363447 1.234799
v 0.117308 6.363447 0.914728
v 0.097949 6.363446 1.260127
v 0.097949 6.229805 1.260127
v 0.111638 6.229805 1.252708
v 0.111638 6.363447 1.252708
v 0.111638 6.363447 1.252708
v 0.111638 6.229805 1.252708
v 0.117308 6.229806 1.234799
v 0.117308 6.363447 1.234799
v -0.146702 6.214048 1.234799
v 0.097949 6.214048 1.234799
v 0.097949 6.218664 1.252708
v -0.146702 6.218664 1.252708
v -0.146702 6.218664 1.252708
v 0.097949 6.218664 1.252708
v 0.097949 6.229805 1.260127
v -0.146702 6.229805 1.260127
v 0.097949 6.379204 1.234799
v -0.146702 6.379204 1.234799
v -0.146702 6.374588 1.252708
v 0.097949 6.374588 1.252708
v 0.097949 6.374588 1.252708
v -0.146702 6.374588 1.252708
v -0.146702 6.363446 1.260127
v 0.097949 6.363446 1.260127
v -0.166060 6.363447 1.234799
v -0.166060 6.229806 1.234799
v -0.160390 6.229805 1.252708
v -0.160390 6.363447 1.252708
v -0.160390 6.363447 1.252708
v -0.160390 6.229805 1.252708
v -0.146702 6.229805 1.260127
v -0.146702 6.363446 1.260127
v -0.146702 6.214048 0.914729
v -0.146702 6.214048 1.234799
v -0.160390 6.218664 1.234799
v -0.160390 6.218664 0.914729
v -0.160390 6.218664 0.914729
v -0.160390 6.218664 1.234799
v -0.166060 6.229806 1.234799
v -0.166060 6.229805 0.914729
v -0.146702 6.379204 1.234799
v -0.146702 6.379204 0.914729
v -0.160390 6.374588 0.914729
v -0.160390 6.374589 1.234799
v -0.160390 6.374589 1.234799
v -0.160390 6.374588 0.914729
v -0.166060 6.363447 0.914729
v -0.166060 6.363447 1.234799
v 0.097949 6.214048 0.914729
v 0.097949 6.214048 1.234799
v -0.146702 6.214048 1.234799
v -0.146702 6.214048 0.914729
v 3.259861 6.229805 1.234799
v 3.259861 6.363447 1.234799
v 3.259861 6.363447 0.914728
v 3.259861 6.229805 0.914728
v 3.523870 6.229805 1.260126
v 3.523870 6.363447 1.260126
v 3.279219 6.363447 1.260126
v 3.279219 6.229805 1.260126
v 3.523870 6.379204 1.234799
v 3.523870 6.379204 0.914728
v 3.279220 6.379204 0.914728
v 3.279220 6.379204 1.234799
v 3.279219 6.229805 0.889401
v 3.279219 6.363447 0.889401
v 3.523870 6.363447 0.889401
v 3.523870 6.229805 0.889401
v 3.543229 6.229805 0.914728
v 3.543229 6.363447 0.914728
v 3.543229 6.363447 1.234799
v 3.543229 6.229805 1.234799
v 3.279220 6.214048 0.914728
v 3.265531 6.218664 0.914728
v 3.268043 6.220708 0.900106
v 3.279219 6.218664 0.896819
v 3.259861 6.229805 0.914728
v 3.265531 6.229805 0.896819
v 3.268043 6.220708 0.900106
v 3.265531 6.218664 0.914728
v 3.279219 6.229805 0.889401
v 3.279219 6.218664 0.896819
v 3.268043 6.220708 0.900106
v 3.265531 6.229805 0.896819
v 3.259861 6.363447 0.914728
v 3.265531 6.374588 0.914728
v 3.268043 6.372544 0.900106
v 3.265531 6.363447 0.896819
v 3.279220 6.379204 0.914728
v 3.279219 6.374588 0.896819
v 3.268043 6.372544 0.900106
v 3.265531 6.374588 0.914728
v 3.279219 6.363447 0.889401
v 3.265531 6.363447 0.896819
v 3.268043 6.372544 0.900106
v 3.279219 6.374588 0.896819
v 3.523870 6.214048 0.914728
v 3.523870 6.218664 0.896819
v 3.535047 6.220708 0.900106
v 3.537559 6.218664 0.914728
v 3.523870 6.229805 0.889401
v 3.537559 6.229805 0.896819
v 3.535047 6.220708 0.900106
v 3.523870 6.218664 0.896819
v 3.543229 6.229805 0.914728
v 3.537559 6.218664 0.914728
v 3.535047 6.220708 0.900106
v 3.537559 6.229805 0.896819
v 3.523870 6.379204 0.914728
v 3.537559 6.374588 0.914728
v 3.535047 6.372544 0.900105
v 3.523870 6.374588 0.896819
v 3.543229 6.363447 0.914728
v 3.537559 6.363447 0.896819
v 3.535047 6.372544 0.900105
v 3.537559 6.374588 0.914728
v 3.523870 6.363447 0.889401
v 3.523870 6.374588 0.896819
v 3.535047 6.372544 0.900105
v 3.537559 6.363447 0.896819
v 3.279220 6.214048 1.234799
v 3.279219 6.218664 1.252708
v 3.268043 6.220708 1.249421
v 3.265531 6.218664 1.234799
v 3.279219 6.229805 1.260126
v 3.265531 6.229805 1.252708
v 3.268043 6.220708 1.249421
v 3.279219 6.218664 1.252708
v 3.259861 6.229805 1.234799
v 3.265531 6.218664 1.234799
v 3.268043 6.220708 1.249421
v 3.265531 6.229805 1.252708
v 3.279220 6.379204 1.234799
v 3.265531 6.374588 1.234799
v 3.268043 6.372544 1.249421
v 3.279219 6.374588 1.252708
v 3.259861 6.363447 1.234799
v 3.265531 6.363447 1.252708
v 3.268043 6.372544 1.249421
v 3.265531 6.374588 1.234799
v 3.279219 6.363447 1.260126
v 3.279219 6.374588 1.252708
v 3.268043 6.372544 1.249421
v 3.265531 6.363447 1.252708
v 3.523870 6.214048 1.234799
v 3.537559 6.218664 1.234799
v 3.535047 6.220708 1.249421
v 3.523870 6.218664 1.252708
v 3.543229 6.229805 1.234799
v 3.537559 6.229805 1.252708
v 3.535047 6.220708 1.249421
v 3.537559 6.218664 1.234799
v 3.523870 6.229805 1.260126
v 3.523870 6.218664 1.252708
v 3.535047 6.220708 1.249421
v 3.537559 6.229805 1.252708
v 3.523870 6.379204 1.234799
v 3.523870 6.374588 1.252708
v 3.535047 6.372544 1.249421
v 3.537559 6.374588 1.234799
v 3.523870 6.363447 1.260126
v 3.537559 6.363447 1.252708
v 3.535047 6.372544 1.249421
v 3.523870 6.374588 1.252708
v 3.543229 6.363447 1.234799
v 3.537559 6.374588 1.234799
v 3.535047 6.372544 1.249421
v 3.537559 6.363447 1.252708
v 3.523870 6.214048 0.914728
v 3.279220 6.214048 0.914728
v 3.279219 6.218664 0.896819
v 3.523870 6.218664 0.896819
v 3.523870 6.218664 0.896819
v 3.279219 6.218664 0.896819
v 3.279219 6.229805 0.889401
v 3.523870 6.229805 0.889401
v 3.259861 6.229805 0.914728
v 3.259861 6.363447 0.914728
v 3.265531 6.363447 0.896819
v 3.265531 6.229805 0.896819
v 3.265531 6.229805 0.896819
v 3.265531 6.363447 0.896819
v 3.279219 6.363447 0.889401
v 3.279219 6.229805 0.889401
v 3.279220 6.379204 0.914728
v 3.523870 6.379204 0.914728
v 3.523870 6.374588 0.896819
v 3.279219 6.374588 0.896819
v 3.279219 6.374588 0.896819
v 3.523870 6.374588 0.896819
v 3.523870 6.363447 0.889401
v 3.279219 6.363447 0.889401
v 3.543229 6.363447 0.914728
v 3.543229 6.229805 0.914728
v 3.537559 6.229805 0.896819
v 3.537559 6.363447 0.896819
v 3.537559 6.363447 0.896819
v 3.537559 6.229805 0.896819
v 3.523870 6.229805 0.889401
v 3.523870 6.363447 0.889401
v 3.523870 6.214048 1.234799
v 3.523870 6.214048 0.914728
v 3.537559 6.218664 0.914728
v 3.537559 6.218664 1.234799
v 3.537559 6.218664 1.234799
v 3.537559 6.218664 0.914728
v 3.543229 6.229805 0.914728
v 3.543229 6.229805 1.234799
v 3.523870 6.379204 0.914728
v 3.523870 6.379204 1.234799
v 3.537559 6.374588 1.234799
v 3.537559 6.374588 0.914728
v 3.537559 6.374588 0.914728
v 3.537559 6.374588 1.234799
v 3.543229 6.363447 1.234799
v 3.543229 6.363447 0.914728
v 3.523870 6.363447 1.260126
v 3.523870 6.229805 1.260126
v 3.537559 6.229805 1.252708
v 3.537559 6.363447 1.252708
v 3.537559 6.363447 1.252708
v 3.537559 6.229805 1.252708
v 3.543229 6.229805 1.234799
v 3.543229 6.363447 1.234799
v 3.279220 6.214048 1.234799
v 3.523870 6.214048 1.234799
v 3.523870 6.218664 1.252708
v 3.279219 6.218664 1.252708
v 3.279219 6.218664 1.252708
v 3.523870 6.218664 1.252708
v 3.523870 6.229805 1.260126
v 3.279219 6.229805 1.260126
v 3.523870 6.379204 1.234799
v 3.279220 6.379204 1.234799
v 3.279219 6.374588 1.252708
v 3.523870 6.374588 1.252708
v 3.523870 6.374588 1.252708
v 3.279219 6.374588 1.252708
v 3.279219 6.363447 1.260126
v 3.523870 6.363447 1.260126
v 3.259861 6.363447 1.234799
v 3.259861 6.229805 1.234799
v 3.265531 6.229805 1.252708
v 3.265531 6.363447 1.252708
v 3.265531 6.363447 1.252708
v 3.265531 6.229805 1.252708
v 3.279219 6.229805 1.260126
v 3.279219 6.363447 1.260126
v 3.279220 6.214048 0.914728
v 3.279220 6.214048 1.234799
v 3.265531 6.218664 1.234799
v 3.265531 6.218664 0.914728
v 3.265531 6.218664 0.914728
v 3.265531 6.218664 1.234799
v 3.259861 6.229805 1.234799
v 3.259861 6.229805 0.914728
v 3.279220 6.379204 1.234799
v 3.279220 6.379204 0.914728
v 3.265531 6.374588 0.914728
v 3.265531 6.374588 1.234799
v 3.265531 6.374588 1.234799
v 3.265531 6.374588 0.914728
v 3.259861 6.363447 0.914728
v 3.259861 6.363447 1.234799
v 3.523870 6.214048 0.914728
v 3.523870 6.214048 1.234799
v 3.279220 6.214048 1.234799
v 3.279220 6.214048 0.914728
v 3.294854 4.881577 0.160867
v 3.294854 4.881577 -0.160868
v 3.294854 4.931641 -1.199885
v 3.294854 5.611420 -1.199885
v 3.294854 5.611420 1.199884
v 3.294854 4.931641 1.199884
v 3.294854 4.248158 -0.160868
v 3.294854 4.248158 0.160867
v 3.294854 4.198094 1.199884
v 3.294854 2.263292 1.199884
v 3.294854 2.263292 -1.199885
v 3.294854 4.198094 -1.199885
v 3.294854 -0.624460 1.199884
v 2.886849 -0.624460 1.607889
v 0.487082 -0.624460 1.607889
v 0.079077 -0.624460 1.199884
v 0.079076 -0.624460 -1.199884
v 0.487081 -0.624460 -1.607890
v 2.886849 -0.624460 -1.607890
v 3.294854 -0.624460 -1.199885
v 0.160884 5.784431 1.260230
v 0.426736 5.784431 1.526081
v 2.947195 5.784431 1.526081
v 3.213046 5.784431 1.260229
v 3.213046 5.784431 -1.260231
v 2.947195 5.784431 -1.526082
v 0.426736 5.784431 -1.526082
v 0.160884 5.784431 -1.260230
v 2.886849 2.263292 -1.607890
v 0.487081 2.263292 -1.607889
v 0.487081 5.611420 -1.607889
v 2.886849 5.611420 -1.607890
v 1.515618 4.881577 1.607889
v 1.858313 4.881577 1.607889
v 2.886849 4.931641 1.607889
v 2.886849 5.611420 1.607889
v 0.487082 5.611420 1.607889
v 0.487082 4.931641 1.607889
v 0.079077 4.248158 -0.160868
v 0.079076 4.198094 -1.199884
v 0.079076 2.263292 -1.199884
v 0.079077 2.263292 1.199884
v 0.079077 4.198094 1.199884
v 0.079077 4.248158 0.160867
v 0.079077 5.611420 1.199884
v 0.079076 5.611420 -1.199885
v 0.079076 4.931641 -1.199885
v 0.079077 4.881577 -0.160868
v 0.079077 4.881577 0.160867
v 0.079077 4.931641 1.199884
v 1.858313 4.248158 1.607889
v 1.515618 4.248158 1.607889
v 0.487082 4.198094 1.607889
v 0.487082 2.263292 1.607889
v 2.886849 2.263292 1.607889
v 2.886849 4.198094 1.607889
v 2.730800 5.489672 -1.696288
v 2.730800 5.517728 -1.668231
v 2.730800 5.525716 -1.693547
v 2.730800 5.497660 -1.721604
v 2.730800 5.489672 -1.721604
v 2.800951 5.517728 -1.668231
v 2.800951 5.489672 -1.696288
v 2.800951 5.489672 -1.721604
v 2.800951 5.497660 -1.721604
v 2.800951 5.525716 -1.693547
v 2.730800 5.489672 -1.640175
v 2.730800 5.489672 -1.598080
v 2.800951 5.489672 -1.598080
v 2.800951 5.489672 -1.640175
v 2.730800 5.525716 -1.749661
v 2.730800 5.553771 -1.721254
v 2.730800 5.570271 -1.746937
v 2.730800 5.542215 -1.774993
v 2.730800 5.525716 -1.774993
v 2.800951 5.614591 -1.774993
v 2.800951 5.598328 -1.774993
v 2.800951 5.570271 -1.803050
v 2.800951 5.553771 -1.721254
v 2.800951 5.445549 -1.598080
v 2.800951 5.445549 -1.668231
v 2.800951 5.461616 -1.668231
v 2.800951 5.525716 -1.749661
v 2.800951 5.525716 -1.774993
v 2.800951 5.542215 -1.774993
v 2.800951 5.570271 -1.746937
v 2.730800 5.461616 -1.668231
v 2.730800 5.445549 -1.668231
v 2.730800 5.445549 -1.598080
v 2.730800 5.570271 -1.803050
v 2.730800 5.598328 -1.774993
v 2.730800 5.614591 -1.774993
v 2.730800 5.488299 -1.687618
v 2.730800 5.484314 -1.679797
v 2.730800 5.478106 -1.673590
v 2.730800 5.470285 -1.669604
v 2.800951 5.470285 -1.669604
v 2.800951 5.478106 -1.673590
v 2.800951 5.484314 -1.679797
v 2.800951 5.488299 -1.687618
v 2.730800 5.524343 -1.740991
v 2.730800 5.520358 -1.733169
v 2.730800 5.514151 -1.726962
v 2.730800 5.506329 -1.722977
v 2.800951 5.506329 -1.722977
v 2.800951 5.514151 -1.726962
v 2.800951 5.520358 -1.733169
v 2.800951 5.524344 -1.740991
v 2.800951 5.550885 -1.776366
v 2.800951 5.558706 -1.780352
v 2.800951 5.564913 -1.786559
v 2.800951 5.568898 -1.794380
v 2.730800 5.568898 -1.794380
v 2.730800 5.564913 -1.786559
v 2.730800 5.558706 -1.780352
v 2.730800 5.550885 -1.776366
v 2.730800 5.489673 1.696287
v 2.730800 5.489673 1.721603
v 2.730800 5.497660 1.721603
v 2.730800 5.525717 1.693547
v 2.730800 5.517729 1.668230
v 2.800951 5.525717 1.693547
v 2.800951 5.497660 1.721603
v 2.800951 5.489673 1.721603
v 2.800951 5.489673 1.696287
v 2.800951 5.517729 1.668230
v 2.730800 5.489673 1.598079
v 2.730800 5.489673 1.640174
v 2.800951 5.489673 1.640174
v 2.800951 5.489673 1.598079
v 2.730800 5.525717 1.749660
v 2.730800 5.525717 1.774992
v 2.730800 5.542215 1.774992
v 2.730800 5.570272 1.746936
v 2.730800 5.553771 1.721253
v 2.800951 5.614592 1.774992
v 2.800951 5.570272 1.803049
v 2.800951 5.598329 1.774992
v 2.800951 5.553771 1.721253
v 2.800951 5.461616 1.668230
v 2.800951 5.445549 1.668230
v 2.800951 5.445549 1.598079
v 2.800951 5.570272 1.746936
v 2.800951 5.542215 1.774992
v 2.800951 5.525717 1.774992
v 2.800951 5.525717 1.749660
v 2.730800 5.445549 1.598079
v 2.730800 5.445549 1.668230
v 2.730800 5.461616 1.668230
v 2.730800 5.570272 1.803049
v 2.730800 5.614592 1.774992
v 2.730800 5.598328 1.774992
v 2.730800 5.470285 1.669603
v 2.730800 5.478107 1.673589
v 2.730800 5.484314 1.679796
v 2.730800 5.488299 1.687617
v 2.800951 5.488299 1.687617
v 2.800951 5.484314 1.679796
v 2.800951 5.478107 1.673589
v 2.800951 5.470285 1.669603
v 2.730800 5.506330 1.722976
v 2.730800 5.514152 1.726961
v 2.730800 5.520359 1.733169
v 2.730800 5.524344 1.740990
v 2.800951 5.524344 1.740990
v 2.800951 5.520359 1.733169
v 2.800951 5.514152 1.726961
v 2.800951 5.506330 1.722976
v 2.800951 5.568899 1.794379
v 2.800951 5.564913 1.786558
v 2.800951 5.558706 1.780351
v 2.800951 5.550885 1.776366
v 2.730800 5.550885 1.776366
v 2.730800 5.558706 1.780351
v 2.730800 5.564913 1.786558
v 2.730800 5.568899 1.794379
v 2.368120 5.489672 -1.696288
v 2.368120 5.517728 -1.668231
v 2.368120 5.525716 -1.693547
v 2.368120 5.497660 -1.721604
v 2.368120 5.489672 -1.721604
v 2.438271 5.517728 -1.668231
v 2.438271 5.489672 -1.696288
v 2.438271 5.489672 -1.721604
v 2.438271 5.497660 -1.721604
v 2.438271 5.525716 -1.693547
v 2.368120 5.489672 -1.640175
v 2.368120 5.489672 -1.598080
v 2.438271 5.489672 -1.598080
v 2.438271 5.489672 -1.640175
v 2.368120 5.525716 -1.749661
v 2.368120 5.553771 -1.721254
v 2.368120 5.570271 -1.746937
v 2.368120 5.542215 -1.774993
v 2.368120 5.525716 -1.774993
v 2.438271 5.614591 -1.774993
v 2.438271 5.598328 -1.774993
v 2.438271 5.570271 -1.803050
v 2.438271 5.553771 -1.721254
v 2.438271 5.445548 -1.598080
v 2.438271 5.445548 -1.668231
v 2.438271 5.461616 -1.668231
v 2.438271 5.525716 -1.749661
v 2.438271 5.525716 -1.774993
v 2.438271 5.542215 -1.774993
v 2.438271 5.570271 -1.746937
v 2.368120 5.461616 -1.668231
v 2.368120 5.445548 -1.668231
v 2.368120 5.445548 -1.598080
v 2.368120 5.570271 -1.803050
v 2.368120 5.598328 -1.774993
v 2.368120 5.614591 -1.774993
v 2.368120 5.488299 -1.687618
v 2.368120 5.484314 -1.679797
v 2.368120 5.478106 -1.673590
v 2.368120 5.470285 -1.669604
v 2.438271 5.470285 -1.669604
v 2.438271 5.478106 -1.673590
v 2.438271 5.484314 -1.679797
v 2.438271 5.488299 -1.687618
v 2.368120 5.524343 -1.740991
v 2.368120 5.520358 -1.733169
v 2.368120 5.514151 -1.726962
v 2.368120 5.506329 -1.722977
v 2.438271 5.506329 -1.722977
v 2.438271 5.514151 -1.726962
v 2.438271 5.520358 -1.733169
v 2.438271 5.524343 -1.740991
v 2.438271 5.550885 -1.776366
v 2.438271 5.558706 -1.780352
v 2.438271 5.564913 -1.786559
v 2.438271 5.568898 -1.794380
v 2.368120 5.568898 -1.794380
v 2.368120 5.564913 -1.786559
v 2.368120 5.558706 -1.780352
v 2.368120 5.550885 -1.776366
v 2.368120 5.489672 1.696287
v 2.368120 5.489672 1.721603
v 2.368120 5.497660 1.721603
v 2.368120 5.525716 1.693547
v 2.368120 5.517729 1.668230
v 2.438271 5.525716 1.693547
v 2.438271 5.497660 1.721603
v 2.438271 5.489672 1.721603
v 2.438271 5.489672 1.696287
v 2.438271 5.517729 1.668230
v 2.368120 5.489672 1.598079
v 2.368120 5.489672 1.640174
v 2.438271 5.489672 1.640174
v 2.438271 5.489672 1.598079
v 2.368120 5.525716 1.749660
v 2.368120 5.525716 1.774992
v 2.368120 5.542215 1.774992
v 2.368120 5.570272 1.746936
v 2.368120 5.553771 1.721253
v 2.438271 5.614592 1.774992
v 2.438271 5.570272 1.803049
v 2.438271 5.598328 1.774992
v 2.438271 5.553771 1.721253
v 2.438271 5.461616 1.668230
v 2.438271 5.445548 1.668230
v 2.438271 5.445548 1.598079
v 2.438271 5.570272 1.746936
v 2.438271 5.542215 1.774992
v 2.438271 5.525716 1.774992
v 2.438271 5.525716 1.749660
v 2.368120 5.445548 1.598079
v 2.368120 5.445548 1.668230
v 2.368120 5.461616 1.668230
v 2.368120 5.570272 1.803049
v 2.368120 5.614592 1.774992
v 2.368120 5.598328 1.774992
v 2.368120 5.470285 1.669603
v 2.368120 5.478106 1.673589
v 2.368120 5.484314 1.679796
v 2.368120 5.488299 1.687617
v 2.438271 5.488299 1.687617
v 2.438271 5.484314 1.679796
v 2.438271 5.478106 1.673589
v 2.438271 5.470285 1.669603
v 2.368120 5.506330 1.722976
v 2.368120 5.514151 1.726961
v 2.368120 5.520359 1.733169
v 2.368120 5.524343 1.740990
v 2.438271 5.524343 1.740990
v 2.438271 5.520359 1.733169
v 2.438271 5.514151 1.726961
v 2.438271 5.506330 1.722976
v 2.438271 5.568899 1.794379
v 2.438271 5.564913 1.786558
v 2.438271 5.558706 1.780351
v 2.438271 5.550885 1.776366
v 2.368120 5.550885 1.776366
v 2.368120 5.558706 1.780351
v 2.368120 5.564913 1.786558
v 2.368120 5.568898 1.794379
v 2.005440 5.489672 -1.696288
v 2.005440 5.517728 -1.668231
v 2.005440 5.525716 -1.693547
v 2.005440 5.497659 -1.721604
v 2.005440 5.489672 -1.721604
v 2.075591 5.517728 -1.668231
v 2.075591 5.489672 -1.696288
v 2.075591 5.489672 -1.721604
v 2.075591 5.497659 -1.721604
v 2.075591 5.525716 -1.693547
v 2.005440 5.489672 -1.640175
v 2.005440 5.489672 -1.598080
v 2.075591 5.489672 -1.598080
v 2.075591 5.489672 -1.640175
v 2.005440 5.525716 -1.749660
v 2.005440 5.553771 -1.721254
v 2.005440 5.570271 -1.746936
v 2.005440 5.542215 -1.774993
v 2.005440 5.525716 -1.774993
v 2.075591 5.614591 -1.774993
v 2.075591 5.598328 -1.774993
v 2.075591 5.570271 -1.803050
v 2.075591 5.553771 -1.721254
v 2.075591 5.445548 -1.598080
v 2.075591 5.445548 -1.668231
v 2.075591 5.461615 -1.668231
v 2.075591 5.525716 -1.749660
v 2.075591 5.525716 -1.774993
v 2.075591 5.542215 -1.774993
v 2.075591 5.570271 -1.746936
v 2.005440 5.461615 -1.668231
v 2.005440 5.445548 -1.668231
v 2.005440 5.445548 -1.598080
v 2.005440 5.570271 -1.803050
v 2.005440 5.598328 -1.774993
v 2.005440 5.614591 -1.774993
v 2.005440 5.488299 -1.687618
v 2.005440 5.484313 -1.679797
v 2.005440 5.478106 -1.673590
v 2.005440 5.470285 -1.669604
v 2.075591 5.470285 -1.669604
v 2.075591 5.478106 -1.673590
v 2.075591 5.484313 -1.679797
v 2.075591 5.488299 -1.687618
v 2.005440 5.524343 -1.740991
v 2.005440 5.520358 -1.733169
v 2.005440 5.514151 -1.726962
v 2.005440 5.506329 -1.722977
v 2.075591 5.506329 -1.722977
v 2.075591 5.514151 -1.726962
v 2.075591 5.520358 -1.733169
v 2.075591 5.524343 -1.740991
v 2.075591 5.550885 -1.776366
v 2.075591 5.558706 -1.780352
v 2.075591 5.564913 -1.786558
v 2.075591 5.568898 -1.794380
v 2.005440 5.568898 -1.794380
v 2.005440 5.564913 -1.786558
v 2.005440 5.558706 -1.780352
v 2.005440 5.550885 -1.776366
v 2.005441 5.489672 1.696287
v 2.005441 5.489672 1.721603
v 2.005441 5.497660 1.721603
v 2.005441 5.525716 1.693547
v 2.005441 5.517729 1.668230
v 2.075592 5.525716 1.693547
v 2.075592 5.497660 1.721603
v 2.075592 5.489672 1.721603
v 2.075592 5.489672 1.696287
v 2.075592 5.517729 1.668230
v 2.005441 5.489672 1.598079
v 2.005441 5.489672 1.640174
v 2.075592 5.489672 1.640174
v 2.075592 5.489672 1.598079
v 2.005441 5.525716 1.749660
v 2.005441 5.525716 1.774992
v 2.005441 5.542215 1.774992
v 2.005441 5.570271 1.746936
v 2.005441 5.553771 1.721253
v 2.075592 5.614592 1.774992
v 2.075592 5.570271 1.803049
v 2.075592 5.598328 1.774992
v 2.075592 5.553771 1.721253
v 2.075592 5.461615 1.668230
v 2.075592 5.445548 1.668230
v 2.075592 5.445548 1.598079
v 2.075592 5.570271 1.746936
v 2.075592 5.542215 1.774992
v 2.075592 5.525716 1.774992
v 2.075592 5.525716 1.749660
v 2.005441 5.445548 1.598079
v 2.005441 5.445548 1.668230
v 2.005441 5.461615 1.668230
v 2.005441 5.570271 1.803049
v 2.005441 5.614592 1.774992
v 2.005441 5.598328 1.774992
v 2.005441 5.470285 1.669603
v 2.005441 5.478106 1.673589
v 2.005441 5.484314 1.679796
v 2.005441 5.488299 1.687617
v 2.075592 5.488299 1.687617
v 2.075592 5.484314 1.679796
v 2.075592 5.478106 1.673589
v 2.075592 5.470285 1.669603
v 2.005441 5.506330 1.722977
v 2.005441 5.514151 1.726961
v 2.005441 5.520358 1.733169
v 2.005441 5.524343 1.740990
v 2.075592 5.524343 1.740990
v 2.075592 5.520358 1.733169
v 2.075592 5.514151 1.726961
v 2.075592 5.506330 1.722977
v 2.075592 5.568898 1.794379
v 2.075592 5.564913 1.786558
v 2.075592 5.558706 1.780351
v 2.075592 5.550885 1.776366
v 2.005441 5.550885 1.776366
v 2.005441 5.558706 1.780351
v 2.005441 5.564913 1.786558
v 2.005441 5.568898 1.794379
v 1.642761 5.489672 -1.696288
v 1.642761 5.517728 -1.668231
v 1.642761 5.525716 -1.693547
v 1.642761 5.497659 -1.721604
v 1.642761 5.489672 -1.721604
v 1.712911 5.517728 -1.668231
v 1.712911 5.489672 -1.696288
v 1.712911 5.489672 -1.721604
v 1.712911 5.497659 -1.721604
v 1.712911 5.525716 -1.693547
v 1.642761 5.489672 -1.640175
v 1.642761 5.489672 -1.598080
v 1.712911 5.489672 -1.598080
v 1.712911 5.489672 -1.640175
v 1.642761 5.525716 -1.749660
v 1.642761 5.553770 -1.721254
v 1.642761 5.570271 -1.746936
v 1.642761 5.542214 -1.774993
v 1.642761 5.525716 -1.774993
v 1.712911 5.614591 -1.774993
v 1.712911 5.598328 -1.774993
v 1.712911 5.570271 -1.803050
v 1.712911 5.553770 -1.721254
v 1.712911 5.445548 -1.598080
v 1.712911 5.445548 -1.668231
v 1.712911 5.461615 -1.668231
v 1.712911 5.525716 -1.749660
v 1.712911 5.525716 -1.774993
v 1.712911 5.542214 -1.774993
v 1.712911 5.570271 -1.746936
v 1.642761 5.461615 -1.668231
v 1.642761 5.445548 -1.668231
v 1.642761 5.445548 -1.598080
v 1.642761 5.570271 -1.803050
v 1.642761 5.598327 -1.774993
v 1.642761 5.614591 -1.774993
v 1.642761 5.488298 -1.687618
v 1.642761 5.484313 -1.679797
v 1.642761 5.478106 -1.673590
v 1.642761 5.470285 -1.669604
v 1.712911 5.470285 -1.669604
v 1.712911 5.478106 -1.673590
v 1.712911 5.484313 -1.679797
v 1.712911 5.488299 -1.687618
v 1.642761 5.524343 -1.740991
v 1.642761 5.520358 -1.733169
v 1.642761 5.514151 -1.726962
v 1.642761 5.506329 -1.722977
v 1.712911 5.506329 -1.722977
v 1.712911 5.514151 -1.726962
v 1.712911 5.520358 -1.733169
v 1.712911 5.524343 -1.740991
v 1.712911 5.550885 -1.776366
v 1.712911 5.558706 -1.780352
v 1.712911 5.564912 -1.786558
v 1.712911 5.568898 -1.794380
v 1.642761 5.568898 -1.794380
v 1.642761 5.564912 -1.786558
v 1.642761 5.558706 -1.780352
v 1.642761 5.550885 -1.776366
v 1.642761 5.489672 1.696287
v 1.642761 5.489672 1.721603
v 1.642761 5.497660 1.721603
v 1.642761 5.525716 1.693547
v 1.642761 5.517729 1.668230
v 1.712912 5.525716 1.693547
v 1.712912 5.497660 1.721603
v 1.712912 5.489672 1.721603
v 1.712912 5.489672 1.696287
v 1.712912 5.517729 1.668230
v 1.642761 5.489672 1.598079
v 1.642761 5.489672 1.640174
v 1.712912 5.489672 1.640174
v 1.712912 5.489672 1.598079
v 1.642761 5.525716 1.749660
v 1.642761 5.525716 1.774992
v 1.642761 5.542215 1.774992
v 1.642761 5.570271 1.746936
v 1.642761 5.553771 1.721253
v 1.712912 5.614591 1.774992
v 1.712912 5.570271 1.803049
v 1.712912 5.598328 1.774992
v 1.712912 5.553771 1.721253
v 1.712912 5.461615 1.668230
v 1.712912 5.445548 1.668230
v 1.712912 5.445548 1.598079
v 1.712912 5.570271 1.746936
v 1.712912 5.542215 1.774992
v 1.712912 5.525716 1.774992
v 1.712912 5.525716 1.749660
v 1.642761 5.445548 1.598079
v 1.642761 5.445548 1.668230
v 1.642761 5.461615 1.668230
v 1.642761 5.570271 1.803049
v 1.642761 5.614591 1.774992
v 1.642761 5.598328 1.774992
v 1.642761 5.470285 1.669603
v 1.642761 5.478106 1.673589
v 1.642761 5.484314 1.679796
v 1.642761 5.488299 1.687617
v 1.712912 5.488299 1.687617
v 1.712912 5.484314 1.679796
v 1.712912 5.478106 1.673589
v 1.712912 5.470285 1.669603
v 1.642761 5.506330 1.722977
v 1.642761 5.514151 1.726961
v 1.642761 5.520358 1.733169
v 1.642761 5.524343 1.740990
v 1.712912 5.524343 1.740990
v 1.712912 5.520358 1.733169
v 1.712912 5.514151 1.726961
v 1.712912 5.506330 1.722977
v 1.712912 5.568898 1.794379
v 1.712912 5.564913 1.786558
v 1.712912 5.558706 1.780351
v 1.712912 5.550885 1.776366
v 1.642761 5.550885 1.776366
v 1.642761 5.558706 1.780351
v 1.642761 5.564913 1.786558
v 1.642761 5.568898 1.794379
v 1.280081 5.489672 -1.696288
v 1.280081 5.517728 -1.668231
v 1.280081 5.525716 -1.693547
v 1.280081 5.497659 -1.721604
v 1.280081 5.489672 -1.721604
v 1.350232 5.517728 -1.668231
v 1.350232 5.489672 -1.696288
v 1.350232 5.489672 -1.721604
v 1.350232 5.497659 -1.721604
v 1.350232 5.525716 -1.693547
v 1.280081 5.489672 -1.640175
v 1.280081 5.489672 -1.598080
v 1.350232 5.489672 -1.598080
v 1.350232 5.489672 -1.640175
v 1.280081 5.525716 -1.749660
v 1.280081 5.553770 -1.721254
v 1.280081 5.570271 -1.746936
v 1.280081 5.542214 -1.774993
v 1.280081 5.525716 -1.774993
v 1.350232 5.614591 -1.774993
v 1.350232 5.598327 -1.774993
v 1.350232 5.570271 -1.803050
v 1.350232 5.553770 -1.721254
v 1.350232 5.445548 -1.598080
v 1.350232 5.445548 -1.668231
v 1.350232 5.461615 -1.668231
v 1.350232 5.525716 -1.749660
v 1.350232 5.525716 -1.774993
v 1.350232 5.542214 -1.774993
v 1.350232 5.570271 -1.746936
v 1.280081 5.461615 -1.668231
v 1.280081 5.445548 -1.668231
v 1.280081 5.445548 -1.598080
v 1.280081 5.570271 -1.803050
v 1.280081 5.598327 -1.774993
v 1.280081 5.614591 -1.774993
v 1.280081 5.488298 -1.687618
v 1.280081 5.484313 -1.679797
v 1.280081 5.478106 -1.673590
v 1.280081 5.470285 -1.669604
v 1.350232 5.470285 -1.669604
v 1.350232 5.478106 -1.673590
v 1.350232 5.484313 -1.679797
v 1.350232 5.488298 -1.687618
v 1.280081 5.524343 -1.740991
v 1.280081 5.520358 -1.733169
v 1.280081 5.514150 -1.726962
v 1.280081 5.506329 -1.722977
v 1.350232 5.506329 -1.722977
v 1.350232 5.514150 -1.726962
v 1.350232 5.520358 -1.733169
v 1.350232 5.524343 -1.740991
v 1.350232 5.550885 -1.776366
v 1.350232 5.558706 -1.780352
v 1.350232 5.564912 -1.786558
v 1.350232 5.568898 -1.794380
v 1.280081 5.568897 -1.794380
v 1.280081 5.564912 -1.786558
v 1.280081 5.558705 -1.780352
v 1.280081 5.550885 -1.776366
v 1.280081 5.489672 1.696287
v 1.280081 5.489672 1.721603
v 1.280081 5.497660 1.721603
v 1.280081 5.525716 1.693547
v 1.280081 5.517729 1.668230
v 1.350232 5.525716 1.693547
v 1.350232 5.497660 1.721603
v 1.350232 5.489672 1.721603
v 1.350232 5.489672 1.696287
v 1.350232 5.517729 1.668230
v 1.280081 5.489672 1.598079
v 1.280081 5.489672 1.640174
v 1.350232 5.489672 1.640174
v 1.350232 5.489672 1.598079
v 1.280081 5.525716 1.749660
v 1.280081 5.525716 1.774992
v 1.280081 5.542215 1.774992
v 1.280081 5.570271 1.746936
v 1.280081 5.553771 1.721253
v 1.350232 5.614591 1.774992
v 1.350232 5.570271 1.803049
v 1.350232 5.598328 1.774992
v 1.350232 5.553771 1.721253
v 1.350232 5.461615 1.668230
v 1.350232 5.445548 1.668230
v 1.350232 5.445548 1.598079
v 1.350232 5.570271 1.746936
v 1.350232 5.542215 1.774992
v 1.350232 5.525716 1.774992
v 1.350232 5.525716 1.749660
v 1.280081 5.445548 1.598079
v 1.280081 5.445548 1.668230
v 1.280081 5.461615 1.668230
v 1.280081 5.570271 1.803049
v 1.280081 5.614591 1.774992
v 1.280081 5.598328 1.774992
v 1.280081 5.470285 1.669603
v 1.280081 5.478106 1.673589
v 1.280081 5.484314 1.679796
v 1.280081 5.488298 1.687617
v 1.350232 5.488298 1.687617
v 1.350232 5.484314 1.679796
v 1.350232 5.478106 1.673589
v 1.350232 5.470285 1.669603
v 1.280081 5.506330 1.722977
v 1.280081 5.514151 1.726961
v 1.280081 5.520358 1.733169
v 1.280081 5.524343 1.740990
v 1.350232 5.524343 1.740990
v 1.350232 5.520358 1.733169
v 1.350232 5.514151 1.726961
v 1.350232 5.506330 1.722977
v 1.350232 5.568898 1.794379
v 1.350232 5.564913 1.786558
v 1.350232 5.558706 1.780351
v 1.350232 5.550885 1.776366
v 1.280081 5.550885 1.776366
v 1.280081 5.558706 1.780351
v 1.280081 5.564913 1.786558
v 1.280081 5.568898 1.794379
v 0.917401 5.489672 -1.696287
v 0.917401 5.517728 -1.668231
v 0.917401 5.525716 -1.693547
v 0.917401 5.497659 -1.721604
v 0.917401 5.489672 -1.721604
v 0.987552 5.517728 -1.668231
v 0.987552 5.489672 -1.696287
v 0.987552 5.489672 -1.721604
v 0.987552 5.497659 -1.721604
v 0.987552 5.525716 -1.693547
v 0.917401 5.489672 -1.640174
v 0.917401 5.489672 -1.598080
v 0.987552 5.489672 -1.598080
v 0.987552 5.489672 -1.640174
v 0.917401 5.525716 -1.749660
v 0.917401 5.553770 -1.721254
v 0.917401 5.570271 -1.746936
v 0.917401 5.542214 -1.774993
v 0.917401 5.525716 -1.774993
v 0.987552 5.614591 -1.774993
v 0.987552 5.598327 -1.774993
v 0.987552 5.570271 -1.803049
v 0.987552 5.553770 -1.721254
v 0.987552 5.445548 -1.598080
v 0.987552 5.445548 -1.668231
v 0.987552 5.461615 -1.668231
v 0.987552 5.525716 -1.749660
v 0.987552 5.525716 -1.774993
v 0.987552 5.542214 -1.774993
v 0.987552 5.570271 -1.746936
v 0.917401 5.461615 -1.668231
v 0.917401 5.445548 -1.668231
v 0.917401 5.445548 -1.598080
v 0.917401 5.570271 -1.803049
v 0.917401 5.598327 -1.774993
v 0.917401 5.614591 -1.774993
v 0.917401 5.488298 -1.687618
v 0.917401 5.484313 -1.679796
v 0.917401 5.478106 -1.673589
v 0.917401 5.470285 -1.669604
v 0.987552 5.470285 -1.669604
v 0.987552 5.478106 -1.673589
v 0.987552 5.484313 -1.679796
v 0.987552 5.488298 -1.687618
v 0.917401 5.524343 -1.740990
v 0.917401 5.520357 -1.733169
v 0.917401 5.514150 -1.726962
v 0.917401 5.506329 -1.722977
v 0.987552 5.506329 -1.722977
v 0.987552 5.514150 -1.726962
v 0.987552 5.520357 -1.733169
v 0.987552 5.524343 -1.740990
v 0.987552 5.550885 -1.776366
v 0.987552 5.558705 -1.780352
v 0.987552 5.564912 -1.786558
v 0.987552 5.568897 -1.794380
v 0.917401 5.568897 -1.794380
v 0.917401 5.564912 -1.786558
v 0.917401 5.558705 -1.780352
v 0.917401 5.550885 -1.776366
v 0.917401 5.489672 1.696287
v 0.917401 5.489672 1.721603
v 0.917401 5.497660 1.721603
v 0.917401 5.525716 1.693547
v 0.917401 5.517729 1.668231
v 0.987552 5.525716 1.693547
v 0.987552 5.497660 1.721603
v 0.987552 5.489672 1.721603
v 0.987552 5.489672 1.696287
v 0.987552 5.517729 1.668231
v 0.917401 5.489672 1.598079
v 0.917401 5.489672 1.640174
v 0.987552 5.489672 1.640174
v 0.987552 5.489672 1.598079
v 0.917401 5.525716 1.749660
v 0.917401 5.525716 1.774993
v 0.917401 5.542215 1.774993
v 0.917401 5.570271 1.746936
v 0.917401 5.553771 1.721253
v 0.987552 5.614591 1.774993
v 0.987552 5.570271 1.803049
v 0.987552 5.598328 1.774993
v 0.987552 5.553771 1.721253
v 0.987552 5.461615 1.668231
v 0.987552 5.445548 1.668231
v 0.987552 5.445548 1.598079
v 0.987552 5.570271 1.746936
v 0.987552 5.542215 1.774993
v 0.987552 5.525716 1.774993
v 0.987552 5.525716 1.749660
v 0.917401 5.445548 1.598079
v 0.917401 5.445548 1.668231
v 0.917401 5.461615 1.668231
v 0.917401 5.570271 1.803049
v 0.917401 5.614591 1.774993
v 0.917401 5.598328 1.774993
v 0.917401 5.470285 1.669603
v 0.917401 5.478106 1.673589
v 0.917401 5.484313 1.679796
v 0.917401 5.488298 1.687617
v 0.987552 5.488298 1.687617
v 0.987552 5.484313 1.679796
v 0.987552 5.478106 1.673589
v 0.987552 5.470285 1.669603
v 0.917401 5.506330 1.722977
v 0.917401 5.514151 1.726962
v 0.917401 5.520358 1.733169
v 0.917401 5.524343 1.740990
v 0.987552 5.524343 1.740990
v 0.987552 5.520358 1.733169
v 0.987552 5.514151 1.726962
v 0.987552 5.506330 1.722977
v 0.987552 5.568898 1.794379
v 0.987552 5.564913 1.786558
v 0.987552 5.558706 1.780351
v 0.987552 5.550885 1.776366
v 0.917401 5.550885 1.776366
v 0.917401 5.558706 1.780351
v 0.917401 5.564913 1.786558
v 0.917401 5.568898 1.794379
v 0.554721 5.489672 -1.696287
v 0.554721 5.517728 -1.668231
v 0.554721 5.525716 -1.693547
v 0.554721 5.497659 -1.721604
v 0.554721 5.489672 -1.721604
v 0.624872 5.517728 -1.668231
v 0.624872 5.489672 -1.696287
v 0.624872 5.489672 -1.721604
v 0.624872 5.497659 -1.721604
v 0.624872 5.525716 -1.693547
v 0.554721 5.489672 -1.640174
v 0.554721 5.489672 -1.598080
v 0.624872 5.489672 -1.598080
v 0.624872 5.489672 -1.640174
v 0.554721 5.525716 -1.749660
v 0.554721 5.553770 -1.721254
v 0.554721 5.570271 -1.746936
v 0.554721 5.542214 -1.774993
v 0.554721 5.525716 -1.774993
v 0.624872 5.614590 -1.774993
v 0.624872 5.598327 -1.774993
v 0.624872 5.570271 -1.803049
v 0.624872 5.553770 -1.721254
v 0.624872 5.445548 -1.598080
v 0.624872 5.445548 -1.668231
v 0.624872 5.461615 -1.668231
v 0.624872 5.525716 -1.749660
v 0.624872 5.525716 -1.774993
v 0.624872 5.542214 -1.774993
v 0.624872 5.570271 -1.746936
v 0.554721 5.461615 -1.668231
v 0.554721 5.445548 -1.668231
v 0.554721 5.445548 -1.598080
v 0.554721 5.570271 -1.803049
v 0.554721 5.598327 -1.774993
v 0.554721 5.614590 -1.774993
v 0.554721 5.488298 -1.687618
v 0.554721 5.484313 -1.679796
v 0.554721 5.478106 -1.673589
v 0.554721 5.470284 -1.669604
v 0.624872 5.470284 -1.669604
v 0.624872 5.478106 -1.673589
v 0.624872 5.484313 -1.679796
v 0.624872 5.488298 -1.687618
v 0.554721 5.524343 -1.740990
v 0.554721 5.520357 -1.733169
v 0.554721 5.514150 -1.726962
v 0.554721 5.506329 -1.722977
v 0.624872 5.506329 -1.722977
v 0.624872 5.514150 -1.726962
v 0.624872 5.520357 -1.733169
v 0.624872 5.524343 -1.740990
v 0.624872 5.550885 -1.776366
v 0.624872 5.558705 -1.780352
v 0.624872 5.564912 -1.786558
v 0.624872 5.568897 -1.794380
v 0.554721 5.568897 -1.794380
v 0.554721 5.564912 -1.786558
v 0.554721 5.558705 -1.780352
v 0.554721 5.550884 -1.776366
v 0.554722 5.489672 1.696287
v 0.554722 5.489672 1.721603
v 0.554722 5.497660 1.721603
v 0.554722 5.525716 1.693547
v 0.554722 5.517728 1.668231
v 0.624872 5.525716 1.693547
v 0.624872 5.497660 1.721603
v 0.624872 5.489672 1.721603
v 0.624872 5.489672 1.696287
v 0.624872 5.517728 1.668231
v 0.554722 5.489672 1.598079
v 0.554722 5.489672 1.640174
v 0.624872 5.489672 1.640174
v 0.624872 5.489672 1.598079
v 0.554722 5.525716 1.749660
v 0.554722 5.525716 1.774993
v 0.554722 5.542214 1.774993
v 0.554722 5.570271 1.746936
v 0.554722 5.553771 1.721253
v 0.624872 5.614591 1.774993
v 0.624872 5.570271 1.803049
v 0.624872 5.598328 1.774993
v 0.624872 5.553771 1.721253
v 0.624872 5.461615 1.668231
v 0.624872 5.445548 1.668231
v 0.624872 5.445548 1.598079
v 0.624872 5.570271 1.746936
v 0.624872 5.542214 1.774993
v 0.624872 5.525716 1.774993
v 0.624872 5.525716 1.749660
v 0.554722 5.445548 1.598079
v 0.554722 5.445548 1.668231
v 0.554722 5.461615 1.668231
v 0.554722 5.570271 1.803049
v 0.554722 5.614591 1.774993
v 0.554722 5.598328 1.774993
v 0.554722 5.470284 1.669603
v 0.554722 5.478106 1.673589
v 0.554722 5.484313 1.679796
v 0.554722 5.488298 1.687617
v 0.624872 5.488298 1.687617
v 0.624872 5.484313 1.679796
v 0.624872 5.478106 1.673589
v 0.624872 5.470284 1.669603
v 0.554722 5.506330 1.722977
v 0.554722 5.514151 1.726962
v 0.554722 5.520358 1.733169
v 0.554722 5.524343 1.740990
v 0.624872 5.524343 1.740990
v 0.624872 5.520358 1.733169
v 0.624872 5.514151 1.726962
v 0.624872 5.506330 1.722977
v 0.624872 5.568898 1.794379
v 0.624872 5.564913 1.786558
v 0.624872 5.558706 1.780351
v 0.624872 5.550885 1.776366
v 0.554722 5.550885 1.776366
v 0.554722 5.558706 1.780351
v 0.554722 5.564913 1.786558
v 0.554722 5.568898 1.794379
v -0.018450 5.489672 -1.052964
v 0.009607 5.517728 -1.052964
v -0.015710 5.525716 -1.052964
v -0.043766 5.497660 -1.052964
v -0.043766 5.489672 -1.052964
v 0.009607 5.517728 -1.123115
v -0.018450 5.489672 -1.123115
v -0.043766 5.489672 -1.123115
v -0.043766 5.497660 -1.123115
v -0.015710 5.525716 -1.123115
v 0.037663 5.489672 -1.052964
v 0.079757 5.489672 -1.052964
v 0.079757 5.489672 -1.123115
v 0.037663 5.489672 -1.123115
v -0.071822 5.525716 -1.052964
v -0.043416 5.553771 -1.052964
v -0.069099 5.570271 -1.052964
v -0.097155 5.542215 -1.052964
v -0.097155 5.525716 -1.052964
v -0.097155 5.614591 -1.123115
v -0.097155 5.598328 -1.123115
v -0.125212 5.570271 -1.123115
v -0.043416 5.553771 -1.123115
v 0.079757 5.445549 -1.123115
v 0.009607 5.445549 -1.123115
v 0.009607 5.461616 -1.123115
v -0.071822 5.525716 -1.123115
v -0.097155 5.525716 -1.123115
v -0.097155 5.542215 -1.123115
v -0.069099 5.570271 -1.123115
v 0.009607 5.461616 -1.052964
v 0.009607 5.445549 -1.052964
v 0.079757 5.445549 -1.052964
v -0.125212 5.570271 -1.052964
v -0.097155 5.598328 -1.052964
v -0.097155 5.614591 -1.052964
v -0.009780 5.488299 -1.052964
v -0.001959 5.484314 -1.052964
v 0.004248 5.478106 -1.052964
v 0.008233 5.470285 -1.052964
v 0.008233 5.470285 -1.123115
v 0.004248 5.478107 -1.123115
v -0.001959 5.484314 -1.123115
v -0.009780 5.488299 -1.123115
v -0.063153 5.524343 -1.052964
v -0.055331 5.520358 -1.052964
v -0.049124 5.514151 -1.052964
v -0.045139 5.506330 -1.052964
v -0.045139 5.506330 -1.123115
v -0.049124 5.514151 -1.123115
v -0.055331 5.520358 -1.123115
v -0.063153 5.524343 -1.123115
v -0.098528 5.550885 -1.123115
v -0.102514 5.558706 -1.123115
v -0.108720 5.564913 -1.123115
v -0.116542 5.568898 -1.123115
v -0.116542 5.568898 -1.052964
v -0.108720 5.564913 -1.052964
v -0.102514 5.558706 -1.052964
v -0.098528 5.550885 -1.052964
v 3.374124 5.489672 -1.052965
v 3.399440 5.489672 -1.052965
v 3.399440 5.497660 -1.052965
v 3.371384 5.525716 -1.052965
v 3.346067 5.517728 -1.052965
v 3.371384 5.525716 -1.123116
v 3.399440 5.497660 -1.123116
v 3.399440 5.489672 -1.123116
v 3.374124 5.489672 -1.123116
v 3.346067 5.517728 -1.123116
v 3.275916 5.489672 -1.052965
v 3.318011 5.489672 -1.052965
v 3.318011 5.489672 -1.123116
v 3.275916 5.489672 -1.123116
v 3.427496 5.525716 -1.052965
v 3.452829 5.525716 -1.052965
v 3.452829 5.542215 -1.052965
v 3.424773 5.570271 -1.052965
v 3.399090 5.553771 -1.052965
v 3.452829 5.614591 -1.123116
v 3.480886 5.570271 -1.123116
v 3.452829 5.598328 -1.123116
v 3.399090 5.553771 -1.123116
v 3.346067 5.461616 -1.123116
v 3.346067 5.445549 -1.123116
v 3.275916 5.445549 -1.123116
v 3.424773 5.570271 -1.123116
v 3.452829 5.542215 -1.123116
v 3.452829 5.525716 -1.123116
v 3.427496 5.525716 -1.123116
v 3.275916 5.445549 -1.052965
v 3.346067 5.445549 -1.052965
v 3.346067 5.461616 -1.052965
v 3.480886 5.570271 -1.052965
v 3.452829 5.614591 -1.052965
v 3.452829 5.598328 -1.052965
v 3.347440 5.470285 -1.052965
v 3.351426 5.478107 -1.052965
v 3.357633 5.484314 -1.052965
v 3.365454 5.488299 -1.052965
v 3.365454 5.488299 -1.123116
v 3.357633 5.484314 -1.123116
v 3.351426 5.478107 -1.123116
v 3.347440 5.470285 -1.123116
v 3.400814 5.506330 -1.052965
v 3.404799 5.514151 -1.052965
v 3.411005 5.520358 -1.052965
v 3.418827 5.524343 -1.052965
v 3.418827 5.524343 -1.123116
v 3.411005 5.520358 -1.123116
v 3.404799 5.514151 -1.123116
v 3.400814 5.506330 -1.123116
v 3.472216 5.568898 -1.123116
v 3.464395 5.564913 -1.123116
v 3.458188 5.558706 -1.123116
v 3.454202 5.550885 -1.123116
v 3.454202 5.550885 -1.052965
v 3.458188 5.558706 -1.052965
v 3.464395 5.564913 -1.052965
v 3.472216 5.568898 -1.052965
v -0.018450 5.489672 -0.690284
v 0.009607 5.517728 -0.690284
v -0.015710 5.525716 -0.690284
v -0.043766 5.497660 -0.690284
v -0.043766 5.489672 -0.690284
v 0.009607 5.517728 -0.760435
v -0.018450 5.489671 -0.760435
v -0.043766 5.489671 -0.760435
v -0.043766 5.497659 -0.760435
v -0.015710 5.525715 -0.760435
v 0.037663 5.489672 -0.690284
v 0.079757 5.489672 -0.690284
v 0.079757 5.489671 -0.760435
v 0.037663 5.489671 -0.760435
v -0.071822 5.525716 -0.690284
v -0.043416 5.553771 -0.690284
v -0.069099 5.570272 -0.690284
v -0.097155 5.542215 -0.690284
v -0.097155 5.525716 -0.690284
v -0.097155 5.614591 -0.760435
v -0.097155 5.598327 -0.760435
v -0.125212 5.570271 -0.760435
v -0.043416 5.553771 -0.760435
v 0.079757 5.445548 -0.760435
v 0.009607 5.445548 -0.760435
v 0.009607 5.461615 -0.760435
v -0.071822 5.525715 -0.760435
v -0.097155 5.525715 -0.760435
v -0.097155 5.542215 -0.760435
v -0.069099 5.570271 -0.760435
v 0.009607 5.461616 -0.690284
v 0.009607 5.445548 -0.690284
v 0.079757 5.445548 -0.690284
v -0.125212 5.570272 -0.690284
v -0.097155 5.598328 -0.690284
v -0.097155 5.614591 -0.690284
v -0.009780 5.488299 -0.690284
v -0.001959 5.484314 -0.690284
v 0.004248 5.478107 -0.690284
v 0.008233 5.470286 -0.690284
v 0.008233 5.470285 -0.760435
v 0.004248 5.478106 -0.760435
v -0.001959 5.484313 -0.760435
v -0.009780 5.488299 -0.760435
v -0.063153 5.524343 -0.690284
v -0.055331 5.520359 -0.690284
v -0.049124 5.514151 -0.690284
v -0.045139 5.506330 -0.690284
v -0.045139 5.506329 -0.760435
v -0.049124 5.514150 -0.760435
v -0.055331 5.520358 -0.760435
v -0.063153 5.524343 -0.760435
v -0.098528 5.550885 -0.760435
v -0.102514 5.558706 -0.760435
v -0.108720 5.564912 -0.760435
v -0.116542 5.568898 -0.760435
v -0.116542 5.568898 -0.690284
v -0.108720 5.564913 -0.690284
v -0.102514 5.558706 -0.690284
v -0.098528 5.550885 -0.690284
v 3.374124 5.489672 -0.690285
v 3.399440 5.489672 -0.690285
v 3.399440 5.497660 -0.690285
v 3.371383 5.525716 -0.690285
v 3.346067 5.517728 -0.690285
v 3.371384 5.525716 -0.760435
v 3.399440 5.497660 -0.760435
v 3.399440 5.489672 -0.760435
v 3.374124 5.489672 -0.760435
v 3.346067 5.517728 -0.760435
v 3.275916 5.489672 -0.690285
v 3.318011 5.489672 -0.690285
v 3.318011 5.489672 -0.760435
v 3.275916 5.489672 -0.760435
v 3.427496 5.525716 -0.690285
v 3.452829 5.525716 -0.690285
v 3.452829 5.542215 -0.690285
v 3.424773 5.570271 -0.690285
v 3.399090 5.553771 -0.690285
v 3.452829 5.614591 -0.760435
v 3.480886 5.570271 -0.760435
v 3.452829 5.598328 -0.760435
v 3.399090 5.553771 -0.760435
v 3.346067 5.461616 -0.760435
v 3.346067 5.445548 -0.760435
v 3.275916 5.445548 -0.760435
v 3.424773 5.570271 -0.760435
v 3.452829 5.542215 -0.760435
v 3.452829 5.525716 -0.760435
v 3.427496 5.525716 -0.760435
v 3.275916 5.445548 -0.690285
v 3.346067 5.445548 -0.690285
v 3.346067 5.461616 -0.690285
v 3.480886 5.570271 -0.690285
v 3.452829 5.614591 -0.690285
v 3.452829 5.598328 -0.690285
v 3.347440 5.470285 -0.690285
v 3.351426 5.478106 -0.690285
v 3.357632 5.484314 -0.690285
v 3.365454 5.488299 -0.690285
v 3.365454 5.488299 -0.760435
v 3.357633 5.484314 -0.760435
v 3.351426 5.478106 -0.760435
v 3.347440 5.470285 -0.760435
v 3.400813 5.506330 -0.690285
v 3.404798 5.514151 -0.690285
v 3.411005 5.520358 -0.690285
v 3.418827 5.524343 -0.690285
v 3.418827 5.524343 -0.760435
v 3.411005 5.520358 -0.760435
v 3.404799 5.514151 -0.760435
v 3.400814 5.506330 -0.760435
v 3.472216 5.568898 -0.760435
v 3.464395 5.564913 -0.760435
v 3.458188 5.558706 -0.760435
v 3.454202 5.550885 -0.760435
v 3.454202 5.550885 -0.690285
v 3.458188 5.558706 -0.690285
v 3.464394 5.564913 -0.690285
v 3.472216 5.568898 -0.690285
v -0.018450 5.489672 -0.327604
v 0.009607 5.517728 -0.327604
v -0.015709 5.525716 -0.327604
v -0.043766 5.497659 -0.327604
v -0.043766 5.489672 -0.327604
v 0.009607 5.517728 -0.397755
v -0.018450 5.489672 -0.397755
v -0.043766 5.489672 -0.397755
v -0.043766 5.497659 -0.397755
v -0.015709 5.525716 -0.397755
v 0.037663 5.489672 -0.327604
v 0.079758 5.489672 -0.327604
v 0.079758 5.489672 -0.397755
v 0.037663 5.489672 -0.397755
v -0.071822 5.525716 -0.327604
v -0.043416 5.553771 -0.327604
v -0.069099 5.570271 -0.327604
v -0.097155 5.542215 -0.327604
v -0.097155 5.525716 -0.327604
v -0.097155 5.614591 -0.397755
v -0.097155 5.598328 -0.397755
v -0.125212 5.570271 -0.397755
v -0.043416 5.553771 -0.397755
v 0.079758 5.445548 -0.397755
v 0.009607 5.445548 -0.397755
v 0.009607 5.461615 -0.397755
v -0.071822 5.525716 -0.397755
v -0.097155 5.525716 -0.397755
v -0.097155 5.542215 -0.397755
v -0.069099 5.570271 -0.397755
v 0.009607 5.461615 -0.327604
v 0.009607 5.445548 -0.327604
v 0.079758 5.445548 -0.327604
v -0.125212 5.570271 -0.327604
v -0.097155 5.598328 -0.327604
v -0.097155 5.614591 -0.327604
v -0.009780 5.488299 -0.327604
v -0.001959 5.484313 -0.327604
v 0.004249 5.478106 -0.327604
v 0.008234 5.470285 -0.327604
v 0.008234 5.470285 -0.397755
v 0.004249 5.478106 -0.397755
v -0.001959 5.484313 -0.397755
v -0.009780 5.488299 -0.397755
v -0.063152 5.524343 -0.327604
v -0.055331 5.520358 -0.327604
v -0.049124 5.514151 -0.327604
v -0.045139 5.506329 -0.327604
v -0.045139 5.506330 -0.397755
v -0.049124 5.514151 -0.397755
v -0.055331 5.520358 -0.397755
v -0.063152 5.524343 -0.397755
v -0.098528 5.550885 -0.397755
v -0.102513 5.558706 -0.397755
v -0.108720 5.564913 -0.397755
v -0.116542 5.568898 -0.397755
v -0.116542 5.568898 -0.327604
v -0.108720 5.564913 -0.327604
v -0.102513 5.558706 -0.327604
v -0.098528 5.550885 -0.327604
v 3.374124 5.489672 -0.327605
v 3.399440 5.489672 -0.327605
v 3.399440 5.497659 -0.327605
v 3.371384 5.525716 -0.327605
v 3.346067 5.517728 -0.327605
v 3.371384 5.525716 -0.397755
v 3.399440 5.497659 -0.397755
v 3.399440 5.489672 -0.397756
v 3.374124 5.489672 -0.397756
v 3.346067 5.517728 -0.397755
v 3.275916 5.489672 -0.327605
v 3.318011 5.489672 -0.327605
v 3.318011 5.489672 -0.397756
v 3.275916 5.489672 -0.397756
v 3.427497 5.525716 -0.327605
v 3.452829 5.525716 -0.327605
v 3.452829 5.542215 -0.327605
v 3.424773 5.570271 -0.327605
v 3.399090 5.553771 -0.327605
v 3.452829 5.614591 -0.397755
v 3.480886 5.570271 -0.397755
v 3.452829 5.598328 -0.397755
v 3.399090 5.553771 -0.397755
v 3.346067 5.461615 -0.397756
v 3.346067 5.445548 -0.397756
v 3.275916 5.445548 -0.397756
v 3.424773 5.570271 -0.397755
v 3.452829 5.542215 -0.397755
v 3.452829 5.525716 -0.397755
v 3.427497 5.525716 -0.397755
v 3.275916 5.445548 -0.327605
v 3.346067 5.445548 -0.327605
v 3.346067 5.461615 -0.327605
v 3.480886 5.570271 -0.327605
v 3.452829 5.614591 -0.327605
v 3.452829 5.598328 -0.327605
v 3.347440 5.470285 -0.327605
v 3.351426 5.478106 -0.327605
v 3.357633 5.484313 -0.327605
v 3.365454 5.488299 -0.327605
v 3.365454 5.488299 -0.397756
v 3.357633 5.484313 -0.397756
v 3.351426 5.478106 -0.397756
v 3.347440 5.470285 -0.397756
v 3.400814 5.506330 -0.327605
v 3.404799 5.514151 -0.327605
v 3.411006 5.520358 -0.327605
v 3.418827 5.524343 -0.327605
v 3.418827 5.524343 -0.397755
v 3.411006 5.520358 -0.397755
v 3.404799 5.514151 -0.397755
v 3.400814 5.506330 -0.397755
v 3.472216 5.568898 -0.397755
v 3.464395 5.564913 -0.397755
v 3.458188 5.558706 -0.397755
v 3.454202 5.550885 -0.397755
v 3.454202 5.550885 -0.327605
v 3.458188 5.558706 -0.327605
v 3.464395 5.564913 -0.327605
v 3.472216 5.568898 -0.327605
v -0.018450 5.489672 0.035075
v 0.009607 5.517728 0.035075
v -0.015709 5.525716 0.035075
v -0.043766 5.497659 0.035075
v -0.043766 5.489672 0.035075
v 0.009607 5.517728 -0.035076
v -0.018450 5.489672 -0.035076
v -0.043766 5.489672 -0.035076
v -0.043766 5.497659 -0.035076
v -0.015709 5.525716 -0.035076
v 0.037663 5.489672 0.035075
v 0.079758 5.489672 0.035075
v 0.079758 5.489672 -0.035076
v 0.037663 5.489672 -0.035076
v -0.071822 5.525716 0.035075
v -0.043416 5.553770 0.035075
v -0.069099 5.570271 0.035075
v -0.097155 5.542214 0.035075
v -0.097155 5.525716 0.035075
v -0.097155 5.614591 -0.035075
v -0.097155 5.598327 -0.035075
v -0.125212 5.570271 -0.035076
v -0.043416 5.553770 -0.035076
v 0.079758 5.445548 -0.035076
v 0.009607 5.445548 -0.035076
v 0.009607 5.461615 -0.035076
v -0.071822 5.525716 -0.035076
v -0.097155 5.525716 -0.035076
v -0.097155 5.542214 -0.035076
v -0.069099 5.570271 -0.035076
v 0.009607 5.461615 0.035075
v 0.009607 5.445548 0.035075
v 0.079758 5.445548 0.035075
v -0.125212 5.570271 0.035075
v -0.097155 5.598327 0.035076
v -0.097155 5.614591 0.035076
v -0.009780 5.488299 0.035075
v -0.001959 5.484313 0.035075
v 0.004249 5.478106 0.035075
v 0.008234 5.470285 0.035075
v 0.008234 5.470285 -0.035076
v 0.004249 5.478106 -0.035076
v -0.001959 5.484313 -0.035076
v -0.009780 5.488299 -0.035076
v -0.063152 5.524343 0.035075
v -0.055331 5.520358 0.035075
v -0.049124 5.514151 0.035075
v -0.045139 5.506329 0.035075
v -0.045139 5.506329 -0.035076
v -0.049124 5.514151 -0.035076
v -0.055331 5.520358 -0.035076
v -0.063152 5.524343 -0.035076
v -0.098528 5.550884 -0.035075
v -0.102513 5.558706 -0.035076
v -0.108720 5.564912 -0.035076
v -0.116542 5.568898 -0.035076
v -0.116542 5.568898 0.035075
v -0.108720 5.564912 0.035075
v -0.102513 5.558706 0.035075
v -0.098528 5.550884 0.035076
v 3.374124 5.489672 0.035075
v 3.399440 5.489672 0.035075
v 3.399440 5.497659 0.035075
v 3.371384 5.525716 0.035075
v 3.346067 5.517728 0.035075
v 3.371384 5.525716 -0.035076
v 3.399440 5.497659 -0.035076
v 3.399440 5.489672 -0.035076
v 3.374124 5.489672 -0.035076
v 3.346067 5.517728 -0.035076
v 3.275916 5.489672 0.035075
v 3.318011 5.489672 0.035075
v 3.318011 5.489672 -0.035076
v 3.275916 5.489672 -0.035076
v 3.427497 5.525716 0.035075
v 3.452829 5.525716 0.035075
v 3.452829 5.542214 0.035075
v 3.424773 5.570271 0.035075
v 3.399090 5.553770 0.035075
v 3.452829 5.614591 -0.035076
v 3.480886 5.570271 -0.035076
v 3.452829 5.598328 -0.035076
v 3.399090 5.553771 -0.035076
v 3.346067 5.461615 -0.035076
v 3.346067 5.445548 -0.035076
v 3.275916 5.445548 -0.035076
v 3.424773 5.570271 -0.035076
v 3.452829 5.542214 -0.035076
v 3.452829 5.525716 -0.035076
v 3.427497 5.525716 -0.035076
v 3.275916 5.445548 0.035075
v 3.346067 5.445548 0.035075
v 3.346067 5.461615 0.035075
v 3.480886 5.570271 0.035075
v 3.452829 5.614591 0.035075
v 3.452829 5.598328 0.035075
v 3.347440 5.470285 0.035075
v 3.351426 5.478106 0.035075
v 3.357633 5.484313 0.035075
v 3.365454 5.488299 0.035075
v 3.365454 5.488299 -0.035076
v 3.357633 5.484313 -0.035076
v 3.351426 5.478106 -0.035076
v 3.347440 5.470285 -0.035076
v 3.400814 5.506329 0.035075
v 3.404799 5.514151 0.035075
v 3.411006 5.520358 0.035075
v 3.418827 5.524343 0.035075
v 3.418827 5.524343 -0.035076
v 3.411006 5.520358 -0.035076
v 3.404799 5.514151 -0.035076
v 3.400814 5.506329 -0.035076
v 3.472216 5.568898 -0.035076
v 3.464395 5.564912 -0.035076
v 3.458188 5.558706 -0.035076
v 3.454202 5.550885 -0.035076
v 3.454202 5.550884 0.035075
v 3.458188 5.558706 0.035075
v 3.464395 5.564912 0.035075
v 3.472216 5.568898 0.035075
v -0.018450 5.489672 0.397755
v 0.009607 5.517728 0.397755
v -0.015709 5.525716 0.397755
v -0.043766 5.497659 0.397755
v -0.043766 5.489672 0.397755
v 0.009607 5.517728 0.327605
v -0.018450 5.489672 0.327605
v -0.043766 5.489672 0.327605
v -0.043766 5.497659 0.327605
v -0.015709 5.525716 0.327605
v 0.037663 5.489672 0.397755
v 0.079758 5.489672 0.397755
v 0.079758 5.489672 0.327605
v 0.037663 5.489672 0.327605
v -0.071822 5.525716 0.397755
v -0.043416 5.553770 0.397755
v -0.069099 5.570271 0.397755
v -0.097155 5.542214 0.397755
v -0.097155 5.525716 0.397755
v -0.097155 5.614591 0.327605
v -0.097155 5.598327 0.327605
v -0.125212 5.570271 0.327605
v -0.043416 5.553770 0.327605
v 0.079758 5.445548 0.327605
v 0.009607 5.445548 0.327605
v 0.009607 5.461615 0.327605
v -0.071822 5.525716 0.327605
v -0.097155 5.525716 0.327605
v -0.097155 5.542214 0.327605
v -0.069099 5.570271 0.327605
v 0.009607 5.461615 0.397755
v 0.009607 5.445548 0.397755
v 0.079758 5.445548 0.397755
v -0.125212 5.570271 0.397755
v -0.097155 5.598327 0.397755
v -0.097155 5.614591 0.397755
v -0.009780 5.488298 0.397755
v -0.001959 5.484313 0.397755
v 0.004249 5.478106 0.397755
v 0.008234 5.470285 0.397755
v 0.008234 5.470285 0.327605
v 0.004249 5.478106 0.327605
v -0.001959 5.484313 0.327605
v -0.009780 5.488298 0.327605
v -0.063152 5.524343 0.397755
v -0.055331 5.520358 0.397755
v -0.049124 5.514150 0.397755
v -0.045139 5.506329 0.397755
v -0.045139 5.506329 0.327605
v -0.049124 5.514150 0.327605
v -0.055331 5.520358 0.327605
v -0.063152 5.524343 0.327605
v -0.098528 5.550884 0.327605
v -0.102513 5.558706 0.327605
v -0.108720 5.564912 0.327605
v -0.116542 5.568898 0.327605
v -0.116542 5.568897 0.397755
v -0.108720 5.564912 0.397755
v -0.102513 5.558705 0.397755
v -0.098528 5.550884 0.397755
v 3.374124 5.489672 0.397755
v 3.399440 5.489672 0.397755
v 3.399440 5.497659 0.397755
v 3.371384 5.525716 0.397755
v 3.346067 5.517728 0.397755
v 3.371384 5.525716 0.327604
v 3.399440 5.497659 0.327604
v 3.399440 5.489672 0.327604
v 3.374124 5.489672 0.327604
v 3.346067 5.517728 0.327604
v 3.275916 5.489672 0.397755
v 3.318011 5.489672 0.397755
v 3.318011 5.489672 0.327604
v 3.275916 5.489672 0.327604
v 3.427497 5.525716 0.397755
v 3.452829 5.525716 0.397755
v 3.452829 5.542214 0.397755
v 3.424773 5.570271 0.397755
v 3.399090 5.553770 0.397755
v 3.452829 5.614591 0.327604
v 3.480886 5.570271 0.327604
v 3.452829 5.598327 0.327604
v 3.399090 5.553770 0.327604
v 3.346067 5.461615 0.327604
v 3.346067 5.445548 0.327604
v 3.275916 5.445548 0.327604
v 3.424773 5.570271 0.327604
v 3.452829 5.542214 0.327604
v 3.452829 5.525716 0.327604
v 3.427497 5.525716 0.327604
v 3.275916 5.445548 0.397755
v 3.346067 5.445548 0.397755
v 3.346067 5.461615 0.397755
v 3.480886 5.570271 0.397755
v 3.452829 5.614591 0.397755
v 3.452829 5.598327 0.397755
v 3.347440 5.470285 0.397755
v 3.351426 5.478106 0.397755
v 3.357633 5.484313 0.397755
v 3.365454 5.488298 0.397755
v 3.365454 5.488298 0.327604
v 3.357633 5.484313 0.327604
v 3.351426 5.478106 0.327604
v 3.347440 5.470285 0.327604
v 3.400814 5.506329 0.397755
v 3.404799 5.514150 0.397755
v 3.411006 5.520358 0.397755
v 3.418827 5.524343 0.397755
v 3.418827 5.524343 0.327604
v 3.411006 5.520358 0.327604
v 3.404799 5.514150 0.327604
v 3.400814 5.506329 0.327604
v 3.472216 5.568898 0.327604
v 3.464395 5.564912 0.327604
v 3.458188 5.558706 0.327604
v 3.454202 5.550884 0.327604
v 3.454202 5.550884 0.397755
v 3.458188 5.558706 0.397755
v 3.464395 5.564912 0.397755
v 3.472216 5.568898 0.397755
v -0.018449 5.489672 0.760435
v 0.009607 5.517728 0.760435
v -0.015709 5.525716 0.760435
v -0.043766 5.497659 0.760435
v -0.043766 5.489672 0.760435
v 0.009607 5.517728 0.690285
v -0.018449 5.489672 0.690285
v -0.043766 5.489672 0.690285
v -0.043766 5.497659 0.690285
v -0.015709 5.525716 0.690285
v 0.037663 5.489672 0.760435
v 0.079758 5.489672 0.760435
v 0.079758 5.489672 0.690284
v 0.037663 5.489672 0.690284
v -0.071822 5.525716 0.760435
v -0.043416 5.553770 0.760435
v -0.069098 5.570271 0.760435
v -0.097155 5.542214 0.760435
v -0.097155 5.525716 0.760435
v -0.097155 5.614591 0.690285
v -0.097155 5.598327 0.690285
v -0.125211 5.570271 0.690285
v -0.043416 5.553770 0.690285
v 0.079758 5.445548 0.690284
v 0.009607 5.445548 0.690284
v 0.009607 5.461615 0.690285
v -0.071822 5.525716 0.690285
v -0.097155 5.525716 0.690285
v -0.097155 5.542214 0.690285
v -0.069098 5.570271 0.690285
v 0.009607 5.461615 0.760435
v 0.009607 5.445548 0.760435
v 0.079758 5.445548 0.760435
v -0.125211 5.570271 0.760435
v -0.097155 5.598327 0.760435
v -0.097155 5.614591 0.760435
v -0.009780 5.488298 0.760435
v -0.001958 5.484313 0.760435
v 0.004249 5.478106 0.760435
v 0.008234 5.470285 0.760435
v 0.008234 5.470285 0.690285
v 0.004249 5.478106 0.690285
v -0.001958 5.484313 0.690285
v -0.009780 5.488298 0.690285
v -0.063152 5.524343 0.760435
v -0.055331 5.520357 0.760435
v -0.049124 5.514150 0.760435
v -0.045139 5.506329 0.760435
v -0.045139 5.506329 0.690285
v -0.049124 5.514150 0.690285
v -0.055331 5.520357 0.690285
v -0.063152 5.524343 0.690285
v -0.098528 5.550884 0.690285
v -0.102513 5.558705 0.690285
v -0.108720 5.564912 0.690285
v -0.116542 5.568897 0.690285
v -0.116542 5.568897 0.760435
v -0.108720 5.564912 0.760435
v -0.102513 5.558705 0.760435
v -0.098528 5.550884 0.760435
v 3.374124 5.489672 0.760435
v 3.399441 5.489672 0.760435
v 3.399441 5.497659 0.760435
v 3.371384 5.525716 0.760435
v 3.346067 5.517728 0.760435
v 3.371384 5.525716 0.690284
v 3.399441 5.497659 0.690284
v 3.399441 5.489672 0.690284
v 3.374124 5.489672 0.690284
v 3.346067 5.517728 0.690284
v 3.275916 5.489672 0.760435
v 3.318011 5.489672 0.760435
v 3.318011 5.489672 0.690284
v 3.275916 5.489672 0.690284
v 3.427497 5.525716 0.760435
v 3.452829 5.525716 0.760435
v 3.452829 5.542214 0.760435
v 3.424773 5.570271 0.760435
v 3.399091 5.553770 0.760435
v 3.452829 5.614591 0.690284
v 3.480886 5.570271 0.690284
v 3.452829 5.598327 0.690284
v 3.399091 5.553770 0.690284
v 3.346067 5.461615 0.690284
v 3.346067 5.445548 0.690284
v 3.275916 5.445548 0.690284
v 3.424773 5.570271 0.690284
v 3.452829 5.542214 0.690284
v 3.452829 5.525716 0.690284
v 3.427497 5.525716 0.690284
v 3.275916 5.445548 0.760435
v 3.346067 5.445548 0.760435
v 3.346067 5.461615 0.760435
v 3.480886 5.570271 0.760435
v 3.452829 5.614591 0.760435
v 3.452829 5.598327 0.760435
v 3.347441 5.470285 0.760435
v 3.351426 5.478106 0.760435
v 3.357633 5.484313 0.760435
v 3.365454 5.488298 0.760435
v 3.365454 5.488298 0.690284
v 3.357633 5.484313 0.690284
v 3.351426 5.478106 0.690284
v 3.347441 5.470285 0.690284
v 3.400814 5.506329 0.760435
v 3.404799 5.514150 0.760435
v 3.411006 5.520357 0.760435
v 3.418827 5.524343 0.760435
v 3.418827 5.524343 0.690284
v 3.411006 5.520357 0.690284
v 3.404799 5.514150 0.690284
v 3.400814 5.506329 0.690284
v 3.472216 5.568897 0.690284
v 3.464395 5.564912 0.690284
v 3.458188 5.558705 0.690284
v 3.454203 5.550884 0.690284
v 3.454203 5.550884 0.760435
v 3.458188 5.558705 0.760435
v 3.464395 5.564912 0.760435
v 3.472216 5.568897 0.760435
v -0.018449 5.489671 1.123115
v 0.009607 5.517727 1.123115
v -0.015709 5.525715 1.123115
v -0.043766 5.497659 1.123115
v -0.043766 5.489671 1.123115
v 0.009607 5.517728 1.052964
v -0.018449 5.489672 1.052964
v -0.043766 5.489672 1.052964
v -0.043766 5.497659 1.052964
v -0.015709 5.525716 1.052964
v 0.037663 5.489671 1.123115
v 0.079758 5.489671 1.123115
v 0.079758 5.489672 1.052964
v 0.037663 5.489672 1.052964
v -0.071822 5.525715 1.123115
v -0.043416 5.553770 1.123115
v -0.069098 5.570270 1.123115
v -0.097155 5.542214 1.123115
v -0.097155 5.525715 1.123115
v -0.097155 5.614591 1.052964
v -0.097155 5.598327 1.052964
v -0.125211 5.570271 1.052964
v -0.043416 5.553771 1.052964
v 0.079758 5.445549 1.052964
v 0.009607 5.445549 1.052964
v 0.009607 5.461615 1.052964
v -0.071822 5.525716 1.052964
v -0.097155 5.525716 1.052964
v -0.097155 5.542214 1.052964
v -0.069098 5.570271 1.052964
v 0.009607 5.461614 1.123115
v 0.009607 5.445548 1.123115
v 0.079758 5.445548 1.123115
v -0.125211 5.570270 1.123115
v -0.097155 5.598328 1.123115
v -0.097155 5.614591 1.123115
v -0.009780 5.488298 1.123115
v -0.001958 5.484313 1.123115
v 0.004249 5.478106 1.123115
v 0.008234 5.470284 1.123115
v 0.008234 5.470285 1.052964
v 0.004249 5.478106 1.052964
v -0.001958 5.484313 1.052964
v -0.009780 5.488299 1.052964
v -0.063152 5.524342 1.123115
v -0.055331 5.520357 1.123115
v -0.049124 5.514150 1.123115
v -0.045139 5.506329 1.123115
v -0.045139 5.506329 1.052964
v -0.049124 5.514150 1.052964
v -0.055331 5.520358 1.052964
v -0.063152 5.524343 1.052964
v -0.098528 5.550885 1.052964
v -0.102513 5.558706 1.052964
v -0.108720 5.564912 1.052964
v -0.116542 5.568898 1.052964
v -0.116542 5.568897 1.123115
v -0.108720 5.564913 1.123115
v -0.102513 5.558705 1.123115
v -0.098528 5.550884 1.123115
v 3.374124 5.489671 1.123115
v 3.399441 5.489671 1.123115
v 3.399441 5.497659 1.123115
v 3.371384 5.525715 1.123115
v 3.346067 5.517727 1.123115
v 3.371384 5.525716 1.052964
v 3.399441 5.497659 1.052964
v 3.399441 5.489672 1.052964
v 3.374124 5.489672 1.052964
v 3.346067 5.517728 1.052964
v 3.275916 5.489671 1.123115
v 3.318011 5.489671 1.123115
v 3.318011 5.489672 1.052964
v 3.275916 5.489672 1.052964
v 3.427497 5.525715 1.123115
v 3.452829 5.525715 1.123115
v 3.452829 5.542214 1.123115
v 3.424773 5.570270 1.123115
v 3.399091 5.553770 1.123115
v 3.452829 5.614591 1.052964
v 3.480886 5.570271 1.052964
v 3.452829 5.598327 1.052964
v 3.399091 5.553771 1.052964
v 3.346067 5.461615 1.052964
v 3.346067 5.445549 1.052964
v 3.275916 5.445549 1.052964
v 3.424773 5.570271 1.052964
v 3.452829 5.542214 1.052964
v 3.452829 5.525716 1.052964
v 3.427497 5.525716 1.052964
v 3.275916 5.445548 1.123115
v 3.346067 5.445548 1.123115
v 3.346067 5.461614 1.123115
v 3.480886 5.570270 1.123115
v 3.452829 5.614591 1.123115
v 3.452829 5.598328 1.123115
v 3.347441 5.470284 1.123115
v 3.351426 5.478106 1.123115
v 3.357633 5.484313 1.123115
v 3.365454 5.488298 1.123115
v 3.365454 5.488299 1.052964
v 3.357633 5.484313 1.052964
v 3.351426 5.478106 1.052964
v 3.347441 5.470285 1.052964
v 3.400814 5.506329 1.123115
v 3.404799 5.514150 1.123115
v 3.411006 5.520357 1.123115
v 3.418827 5.524342 1.123115
v 3.418827 5.524343 1.052964
v 3.411006 5.520358 1.052964
v 3.404799 5.514150 1.052964
v 3.400814 5.506329 1.052964
v 3.472216 5.568898 1.052964
v 3.464395 5.564912 1.052964
v 3.458188 5.558706 1.052964
v 3.454203 5.550885 1.052964
v 3.454203 5.550884 1.123115
v 3.458188 5.558705 1.123115
v 3.464395 5.564913 1.123115
v 3.472216 5.568897 1.123115
vn -0.7071 0.0018 0.7071
vn -0.0000 -1.0000 -0.0050
vn 1.0000 0.0015 -0.0000
vn -1.0000 0.0015 -0.0000
vn -0.0000 0.0015 1.0000
vn -0.0000 0.0015 -1.0000
vn -0.7071 0.0018 -0.7071
vn 0.7071 0.0018 0.7071
vn 1.0000 -0.0000 -0.0000
vn -0.0000 -1.0000 0.0050
vn 0.0028 -1.0000 0.0028
vn -0.0028 -1.0000 -0.0028
vn 0.0050 -1.0000 -0.0000
vn -0.0050 -1.0000 -0.0000
vn 0.0028 -1.0000 -0.0028
vn -0.0028 -1.0000 0.0028
vn -0.0000 1.0000 -0.0000
vn -1.0000 -0.0000 -0.0000
vn 0.7071 -0.0000 -0.7071
vn -0.7071 -0.0000 0.7071
vn -0.0000 -0.0000 -1.0000
vn -0.0000 -0.0000 1.0000
vn 0.7071 -0.0000 0.7071
vn -0.7071 -0.0000 -0.7071
vn 0.4773 -0.7378 -0.4773
vn 0.4773 -0.7378 0.4773
vn -0.4773 -0.7378 0.4773
vn -0.4773 -0.7378 -0.4773
vn 0.7488 -0.6628 -0.0000
vn -0.0000 -0.6628 -0.7488
vn -0.7488 -0.6628 -0.0000
vn -0.0000 -0.6628 0.7488
vn 0.7071 0.0018 -0.7071
vn -0.0000 -1.0000 -0.0000
vn -0.5773 -0.5774 0.5774
vn 0.5774 -0.5773 0.5774
vn -0.5774 0.5773 0.5773
vn 0.5774 0.5773 0.5773
vn 0.7071 0.7071 -0.0000
vn -0.7071 0.7071 -0.0000
vn 0.5773 -0.5774 0.5774
vn -0.5774 -0.5774 0.5773
vn -0.5774 -0.5773 -0.5773
vn 0.5774 -0.5773 -0.5774
vn 0.5774 0.5773 0.5774
vn -0.5774 0.5774 0.5773
vn 0.7252 -0.6864 -0.0540
vn -0.7252 -0.6864 -0.0540
vn 0.5773 -0.5773 -0.5774
vn 0.7252 -0.0540 -0.6864
vn -0.7252 -0.0540 -0.6864
vn -0.5773 -0.5773 -0.5774
vn 0.5774 -0.5774 -0.5774
vn 0.5774 -0.5773 -0.5773
vn -0.5773 -0.5774 -0.5773
vn 0.5773 0.5774 -0.5773
vn -0.5773 0.5774 -0.5774
vn -0.6736 -0.2284 -0.7030
vn 0.6736 -0.2284 -0.7030
vn -0.6736 -0.4344 -0.5980
vn 0.6736 -0.4344 -0.5980
vn -0.6736 -0.5980 -0.4344
vn 0.6736 -0.5980 -0.4344
vn -0.6736 -0.7030 -0.2284
vn 0.6736 -0.7030 -0.2284
vn 0.6736 -0.2284 -0.7029
vn -0.6735 -0.5980 -0.4345
vn 0.6736 -0.5979 -0.4344
vn 0.6735 -0.7030 -0.2284
vn -0.6736 -0.5980 -0.4345
vn 0.6736 -0.5980 -0.4345
vn 0.5773 -0.5774 -0.5774
vn -0.5774 -0.5773 -0.5774
vn -0.5774 0.5773 -0.5773
vn 0.5774 0.5773 -0.5773
vn 0.5774 -0.5774 -0.5773
vn 0.5774 -0.5774 0.5773
vn -0.5774 -0.5773 0.5773
vn -0.5773 -0.5774 -0.5774
vn 0.5774 0.5774 -0.5773
vn -0.5774 0.5773 -0.5774
vn 0.7252 -0.6864 0.0540
vn 0.5774 -0.5773 0.5773
vn -0.7252 -0.6864 0.0540
vn 0.7252 -0.0540 0.6864
vn -0.7252 -0.0540 0.6864
vn -0.5774 -0.5773 0.5774
vn 0.5773 0.5774 0.5774
vn 0.6736 -0.2284 0.7030
vn -0.6736 -0.2284 0.7030
vn 0.6736 -0.4344 0.5980
vn -0.6736 -0.4345 0.5980
vn 0.6736 -0.5980 0.4344
vn -0.6736 -0.5980 0.4344
vn 0.6736 -0.7029 0.2284
vn -0.6736 -0.7029 0.2284
vn 0.6736 -0.2284 0.7029
vn -0.6736 -0.2284 0.7029
vn 0.6735 -0.4345 0.5980
vn -0.6735 -0.4345 0.5980
vn -0.6736 -0.5980 0.4345
vn 0.6735 -0.7030 0.2284
vn -0.6735 -0.7030 0.2284
vn 0.6736 -0.4345 0.5980
vn 0.6736 -0.7030 0.2284
vn -0.6736 -0.7030 0.2284
vn -0.5774 -0.5774 -0.5773
vn 0.6736 -0.4345 -0.5979
vn 0.6736 -0.7030 -0.2283
vn -0.6736 -0.2284 -0.7029
vn 0.6736 -0.7029 -0.2284
vn 0.6736 -0.2285 -0.7029
vn -0.6736 -0.4345 -0.5980
vn -0.5774 0.5773 0.5774
vn 0.6735 -0.2284 0.7030
vn -0.6735 -0.2284 0.7030
vn -0.6736 -0.4344 0.5980
vn 0.6735 -0.5980 0.4345
vn -0.6735 -0.5980 0.4345
vn 0.6736 -0.7030 0.2283
vn -0.6736 -0.7030 0.2283
vn 0.6736 -0.5980 0.4345
vn -0.6736 -0.5979 -0.4345
vn -0.6735 -0.7030 -0.2284
vn 0.6736 -0.4345 -0.5980
vn -0.6736 -0.4345 -0.5979
vn 0.5774 0.5773 -0.5774
vn -0.7252 -0.0541 -0.6864
vn 0.6736 -0.5979 -0.4345
vn 0.6735 -0.4344 0.5980
vn -0.7253 -0.6864 -0.0540
vn -0.6736 -0.2285 -0.7029
vn -0.6735 -0.5980 -0.4344
vn -0.6736 -0.7029 -0.2284
vn 0.6735 -0.5980 0.4344
vn 0.5773 0.5773 0.5774
vn 0.5773 0.5773 -0.5774
vn -0.0000 0.7071 -0.7071
vn -0.0000 0.7071 0.7071
vn -0.5773 -0.5773 0.5774
vn -0.0540 -0.6864 -0.7252
vn -0.0540 -0.6864 0.7252
vn -0.6864 -0.0540 -0.7252
vn -0.6864 -0.0540 0.7252
vn -0.5774 -0.5774 -0.5774
vn -0.6864 -0.0541 -0.7252
vn -0.5773 -0.5774 0.5773
vn -0.5773 0.5774 -0.5773
vn -0.5773 0.5774 0.5774
vn -0.7030 -0.2284 0.6736
vn -0.7029 -0.2284 -0.6736
vn -0.5980 -0.4344 0.6736
vn -0.5980 -0.4344 -0.6736
vn -0.4345 -0.5980 0.6736
vn -0.4345 -0.5980 -0.6736
vn -0.2284 -0.7030 0.6736
vn -0.2284 -0.7030 -0.6736
vn -0.4344 -0.5980 -0.6736
vn -0.7030 -0.2284 -0.6736
vn -0.4344 -0.5980 0.6736
vn -0.5773 0.5773 0.5774
vn -0.5773 0.5773 -0.5774
vn 0.5773 -0.5773 0.5774
vn 0.0540 -0.6864 -0.7252
vn 0.0540 -0.6864 0.7252
vn 0.6864 -0.0540 -0.7252
vn 0.6864 -0.0540 0.7252
vn 0.5774 0.5774 0.5774
vn 0.7030 -0.2284 -0.6736
vn 0.7030 -0.2284 0.6736
vn 0.5980 -0.4344 -0.6736
vn 0.5980 -0.4344 0.6736
vn 0.4344 -0.5980 -0.6736
vn 0.4344 -0.5980 0.6736
vn 0.2284 -0.7029 -0.6736
vn 0.2284 -0.7029 0.6736
vn 0.5980 -0.4345 -0.6736
vn 0.2284 -0.7030 -0.6735
vn 0.2284 -0.7030 0.6735
vn 0.5979 -0.4345 0.6736
vn 0.2284 -0.7030 -0.6736
vn 0.2284 -0.7030 0.6736
vn -0.2284 -0.7029 0.6736
vn -0.2284 -0.7030 -0.6735
vn -0.2283 -0.7029 0.6736
vn -0.5979 -0.4345 0.6736
vn -0.4345 -0.5980 0.6735
vn 0.6864 -0.0541 -0.7252
vn 0.5774 0.5774 0.5773
vn 0.4344 -0.5980 -0.6735
vn 0.4344 -0.5980 0.6735
vn 0.2283 -0.7030 -0.6736
vn 0.2283 -0.7030 0.6736
vn 0.4345 -0.5980 -0.6736
vn 0.4345 -0.5980 0.6736
vn 0.7030 -0.2284 -0.6735
vn 0.5980 -0.4345 0.6736
vn -0.0000 0.7071 -0.7072
vn -0.5980 -0.4345 0.6736
vn -0.2284 -0.7030 0.6735
vn -0.2284 -0.7029 -0.6736
vn -0.7071 -0.0000 0.7072
vn 0.6864 -0.0541 0.7252
vn -0.0000 0.7072 0.7071
vn -0.7030 -0.2283 0.6736
vn -0.5980 -0.4345 -0.6736
vn 0.7072 -0.0000 -0.7071
vn -0.6864 -0.0541 0.7252
vn 0.2285 -0.7029 0.6736
vn -0.7030 -0.2284 0.6735
vn 0.5980 -0.4345 0.6735
vn 0.4345 -0.5979 0.6736
vn 0.2132 -0.9363 -0.2790
vn 0.2133 -0.9363 -0.2790
vn 0.2472 -0.3975 -0.8837
vn 0.2472 -0.3974 -0.8837
vn 0.7967 -0.4688 -0.3815
vn 0.7967 -0.4687 -0.3815
vn 0.2472 0.3974 -0.8837
vn 0.2132 0.9363 -0.2790
vn 0.7967 0.4687 -0.3815
vn 0.2132 -0.9363 0.2790
vn 0.2132 -0.9363 0.2789
vn 0.7967 -0.4688 0.3815
vn 0.7967 -0.4687 0.3815
vn 0.2472 -0.3974 0.8837
vn 0.2132 0.9363 0.2790
vn 0.2132 0.9363 0.2789
vn 0.2472 0.3974 0.8837
vn 0.7967 0.4687 0.3815
vn -0.2132 -0.9363 -0.2790
vn -0.7967 -0.4688 -0.3815
vn -0.7967 -0.4687 -0.3815
vn -0.2472 -0.3974 -0.8837
vn -0.2472 -0.3975 -0.8837
vn -0.2132 0.9363 -0.2790
vn -0.2472 0.3974 -0.8837
vn -0.7967 0.4687 -0.3815
vn -0.2132 -0.9363 0.2790
vn -0.2473 -0.3974 0.8837
vn -0.2472 -0.3974 0.8837
vn -0.7967 -0.4688 0.3815
vn -0.7967 -0.4687 0.3815
vn -0.2132 0.9363 0.2789
vn -0.2132 0.9363 0.2790
vn -0.7967 0.4687 0.3815
vn -0.2472 0.3974 0.8837
vn -0.2473 0.3974 0.8837
vn 0.2496 -0.9684 -0.0000
vn 0.8324 -0.5542 -0.0000
vn 0.3019 -0.0000 -0.9534
vn 0.3018 -0.0000 -0.9534
vn 0.8792 -0.0000 -0.4764
vn 0.2496 0.9684 -0.0000
vn 0.2495 0.9684 -0.0000
vn 0.8324 0.5542 -0.0000
vn 0.3018 -0.0000 0.9534
vn 0.8792 -0.0000 0.4764
vn 0.8792 -0.0000 0.4765
vn -0.0000 -0.9476 0.3195
vn -0.0000 -0.4536 0.8912
vn -0.0000 0.9476 0.3195
vn -0.0000 0.4536 0.8912
vn -0.8792 -0.0000 0.4765
vn -0.3018 -0.0000 0.9534
vn -0.2496 -0.9684 -0.0000
vn -0.8324 -0.5542 -0.0000
vn -0.2495 0.9684 -0.0000
vn -0.2496 0.9684 -0.0000
vn -0.8324 0.5542 -0.0000
vn -0.3018 -0.0000 -0.9534
vn -0.3019 -0.0000 -0.9534
vn -0.8792 -0.0000 -0.4764
vn -0.8792 -0.0000 -0.4765
vn -0.0000 -0.9476 -0.3195
vn -0.0000 -0.4536 -0.8912
vn -0.0000 0.9476 -0.3195
vn -0.0000 0.4536 -0.8912
vn 0.2132 -0.9363 -0.2789
vn 0.2133 -0.9363 -0.2789
vn 0.2132 0.9363 -0.2789
vn 0.2472 -0.3975 0.8837
vn 0.2473 0.3973 0.8837
vn 0.2473 0.3974 0.8837
vn -0.2132 -0.9363 -0.2789
vn -0.2132 0.9363 -0.2789
vn -0.2472 -0.3975 0.8837
vn 0.3019 -0.0000 0.9534
vn -0.0000 0.9476 0.3194
vn -0.0000 0.4535 0.8913
vn -0.0000 0.4535 0.8912
vn -0.8792 -0.0000 0.4764
vn -0.3019 -0.0000 0.9534
vn 0.8792 -0.0000 -0.4765
vn -0.0000 -0.4535 0.8912
vn -0.2133 -0.9363 -0.2789
vn -0.0000 -0.4535 -0.8912
vn -0.0000 0.4535 -0.8912
vn -0.7967 -0.4687 0.3816
vn -0.2473 -0.3974 -0.8837
vn -0.2473 0.3973 0.8837
vn 0.2473 -0.3974 0.8837
vn -0.2133 -0.9363 -0.2790
vn -0.7967 0.4688 -0.3815
vn -0.2133 -0.9363 0.2789
vn -0.7967 0.4688 0.3815
vn 0.2473 -0.3974 -0.8837
vn -0.2790 -0.9363 -0.2132
vn -0.2789 -0.9363 -0.2132
vn -0.8837 -0.3975 -0.2472
vn -0.8837 -0.3974 -0.2473
vn -0.8837 -0.3974 -0.2472
vn -0.3815 -0.4687 -0.7967
vn -0.8837 0.3974 -0.2473
vn -0.8837 0.3974 -0.2472
vn -0.2789 0.9363 -0.2132
vn -0.2790 0.9363 -0.2132
vn -0.3815 0.4687 -0.7967
vn 0.2790 -0.9363 -0.2132
vn 0.2789 -0.9363 -0.2132
vn 0.3815 -0.4687 -0.7967
vn 0.8837 -0.3974 -0.2472
vn 0.8837 -0.3974 -0.2473
vn 0.2790 0.9363 -0.2132
vn 0.2789 0.9363 -0.2132
vn 0.8837 0.3974 -0.2472
vn 0.3815 0.4687 -0.7967
vn -0.2790 -0.9363 0.2132
vn -0.2790 -0.9363 0.2133
vn -0.3815 -0.4688 0.7967
vn -0.3815 -0.4687 0.7967
vn -0.8837 -0.3974 0.2473
vn -0.2790 0.9363 0.2132
vn -0.2789 0.9363 0.2132
vn -0.8837 0.3974 0.2472
vn -0.3815 0.4687 0.7967
vn 0.2790 -0.9363 0.2132
vn 0.2789 -0.9363 0.2133
vn 0.8837 -0.3974 0.2473
vn 0.8837 -0.3974 0.2472
vn 0.3815 -0.4688 0.7967
vn 0.3815 -0.4687 0.7967
vn 0.2789 0.9363 0.2132
vn 0.2790 0.9363 0.2132
vn 0.3815 0.4687 0.7967
vn 0.8837 0.3974 0.2472
vn -0.0000 -0.9684 -0.2496
vn -0.0000 -0.5542 -0.8324
vn -0.9534 -0.0000 -0.3018
vn -0.9534 -0.0000 -0.3019
vn -0.4764 -0.0000 -0.8792
vn -0.0000 0.9684 -0.2496
vn -0.0000 0.5542 -0.8324
vn 0.9534 -0.0000 -0.3018
vn 0.4764 -0.0000 -0.8792
vn 0.3195 -0.9476 -0.0000
vn 0.8912 -0.4535 -0.0000
vn 0.3195 0.9476 -0.0000
vn 0.8912 0.4535 -0.0000
vn 0.4764 -0.0000 0.8792
vn 0.9534 -0.0000 0.3018
vn -0.0000 -0.9684 0.2496
vn -0.0000 -0.5542 0.8324
vn -0.0000 0.9684 0.2495
vn -0.0000 0.5542 0.8324
vn -0.9534 -0.0000 0.3018
vn -0.4765 -0.0000 0.8792
vn -0.3195 -0.9476 -0.0000
vn -0.8912 -0.4536 -0.0000
vn -0.3195 0.9476 -0.0000
vn -0.8912 0.4536 -0.0000
vn -0.3815 0.4688 -0.7967
vn -0.2789 -0.9363 0.2132
vn -0.8837 -0.3974 0.2472
vn -0.8837 0.3974 0.2473
vn 0.2789 -0.9363 0.2132
vn -0.0000 -0.9684 -0.2495
vn -0.9533 -0.0000 -0.3019
vn -0.4765 -0.0000 -0.8792
vn -0.0000 0.9684 0.2496
vn -0.9533 -0.0000 0.3019
vn -0.2790 -0.9363 -0.2133
vn -0.3815 -0.4688 -0.7967
vn 0.3815 -0.4688 -0.7967
vn -0.3816 -0.4687 0.7967
vn 0.3816 -0.4687 0.7967
vn 0.3194 -0.9476 -0.0000
vn 0.3194 0.9476 -0.0000
vn -0.2789 -0.9363 -0.2133
vn 0.2789 -0.9363 -0.2133
vn 0.8837 0.3974 0.2473
vn 0.4765 -0.0000 0.8792
vn -0.9534 -0.0000 0.3019
vn 0.7252 -0.0541 -0.6865
vn 0.7252 -0.6865 -0.0540
vn -0.7252 -0.0540 -0.6865
vn 0.7252 -0.6865 -0.0539
vn -0.7252 -0.6865 -0.0540
vn -0.6735 -0.2284 -0.7030
vn -0.6735 -0.4344 -0.5980
vn 0.6735 -0.2284 -0.7030
vn 0.6735 -0.4345 -0.5980
vn 0.6735 -0.5980 -0.4345
vn -0.6735 -0.4344 -0.5981
vn 0.6735 -0.2285 -0.7030
vn -0.6735 -0.4345 -0.5980
vn -0.7252 -0.0541 0.6864
vn -0.7252 -0.6865 0.0540
vn 0.7252 -0.6865 0.0541
vn 0.7252 -0.0540 0.6865
vn -0.6735 -0.2285 0.7030
vn -0.6735 -0.5981 0.4344
vn 0.6735 -0.7030 0.2285
vn -0.7252 -0.6865 -0.0541
vn -0.7071 0.7072 -0.0000
vn -0.7252 -0.0541 0.6865
vn 0.6735 -0.4344 0.5981
vn -0.7252 -0.0540 0.6865
vn -0.6735 -0.5980 0.4344
vn 0.6735 -0.5980 -0.4344
vn 0.7252 -0.0540 -0.6865
vn 0.6735 -0.5981 -0.4344
vn 0.7252 -0.0541 -0.6864
vn -0.6865 -0.0540 0.7252
vn -0.6865 -0.0541 -0.7252
vn -0.0540 -0.6865 0.7252
vn -0.0540 -0.6865 -0.7252
vn -0.0541 -0.6865 0.7252
vn -0.5981 -0.4344 0.6735
vn -0.7030 -0.2285 -0.6735
vn -0.5980 -0.4345 -0.6735
vn -0.4345 -0.5980 -0.6735
vn -0.2285 -0.7030 0.6735
vn -0.7030 -0.2284 -0.6735
vn -0.5980 -0.4345 0.6735
vn 0.6865 -0.0541 0.7252
vn 0.0541 -0.6865 -0.7252
vn 0.6865 -0.0540 -0.7252
vn 0.0540 -0.6865 0.7252
vn 0.4344 -0.5981 0.6735
vn 0.7030 -0.2284 0.6735
vn 0.2285 -0.7030 -0.6735
vn 0.4345 -0.5980 -0.6735
vn 0.5981 -0.4344 -0.6735
vn 0.4345 -0.5980 0.6735
vn 0.5980 -0.4345 -0.6735
vn -0.0539 -0.6865 -0.7252
vn -0.4344 -0.5981 -0.6735
vn 0.5980 -0.4344 0.6735
vn 0.7030 -0.2285 0.6735
vn 0.0540 -0.6865 -0.7252
vn 0.5980 -0.4344 -0.6735
vn -0.0541 -0.6864 0.7252
vn -0.2285 -0.7030 -0.6735
vn 0.2285 -0.7030 0.6735
vt 0.595246 0.087515
vt 0.489274 0.087515
vt 0.489296 0.171310
vt 0.595223 0.171310
vt 0.662336 0.204089
vt 0.911783 0.204089
vt 0.929277 0.180646
vt 0.644842 0.180646
vt 0.640260 0.171382
vt 0.933859 0.171382
vt 0.933797 0.115561
vt 0.640322 0.115561
vt 0.640260 0.171382
vt 0.933859 0.171382
vt 0.933797 0.115562
vt 0.640321 0.115561
vt 0.640260 0.171382
vt 0.933859 0.171382
vt 0.933797 0.115561
vt 0.640322 0.115561
vt 0.640260 0.171382
vt 0.933859 0.171381
vt 0.933797 0.115561
vt 0.595246 0.087515
vt 0.489274 0.087515
vt 0.489296 0.171310
vt 0.595246 0.087515
vt 0.489274 0.087515
vt 0.656063 0.077558
vt 0.918056 0.077558
vt 0.918056 0.032901
vt 0.656063 0.032901
vt 0.662336 0.204089
vt 0.911783 0.204089
vt 0.929277 0.180646
vt 0.644842 0.180646
vt 0.587278 0.028635
vt 0.497242 0.028635
vt 0.490927 0.072088
vt 0.593592 0.072088
vt 0.587278 0.028635
vt 0.490928 0.072088
vt 0.593592 0.072088
vt 0.662336 0.204089
vt 0.911783 0.204089
vt 0.929277 0.180646
vt 0.644842 0.180646
vt 0.662336 0.204089
vt 0.911783 0.204090
vt 0.929277 0.180647
vt 0.644842 0.180646
vt 0.497242 0.028635
vt 0.490928 0.072088
vt 0.587278 0.028635
vt 0.497242 0.028635
vt 0.490927 0.072088
vt 0.593592 0.072088
vt 0.512927 0.228359
vt 0.571593 0.228359
vt 0.595223 0.171310
vt 0.489296 0.171310
vt 0.512927 0.228360
vt 0.571593 0.228360
vt 0.512926 0.228360
vt 0.918056 0.077558
vt 0.656063 0.077558
vt 0.918056 0.077557
vt 0.656063 0.077558
vt 0.918056 0.077558
vt 0.656063 0.077558
vt 0.918056 0.032901
vt 0.656063 0.032901
vt 0.512927 0.295397
vt 0.571593 0.295397
vt 0.512927 0.295397
vt 0.571593 0.295397
vt 0.656063 0.032901
vt 0.918056 0.032900
vt 0.512926 0.295397
vt 0.571593 0.295397
vt 0.489274 0.087515
vt 0.595246 0.087515
vt 0.763128 0.603130
vt 0.646972 0.603130
vt 0.646972 0.747200
vt 0.763128 0.747200
vt 0.895382 0.601732
vt 0.895382 0.566915
vt 0.778633 0.566915
vt 0.778633 0.601732
vt 0.895382 0.422110
vt 0.895382 0.387292
vt 0.778633 0.387292
vt 0.778633 0.422110
vt 0.939645 0.746537
vt 0.939645 0.781354
vt 0.980663 0.781354
vt 0.980663 0.746537
vt 0.607366 0.924076
vt 0.637659 0.924076
vt 0.637659 0.780907
vt 0.607365 0.780907
vt 0.490630 0.958124
vt 0.490630 0.879634
vt 0.471260 0.879634
vt 0.471260 0.958124
vt 0.939645 0.422110
vt 0.939645 0.387292
vt 0.326183 0.977494
vt 0.471260 0.977494
vt 0.326183 0.958124
vt 0.939645 0.601732
vt 0.939645 0.566915
vt 0.939645 0.960976
vt 0.939645 0.926159
vt 0.895382 0.926159
vt 0.895382 0.960976
vt 0.490630 0.958124
vt 0.490630 0.879634
vt 0.471260 0.879634
vt 0.471260 0.958124
vt 0.471260 0.860263
vt 0.326183 0.860263
vt 0.326183 0.879634
vt 0.980663 0.960976
vt 0.980663 0.926159
vt 0.980663 0.601732
vt 0.980663 0.566915
vt 0.980663 0.422110
vt 0.980663 0.387292
vt 0.895382 0.746537
vt 0.895382 0.781354
vt 0.898403 0.843417
vt 0.936624 0.843417
vt 0.936624 0.683841
vt 0.898403 0.683841
vt 0.898403 0.664427
vt 0.936624 0.664427
vt 0.936624 0.504851
vt 0.898403 0.504851
vt 0.898403 0.484173
vt 0.936624 0.484173
vt 0.936624 0.324597
vt 0.898403 0.324597
vt 0.898403 0.305183
vt 0.936624 0.305183
vt 0.939645 0.242487
vt 0.895382 0.242487
vt 0.936624 0.864096
vt 0.898403 0.864096
vt 0.326183 0.879634
vt 0.326183 0.958124
vt 0.471260 0.958124
vt 0.326183 0.879634
vt 0.326183 0.958124
vt 0.326183 0.879634
vt 0.326183 0.977494
vt 0.471260 0.977494
vt 0.471260 0.860263
vt 0.326183 0.860263
vt 0.326183 0.860263
vt 0.306812 0.879634
vt 0.306812 0.958124
vt 0.326183 0.977494
vt 0.306812 0.879634
vt 0.306812 0.958124
vt 0.471260 0.860263
vt 0.326183 0.860263
vt 0.490630 0.958124
vt 0.490630 0.879634
vt 0.306812 0.879634
vt 0.306812 0.958124
vt 0.490630 0.958124
vt 0.490630 0.879634
vt 0.306812 0.879634
vt 0.306812 0.958124
vt 0.778633 0.746537
vt 0.778633 0.781354
vt 0.607365 0.568891
vt 0.607365 0.603315
vt 0.637659 0.603315
vt 0.637659 0.568891
vt 0.637659 0.425722
vt 0.607366 0.425722
vt 0.607366 0.391298
vt 0.637659 0.391298
vt 0.637659 0.248129
vt 0.607366 0.248129
vt 0.532291 0.815309
vt 0.533530 0.788031
vt 0.521044 0.788135
vt 0.519791 0.815421
vt 0.607366 0.746484
vt 0.637659 0.746484
vt 0.607366 0.958500
vt 0.637659 0.958500
vt 0.536145 0.978045
vt 0.541319 0.950596
vt 0.533096 0.950485
vt 0.529614 0.973775
vt 0.511823 0.489355
vt 0.512764 0.624750
vt 0.521045 0.624845
vt 0.519809 0.488851
vt 0.512680 0.951034
vt 0.515163 0.975835
vt 0.520863 0.972987
vt 0.520296 0.950638
vt 0.512763 0.788040
vt 0.511823 0.815928
vt 0.540581 0.488837
vt 0.541475 0.461182
vt 0.533835 0.461643
vt 0.532337 0.488745
vt 0.540566 0.652121
vt 0.541505 0.624230
vt 0.533530 0.624740
vt 0.532285 0.652026
vt 0.540565 0.815409
vt 0.541504 0.787520
vt 0.522926 0.339572
vt 0.521143 0.461625
vt 0.533288 0.339700
vt 0.519801 0.652130
vt 0.515217 0.336203
vt 0.512801 0.461425
vt 0.511826 0.652641
vt 0.540134 0.336804
vt 0.778633 0.926159
vt 0.778633 0.960976
vt 0.575593 0.491383
vt 0.575155 0.354632
vt 0.562281 0.354837
vt 0.563082 0.491537
vt 0.763128 0.245709
vt 0.646972 0.245709
vt 0.646972 0.389779
vt 0.763128 0.389779
vt 0.763128 0.424419
vt 0.646972 0.424419
vt 0.646972 0.568490
vt 0.763128 0.568490
vt 0.763128 0.960552
vt 0.763128 0.925911
vt 0.646972 0.925911
vt 0.646972 0.960552
vt 0.763128 0.781841
vt 0.646972 0.781841
vt 0.581549 0.354346
vt 0.579388 0.328566
vt 0.574484 0.330964
vt 0.556193 0.657377
vt 0.555332 0.686343
vt 0.562017 0.685997
vt 0.563097 0.657440
vt 0.582273 0.491041
vt 0.555325 0.520433
vt 0.562009 0.520086
vt 0.581405 0.851839
vt 0.582288 0.822857
vt 0.575598 0.823201
vt 0.574448 0.851697
vt 0.582275 0.656950
vt 0.581407 0.520007
vt 0.574504 0.519943
vt 0.575590 0.657297
vt 0.555325 0.852035
vt 0.556527 0.977729
vt 0.562283 0.975297
vt 0.561726 0.851729
vt 0.581414 0.685917
vt 0.574511 0.685853
vt 0.572721 0.975416
vt 0.563062 0.823351
vt 0.565592 0.330247
vt 0.556185 0.823286
vt 0.555431 0.354742
vt 0.556184 0.491470
vt 0.559997 0.326781
vt 0.579196 0.978232
vt 0.241902 0.448749
vt 0.241971 0.416496
vt 0.190692 0.416387
vt 0.190624 0.448641
vt 0.241709 0.540063
vt 0.190430 0.539954
vt 0.190321 0.591232
vt 0.241600 0.591341
vt 0.189509 0.974196
vt 0.240788 0.974305
vt 0.240896 0.923026
vt 0.189618 0.922917
vt 0.072611 0.708445
vt 0.072542 0.740841
vt 0.111150 0.740923
vt 0.111219 0.708526
vt 0.021332 0.708336
vt 0.021263 0.740733
vt 0.021194 0.773301
vt 0.072473 0.773410
vt 0.241777 0.507666
vt 0.190499 0.507557
vt 0.241846 0.475097
vt 0.190568 0.474988
vt 0.358812 0.709051
vt 0.358743 0.741448
vt 0.410022 0.741557
vt 0.410091 0.709160
vt 0.358674 0.774017
vt 0.409953 0.774126
vt 0.189711 0.879090
vt 0.240989 0.879198
vt 0.241029 0.860693
vt 0.189750 0.860584
vt 0.189762 0.854745
vt 0.241041 0.854854
vt 0.320204 0.708970
vt 0.320135 0.741366
vt 0.190239 0.629841
vt 0.241518 0.629950
vt 0.189963 0.760002
vt 0.241242 0.760111
vt 0.241282 0.741199
vt 0.190003 0.741090
vt 0.189895 0.792085
vt 0.189870 0.804145
vt 0.241148 0.804254
vt 0.241174 0.792194
vt 0.189830 0.822663
vt 0.241109 0.822771
vt 0.190156 0.669273
vt 0.241434 0.669382
vt 0.190072 0.708694
vt 0.241351 0.708802
vt 0.189643 0.911172
vt 0.240921 0.911281
vt 0.240935 0.904865
vt 0.189656 0.904756
vt 0.240949 0.898448
vt 0.189670 0.898339
vt 0.240962 0.892031
vt 0.189683 0.891923
vt 0.240976 0.885615
vt 0.189697 0.885506
vt 0.241055 0.848437
vt 0.189776 0.848329
vt 0.241068 0.842021
vt 0.189789 0.841912
vt 0.241082 0.835604
vt 0.189803 0.835496
vt 0.241095 0.829188
vt 0.189817 0.829079
vt 0.241187 0.785777
vt 0.189909 0.785668
vt 0.241201 0.779361
vt 0.189922 0.779252
vt 0.241215 0.772944
vt 0.189936 0.772835
vt 0.241228 0.766528
vt 0.189950 0.766419
vt 0.135454 0.248630
vt 0.236752 0.247003
vt 0.236087 0.149187
vt 0.134796 0.150633
vt 0.351466 0.361733
vt 0.350600 0.259490
vt 0.248356 0.259535
vt 0.249222 0.361778
vt 0.350088 0.246852
vt 0.349402 0.148856
vt 0.248097 0.149130
vt 0.248776 0.246946
vt 0.246508 0.034263
vt 0.247553 0.136495
vt 0.349788 0.136271
vt 0.348743 0.034038
vt 0.463799 0.144239
vt 0.361467 0.148731
vt 0.362146 0.246848
vt 0.464980 0.247804
vt 0.122733 0.150616
vt 0.128739 0.150881
vt 0.128745 0.145759
vt 0.123567 0.144320
vt 0.133970 0.144271
vt 0.246187 0.027961
vt 0.241126 0.028930
vt 0.240251 0.034007
vt 0.242057 0.149391
vt 0.242023 0.144250
vt 0.236780 0.142892
vt 0.247285 0.142753
vt 0.241252 0.136830
vt 0.242222 0.141876
vt 0.020435 0.147592
vt 0.020262 0.141235
vt 0.015112 0.142097
vt 0.014115 0.147222
vt 0.355043 0.033704
vt 0.354074 0.028658
vt 0.349011 0.027781
vt 0.470165 0.143801
vt 0.469074 0.138690
vt 0.463903 0.137920
vt 0.355389 0.149049
vt 0.355317 0.143924
vt 0.350109 0.142573
vt 0.360518 0.142348
vt 0.355170 0.141604
vt 0.356045 0.136527
vt 0.123393 0.248734
vt 0.124285 0.255151
vt 0.129535 0.253593
vt 0.129470 0.248442
vt 0.242920 0.362102
vt 0.243881 0.367150
vt 0.248942 0.368036
vt 0.134782 0.254929
vt 0.242799 0.246731
vt 0.242832 0.251857
vt 0.248046 0.253232
vt 0.237602 0.253369
vt 0.242983 0.254192
vt 0.242098 0.259269
vt 0.020472 0.251197
vt 0.014087 0.251545
vt 0.015098 0.256680
vt 0.020262 0.257536
vt 0.465262 0.254177
vt 0.470400 0.253228
vt 0.471317 0.248083
vt 0.351776 0.368036
vt 0.356839 0.367076
vt 0.357724 0.362000
vt 0.350879 0.253232
vt 0.356144 0.251757
vt 0.356142 0.246609
vt 0.356902 0.259166
vt 0.355941 0.254118
vt 0.361371 0.253173
vt 0.150608 0.308375
vt 0.168719 0.433507
vt 0.168780 0.326567
vt 0.150526 0.451679
vt 0.043668 0.308313
vt 0.043586 0.451618
vt 0.025476 0.326485
vt 0.025414 0.433425
vt 0.454172 0.422911
vt 0.471568 0.605228
vt 0.471568 0.440306
vt 0.454172 0.622623
vt 0.289251 0.422911
vt 0.289251 0.622623
vt 0.271856 0.440306
vt 0.271856 0.605228
vt 0.778633 0.242487
vt 0.980663 0.242487
vt 0.358662 0.779856
vt 0.319604 0.800282
vt 0.338110 0.800321
vt 0.319616 0.794443
vt 0.340169 0.773978
vt 0.111444 0.794002
vt 0.092926 0.799801
vt 0.111432 0.799840
vt 0.072461 0.779249
vt 0.090979 0.773449
vt 0.379127 0.800408
vt 0.409897 0.800473
vt 0.021138 0.799649
vt 0.051908 0.799714
vt 0.299151 0.773891
vt 0.280659 0.761791
vt 0.280634 0.773852
vt 0.319959 0.753428
vt 0.301211 0.741326
vt 0.171091 0.741050
vt 0.150626 0.720498
vt 0.150652 0.708610
vt 0.111275 0.752985
vt 0.072374 0.820266
vt 0.021070 0.831902
vt 0.072349 0.832011
vt 0.150539 0.761515
vt 0.131996 0.773536
vt 0.150514 0.773576
vt 0.130074 0.740963
vt 0.358550 0.832618
vt 0.409829 0.832727
vt 0.358575 0.820873
vt 0.280746 0.720774
vt 0.260194 0.741239
vt 0.280771 0.708886
vt 0.357585 0.814534
vt 0.354684 0.808810
vt 0.350156 0.804263
vt 0.344445 0.801338
vt 0.073391 0.813931
vt 0.076316 0.808220
vt 0.080863 0.803692
vt 0.086586 0.800791
vt 0.318626 0.788103
vt 0.315725 0.782380
vt 0.311198 0.777833
vt 0.305487 0.774908
vt 0.112461 0.787666
vt 0.115386 0.781955
vt 0.119933 0.777428
vt 0.125656 0.774527
vt 0.151556 0.755180
vt 0.154482 0.749469
vt 0.159028 0.744942
vt 0.164752 0.742041
vt 0.279669 0.755452
vt 0.276768 0.749728
vt 0.272240 0.745182
vt 0.266529 0.742257
s 0
usemtl Tower
f 1/1/1 2/2/1 3/3/1
f 1/1/1 3/3/1 4/4/1
f 5/5/2 6/6/2 7/7/2
f 5/5/2 7/7/2 8/8/2
f 9/9/3 10/10/3 11/11/3
f 9/9/3 11/11/3 12/12/3
f 13/13/4 14/14/4 15/15/4
f 13/13/4 15/15/4 16/16/4
f 17/17/5 18/18/5 19/19/5
f 17/17/5 19/19/5 20/20/5
f 21/21/6 22/22/6 23/23/6
f 21/21/6 23/23/6 24/20/6
f 25/24/7 26/25/7 27/26/7
f 25/24/7 27/26/7 28/4/7
f 29/27/8 30/28/8 31/26/8
s 1
f 29/27/8 31/26/8 32/4/8
s 0
f 33/29/9 34/30/9 35/31/9
f 33/29/9 35/31/9 36/32/9
f 37/33/10 38/34/10 39/35/10
f 37/33/10 39/35/10 40/36/10
f 41/37/11 42/38/11 43/39/11
f 41/37/11 43/39/11 44/40/11
f 45/41/12 46/38/12 47/42/12
f 45/41/12 47/42/12 48/43/12
f 49/44/13 50/45/13 51/46/13
f 49/44/13 51/46/13 52/47/13
f 53/48/14 54/49/14 55/50/14
f 53/48/14 55/50/14 56/51/14
f 57/37/15 58/52/15 59/53/15
f 57/37/15 59/53/15 60/40/15
f 61/54/16 62/55/16 63/56/16
f 61/54/16 63/56/16 64/57/16
f 65/58/17 66/59/17 67/60/17
f 65/58/17 67/60/17 68/61/17
f 69/62/17 70/63/17 71/4/17
f 69/62/17 71/4/17 72/26/17
f 73/62/17 74/63/17 75/4/17
f 73/62/17 75/4/17 76/3/17
f 77/64/17 78/63/17 79/4/17
f 77/64/17 79/4/17 80/26/17
f 81/65/17 82/66/17 83/12/17
f 81/65/17 83/12/17 84/11/17
f 85/67/17 86/68/17 87/20/17
f 85/67/17 87/20/17 88/23/17
f 89/30/17 90/29/17 91/16/17
f 89/30/17 91/16/17 92/15/17
f 93/69/17 94/70/17 95/20/17
f 93/69/17 95/20/17 96/19/17
f 97/66/18 98/65/18 99/71/18
f 97/66/18 99/71/18 100/72/18
f 101/63/19 102/62/19 103/73/19
f 101/63/19 103/73/19 104/74/19
f 105/59/20 106/58/20 107/75/20
f 105/59/20 107/75/20 108/76/20
f 109/70/21 110/69/21 111/71/21
f 109/70/21 111/71/21 112/77/21
f 113/68/22 114/67/22 115/78/22
f 113/68/22 115/78/22 116/32/22
f 117/63/23 118/64/23 119/73/23
f 117/63/23 119/73/23 120/74/23
f 121/63/24 122/62/24 123/79/24
f 121/63/24 123/79/24 124/80/24
f 125/81/25 126/82/25 127/57/25
f 125/81/25 127/57/25 128/56/25
f 129/28/26 130/27/26 131/43/26
f 129/28/26 131/43/26 132/42/26
f 133/2/27 134/1/27 135/40/27
f 133/2/27 135/40/27 136/53/27
f 137/25/28 138/24/28 139/40/28
f 137/25/28 139/40/28 140/39/28
f 141/10/29 142/9/29 143/51/29
f 141/10/29 143/51/29 144/50/29
f 145/22/30 146/21/30 147/36/30
f 145/22/30 147/36/30 148/35/30
f 149/47/31 150/46/31 151/14/31
f 149/47/31 151/14/31 152/13/31
f 153/8/32 154/7/32 155/18/32
f 153/8/32 155/18/32 156/17/32
f 157/82/33 158/81/33 159/61/33
f 157/82/33 159/61/33 160/60/33
f 161/83/9 162/84/9 163/85/9
f 161/83/9 163/85/9 164/86/9
f 165/87/23 166/88/23 167/89/23
f 165/87/23 167/89/23 168/90/23
f 169/91/20 170/92/20 171/93/20
f 169/91/20 171/93/20 172/94/20
f 173/95/19 174/96/19 175/97/19
f 173/95/19 175/97/19 176/98/19
f 177/99/9 178/100/9 179/101/9
f 177/99/9 179/101/9 180/102/9
f 181/103/17 182/104/17 183/105/17
f 181/103/17 183/105/17 184/106/17
f 185/107/20 186/108/20 187/92/20
f 185/107/20 187/92/20 188/91/20
f 189/109/21 190/110/21 191/106/21
f 189/109/21 191/106/21 192/111/21
f 193/112/23 194/113/23 195/88/23
f 193/112/23 195/88/23 196/87/23
f 197/114/24 198/115/24 199/116/24
f 197/114/24 199/116/24 200/117/24
f 201/118/17 202/119/17 203/120/17
f 201/118/17 203/120/17 204/121/17
f 205/122/22 206/123/22 207/124/22
f 205/122/22 207/124/22 208/105/22
f 209/125/24 210/126/24 211/115/24
f 209/125/24 211/115/24 212/114/24
f 213/127/23 214/128/23 215/113/23
f 213/127/23 215/113/23 216/112/23
f 217/129/20 218/130/20 219/108/20
f 217/129/20 219/108/20 220/107/20
f 221/131/19 222/132/19 223/96/19
f 221/131/19 223/96/19 224/95/19
f 225/133/21 226/134/21 227/96/21
f 225/133/21 227/96/21 228/132/21
f 229/135/9 230/136/9 231/131/9
f 229/135/9 231/131/9 232/95/9
f 233/137/9 234/138/9 235/112/9
f 233/137/9 235/112/9 236/87/9
f 237/139/22 238/140/22 239/88/22
f 237/139/22 239/88/22 240/113/22
f 241/141/22 242/142/22 243/107/22
f 241/141/22 243/107/22 244/91/22
f 245/143/18 246/144/18 247/92/18
f 245/143/18 247/92/18 248/108/18
f 249/145/18 250/146/18 251/147/18
f 249/145/18 251/147/18 252/148/18
f 253/149/21 254/150/21 255/116/21
f 253/149/21 255/116/21 256/115/21
f 257/105/18 258/151/18 259/152/18
f 257/105/18 259/152/18 260/153/18
f 261/120/22 262/154/22 263/155/22
f 261/120/22 263/155/22 264/106/22
f 265/152/21 266/121/21 267/120/21
f 265/152/21 267/120/21 268/156/21
f 269/111/9 270/106/9 271/105/9
f 269/111/9 271/105/9 272/124/9
f 273/157/18 274/158/18 275/106/18
f 273/157/18 275/106/18 276/155/18
f 277/159/9 278/160/9 279/156/9
f 277/159/9 279/156/9 280/120/9
f 281/159/9 282/161/9 283/154/9
f 281/159/9 283/154/9 284/120/9
f 285/162/34 286/163/34 287/111/34
f 285/162/34 287/111/34 288/124/34
f 289/164/21 290/110/21 291/153/21
f 289/164/21 291/153/21 292/152/21
f 293/165/34 294/166/34 295/152/34
f 293/165/34 295/152/34 296/156/34
f 297/167/22 298/168/22 299/151/22
f 297/167/22 299/151/22 300/105/22
f 301/169/34 302/170/34 303/120/34
f 301/169/34 303/120/34 304/106/34
f 305/171/17 306/172/17 307/152/17
f 305/171/17 307/152/17 308/151/17
f 309/109/18 310/158/18 311/121/18
f 309/109/18 311/121/18 312/152/18
f 313/173/34 314/174/34 315/105/34
f 313/173/34 315/105/34 316/153/34
f 317/175/17 318/176/17 319/155/17
f 317/175/17 319/155/17 320/154/17
f 321/177/19 322/178/19 323/132/19
f 321/177/19 323/132/19 324/131/19
f 325/179/24 326/180/24 327/181/24
f 325/179/24 327/181/24 328/182/24
f 329/179/18 330/182/18 331/183/18
f 329/179/18 331/183/18 332/184/18
f 333/185/20 334/184/20 335/183/20
f 333/185/20 335/183/20 336/186/20
f 337/185/22 338/186/22 339/187/22
f 337/185/22 339/187/22 340/188/22
f 341/189/19 342/190/19 343/191/19
f 341/189/19 343/191/19 344/192/19
f 345/193/21 346/194/21 347/181/21
f 345/193/21 347/181/21 348/180/21
f 349/99/23 350/195/23 351/196/23
f 349/99/23 351/196/23 352/100/23
f 353/197/34 354/198/34 355/199/34
f 353/197/34 355/199/34 356/200/34
f 357/201/17 358/202/17 359/203/17
f 357/201/17 359/203/17 360/204/17
f 361/205/17 362/206/17 363/207/17
f 361/205/17 363/207/17 364/208/17
f 365/209/17 366/210/17 367/192/17
f 365/209/17 367/192/17 368/191/17
f 369/211/34 370/212/34 371/213/34
f 369/211/34 371/213/34 372/214/34
f 373/215/34 374/216/34 375/217/34
f 373/215/34 375/217/34 376/218/34
f 377/219/34 378/220/34 379/190/34
f 377/219/34 379/190/34 380/189/34
f 378/220/34 373/215/34 376/218/34
f 378/220/34 376/218/34 379/190/34
f 381/101/19 382/194/19 383/193/19
f 381/101/19 383/193/19 384/102/19
f 385/221/18 386/222/18 387/213/18
f 385/221/18 387/213/18 388/223/18
f 389/222/20 390/204/20 391/214/20
f 389/222/20 391/214/20 392/213/20
f 393/204/22 394/203/22 395/217/22
f 393/204/22 395/217/22 396/214/22
f 397/203/23 398/224/23 399/218/23
f 397/203/23 399/218/23 400/217/23
f 401/208/24 402/207/24 403/200/24
f 401/208/24 403/200/24 404/199/24
f 405/192/21 406/208/21 407/199/21
f 405/192/21 407/199/21 408/189/21
f 409/224/9 410/191/9 411/190/9
f 409/224/9 411/190/9 412/218/9
f 413/225/17 414/226/17 415/222/17
f 413/225/17 415/222/17 416/221/17
f 417/210/17 418/205/17 419/208/17
f 417/210/17 419/208/17 420/192/17
f 421/216/34 422/211/34 423/214/34
f 421/216/34 423/214/34 424/217/34
f 425/198/34 426/219/34 427/189/34
f 425/198/34 427/189/34 428/199/34
f 429/202/17 430/227/17 431/224/17
f 429/202/17 431/224/17 432/203/17
f 370/212/34 433/228/34 434/223/34
f 370/212/34 434/223/34 371/213/34
f 430/227/17 435/209/17 436/191/17
f 430/227/17 436/191/17 431/224/17
f 437/226/17 438/201/17 439/204/17
f 437/226/17 439/204/17 440/222/17
f 441/117/24 442/116/24 443/229/24
f 441/117/24 443/229/24 444/230/24
f 445/231/21 446/232/21 447/233/21
f 445/231/21 447/233/21 448/234/21
f 449/235/18 450/236/18 451/237/18
f 449/235/18 451/237/18 452/238/18
f 453/239/20 454/238/20 455/237/20
f 453/239/20 455/237/20 456/240/20
f 457/239/22 458/240/22 459/241/22
f 457/239/22 459/241/22 460/242/22
f 461/243/24 462/244/24 463/245/24
f 461/243/24 463/245/24 464/246/24
f 465/247/21 466/248/21 467/245/21
f 465/247/21 467/245/21 468/244/21
f 469/83/23 470/242/23 471/241/23
f 469/83/23 471/241/23 472/84/23
f 473/249/17 474/250/17 475/251/17
f 473/249/17 475/251/17 476/232/17
f 477/252/34 478/253/34 479/254/34
f 477/252/34 479/254/34 480/255/34
f 481/256/17 473/249/17 476/232/17
f 481/256/17 476/232/17 482/231/17
f 483/257/34 484/252/34 485/255/34
f 483/257/34 485/255/34 486/258/34
f 487/259/17 488/260/17 489/261/17
f 487/259/17 489/261/17 490/262/17
f 491/263/17 492/264/17 493/265/17
f 491/263/17 493/265/17 494/266/17
f 495/267/34 496/268/34 497/269/34
f 495/267/34 497/269/34 498/270/34
f 499/271/17 491/263/17 494/266/17
f 499/271/17 494/266/17 500/272/17
f 501/85/19 502/248/19 503/247/19
f 501/85/19 503/247/19 504/86/19
f 505/273/18 506/262/18 507/270/18
f 505/273/18 507/270/18 508/269/18
s 1
f 509/262/20 510/261/20 511/274/20
f 509/262/20 511/274/20 512/270/20
s 0
f 513/261/22 514/272/22 515/254/22
f 513/261/22 515/254/22 516/274/22
s 1
f 517/272/23 518/266/23 519/255/23
f 517/272/23 519/255/23 520/254/23
f 521/232/24 522/251/24 523/275/24
f 521/232/24 523/275/24 524/233/24
f 525/234/19 526/258/19 527/265/19
f 525/234/19 527/265/19 528/231/19
s 0
f 529/266/9 530/265/9 531/258/9
f 529/266/9 531/258/9 532/255/9
f 533/276/34 534/267/34 535/270/34
f 533/276/34 535/270/34 536/274/34
f 537/277/34 538/278/34 539/234/34
f 537/277/34 539/234/34 540/233/34
f 541/279/34 542/277/34 543/233/34
f 541/279/34 543/233/34 544/275/34
f 488/260/17 499/271/17 500/272/17
f 488/260/17 500/272/17 489/261/17
f 545/278/34 546/257/34 547/258/34
f 545/278/34 547/258/34 548/234/34
f 549/280/17 487/259/17 490/262/17
f 549/280/17 490/262/17 550/273/17
f 551/253/34 552/276/34 553/274/34
f 551/253/34 553/274/34 554/254/34
f 492/264/17 481/256/17 482/231/17
f 492/264/17 482/231/17 493/265/17
s 1
f 555/281/20 556/282/35 557/283/36
f 555/281/20 557/283/36 558/284/23
f 559/285/37 560/286/38 561/287/39
f 559/285/37 561/287/39 562/288/40
f 563/289/41 564/290/42 565/291/43
f 563/289/41 565/291/43 566/292/44
f 567/293/39 568/294/9 569/295/9
f 567/293/39 569/295/9 570/296/39
f 571/297/45 572/298/23 568/294/9
f 571/297/45 568/294/9 567/293/39
f 572/298/23 573/299/23 574/300/9
f 572/298/23 574/300/9 568/294/9
f 559/285/37 575/301/20 576/302/23
f 559/285/37 576/302/23 560/286/38
f 575/301/20 577/303/20 578/304/23
f 575/301/20 578/304/23 576/302/23
f 577/303/20 555/281/20 558/284/23
f 577/303/20 558/284/23 578/304/23
f 579/305/40 580/306/18 581/307/20
f 579/305/40 581/307/20 582/308/46
f 580/306/18 583/309/18 584/310/20
f 580/306/18 584/310/20 581/307/20
f 585/311/47 586/312/48 587/313/43
f 585/311/47 587/313/43 588/314/49
f 589/315/50 588/314/49 587/313/43
f 589/315/50 587/313/43 590/316/51
f 580/306/18 579/305/40 591/317/40
f 580/306/18 591/317/40 592/318/18
f 562/288/40 561/287/39 593/319/39
f 562/288/40 593/319/39 594/320/40
f 595/321/47 596/322/48 597/323/52
f 595/321/47 597/323/52 598/324/53
f 599/325/50 600/326/54 601/327/55
f 599/325/50 601/327/55 602/328/51
f 603/329/47 604/330/48 601/327/55
f 603/329/47 601/327/55 600/326/54
f 594/320/40 593/319/39 605/331/39
f 594/320/40 605/331/39 606/332/40
f 607/333/56 598/324/53 597/323/52
f 607/333/56 597/323/52 608/334/57
f 606/332/40 605/331/39 607/333/56
f 606/332/40 607/333/56 608/334/57
f 609/335/50 610/336/51 611/337/58
f 609/335/50 611/337/58 612/338/59
f 612/338/59 611/337/58 613/339/60
f 612/338/59 613/339/60 614/340/61
f 614/340/61 613/339/60 615/341/62
f 614/340/61 615/341/62 616/342/63
f 616/342/63 615/341/62 617/343/64
f 616/342/63 617/343/64 618/344/65
f 618/344/65 617/343/64 586/312/48
f 618/344/65 586/312/48 585/311/47
f 589/315/50 590/316/51 619/345/58
f 589/315/50 619/345/58 620/346/66
f 620/346/66 619/345/58 621/347/60
f 620/346/66 621/347/60 622/348/61
f 622/348/61 621/347/60 623/349/67
f 622/348/61 623/349/67 624/350/68
f 624/350/68 623/349/67 625/351/64
f 624/350/68 625/351/64 626/352/69
f 626/352/69 625/351/64 604/330/48
f 626/352/69 604/330/48 603/329/47
f 599/325/50 602/328/51 627/353/58
f 599/325/50 627/353/58 628/354/59
f 628/354/59 627/353/58 629/355/60
f 628/354/59 629/355/60 630/356/61
f 630/356/61 629/355/60 631/357/70
f 630/356/61 631/357/70 632/358/71
f 632/358/71 631/357/70 633/359/64
f 632/358/71 633/359/64 634/360/65
f 634/360/65 633/359/64 596/322/48
f 634/360/65 596/322/48 595/321/47
f 609/335/50 566/292/44 565/291/43
f 609/335/50 565/291/43 610/336/51
f 635/281/24 636/284/19 637/283/72
f 635/281/24 637/283/72 638/282/73
f 639/285/74 640/288/40 641/287/39
f 639/285/74 641/287/39 642/286/75
f 643/289/76 644/292/77 645/291/78
f 643/289/76 645/291/78 646/290/79
f 647/293/39 648/296/39 649/295/9
f 647/293/39 649/295/9 650/294/9
f 651/297/80 647/293/39 650/294/9
f 651/297/80 650/294/9 652/298/19
f 652/298/19 650/294/9 653/300/9
f 652/298/19 653/300/9 654/299/19
f 639/285/74 642/286/75 655/302/19
f 639/285/74 655/302/19 656/301/24
f 656/301/24 655/302/19 657/304/19
f 656/301/24 657/304/19 658/303/24
f 658/303/24 657/304/19 636/284/19
f 658/303/24 636/284/19 635/281/24
f 659/305/40 660/308/81 661/307/24
f 659/305/40 661/307/24 662/306/18
f 662/306/18 661/307/24 663/310/24
f 662/306/18 663/310/24 664/309/18
f 665/311/82 666/314/83 667/313/78
f 665/311/82 667/313/78 668/312/84
f 669/315/85 670/316/86 667/313/78
f 669/315/85 667/313/78 666/314/83
f 662/306/18 671/318/18 672/317/40
f 662/306/18 672/317/40 659/305/40
f 640/288/40 673/320/40 674/319/39
f 640/288/40 674/319/39 641/287/39
f 675/321/82 676/324/41 677/323/87
f 675/321/82 677/323/87 678/322/84
f 679/325/85 680/328/86 681/327/78
f 679/325/85 681/327/78 682/326/77
f 683/329/82 682/326/77 681/327/78
f 683/329/82 681/327/78 684/330/84
f 673/320/40 685/332/40 686/331/39
f 673/320/40 686/331/39 674/319/39
f 687/333/88 688/334/46 677/323/87
f 687/333/88 677/323/87 676/324/41
f 685/332/40 688/334/46 687/333/88
f 685/332/40 687/333/88 686/331/39
f 689/335/85 690/338/89 691/337/90
f 689/335/85 691/337/90 692/336/86
f 690/338/89 693/340/91 694/339/92
f 690/338/89 694/339/92 691/337/90
f 693/340/91 695/342/93 696/341/94
f 693/340/91 696/341/94 694/339/92
f 695/342/93 697/344/95 698/343/96
f 695/342/93 698/343/96 696/341/94
f 697/344/95 665/311/82 668/312/84
f 697/344/95 668/312/84 698/343/96
f 669/315/85 699/346/97 700/345/98
f 669/315/85 700/345/98 670/316/86
f 699/346/97 701/348/99 702/347/100
f 699/346/97 702/347/100 700/345/98
f 701/348/99 703/350/93 704/349/101
f 701/348/99 704/349/101 702/347/100
f 703/350/93 705/352/102 706/351/103
f 703/350/93 706/351/103 704/349/101
f 705/352/102 683/329/82 684/330/84
f 705/352/102 684/330/84 706/351/103
f 679/325/85 707/354/89 708/353/90
f 679/325/85 708/353/90 680/328/86
f 707/354/89 709/356/104 710/355/92
f 707/354/89 710/355/92 708/353/90
f 709/356/104 711/358/93 712/357/101
f 709/356/104 712/357/101 710/355/92
f 711/358/93 713/360/105 714/359/106
f 711/358/93 714/359/106 712/357/101
f 713/360/105 675/321/82 678/322/84
f 713/360/105 678/322/84 714/359/106
f 689/335/85 692/336/86 645/291/78
f 689/335/85 645/291/78 644/292/77
f 715/281/20 716/282/35 717/283/36
f 715/281/20 717/283/36 718/284/23
f 719/285/37 720/286/38 721/287/39
f 719/285/37 721/287/39 722/288/40
f 723/289/41 724/290/42 725/291/43
f 723/289/41 725/291/43 726/292/44
f 727/293/39 728/294/9 729/295/9
f 727/293/39 729/295/9 730/296/39
f 731/297/45 732/298/23 728/294/9
f 731/297/45 728/294/9 727/293/39
f 732/298/23 733/299/23 734/300/9
f 732/298/23 734/300/9 728/294/9
f 719/285/37 735/301/20 736/302/23
f 719/285/37 736/302/23 720/286/38
f 735/301/20 737/303/20 738/304/23
f 735/301/20 738/304/23 736/302/23
f 737/303/20 715/281/20 718/284/23
f 737/303/20 718/284/23 738/304/23
f 739/305/40 740/306/18 741/307/20
f 739/305/40 741/307/20 742/308/46
f 740/306/18 743/309/18 744/310/20
f 740/306/18 744/310/20 741/307/20
f 745/311/47 746/312/48 747/313/43
f 745/311/47 747/313/43 748/314/54
f 749/315/50 748/314/54 747/313/43
f 749/315/50 747/313/43 750/316/51
f 740/306/18 739/305/40 751/317/40
f 740/306/18 751/317/40 752/318/18
f 722/288/40 721/287/39 753/319/39
f 722/288/40 753/319/39 754/320/40
f 755/321/47 756/322/48 757/323/52
f 755/321/47 757/323/52 758/324/53
f 759/325/50 760/326/76 761/327/107
f 759/325/50 761/327/107 762/328/51
f 763/329/47 764/330/48 761/327/107
f 763/329/47 761/327/107 760/326/76
f 754/320/40 753/319/39 765/331/39
f 754/320/40 765/331/39 766/332/40
f 767/333/56 758/324/53 757/323/52
f 767/333/56 757/323/52 768/334/57
f 766/332/40 765/331/39 767/333/56
f 766/332/40 767/333/56 768/334/57
f 769/335/50 770/336/51 771/337/58
f 769/335/50 771/337/58 772/338/59
f 772/338/59 771/337/58 773/339/60
f 772/338/59 773/339/60 774/340/108
f 774/340/108 773/339/60 775/341/62
f 774/340/108 775/341/62 776/342/63
f 776/342/63 775/341/62 777/343/64
f 776/342/63 777/343/64 778/344/109
f 778/344/109 777/343/64 746/312/48
f 778/344/109 746/312/48 745/311/47
f 749/315/50 750/316/51 779/345/110
f 749/315/50 779/345/110 780/346/59
f 780/346/59 779/345/110 781/347/60
f 780/346/59 781/347/60 782/348/61
f 782/348/61 781/347/60 783/349/62
f 782/348/61 783/349/62 784/350/63
f 784/350/63 783/349/62 785/351/64
f 784/350/63 785/351/64 786/352/111
f 786/352/111 785/351/64 764/330/48
f 786/352/111 764/330/48 763/329/47
f 759/325/50 762/328/51 787/353/58
f 759/325/50 787/353/58 788/354/112
f 788/354/112 787/353/58 789/355/113
f 788/354/112 789/355/113 790/356/61
f 790/356/61 789/355/113 791/357/70
f 790/356/61 791/357/70 792/358/71
f 792/358/71 791/357/70 793/359/64
f 792/358/71 793/359/64 794/360/65
f 794/360/65 793/359/64 756/322/48
f 794/360/65 756/322/48 755/321/47
f 769/335/50 726/292/44 725/291/43
f 769/335/50 725/291/43 770/336/51
f 795/281/24 796/284/19 797/283/72
f 795/281/24 797/283/72 798/282/43
f 799/285/74 800/288/40 801/287/39
f 799/285/74 801/287/39 802/286/75
f 803/289/76 804/292/77 805/291/78
f 803/289/76 805/291/78 806/290/79
f 807/293/39 808/296/39 809/295/9
f 807/293/39 809/295/9 810/294/9
f 811/297/80 807/293/39 810/294/9
f 811/297/80 810/294/9 812/298/19
f 812/298/19 810/294/9 813/300/9
f 812/298/19 813/300/9 814/299/19
f 799/285/74 802/286/75 815/302/19
f 799/285/74 815/302/19 816/301/24
f 816/301/24 815/302/19 817/304/19
f 816/301/24 817/304/19 818/303/24
f 818/303/24 817/304/19 796/284/19
f 818/303/24 796/284/19 795/281/24
f 819/305/40 820/308/81 821/307/24
f 819/305/40 821/307/24 822/306/18
f 822/306/18 821/307/24 823/310/24
f 822/306/18 823/310/24 824/309/18
f 825/311/82 826/314/83 827/313/78
f 825/311/82 827/313/78 828/312/84
f 829/315/85 830/316/86 827/313/78
f 829/315/85 827/313/78 826/314/83
f 822/306/18 831/318/18 832/317/40
f 822/306/18 832/317/40 819/305/40
f 800/288/40 833/320/40 834/319/39
f 800/288/40 834/319/39 801/287/39
f 835/321/82 836/324/41 837/323/87
f 835/321/82 837/323/87 838/322/84
f 839/325/85 840/328/86 841/327/78
f 839/325/85 841/327/78 842/326/77
f 843/329/82 842/326/77 841/327/78
f 843/329/82 841/327/78 844/330/84
f 833/320/40 845/332/40 846/331/39
f 833/320/40 846/331/39 834/319/39
f 847/333/88 848/334/114 837/323/87
f 847/333/88 837/323/87 836/324/41
f 845/332/40 848/334/114 847/333/88
f 845/332/40 847/333/88 846/331/39
f 849/335/85 850/338/115 851/337/116
f 849/335/85 851/337/116 852/336/86
f 850/338/115 853/340/91 854/339/117
f 850/338/115 854/339/117 851/337/116
f 853/340/91 855/342/118 856/341/119
f 853/340/91 856/341/119 854/339/117
f 855/342/118 857/344/120 858/343/121
f 855/342/118 858/343/121 856/341/119
f 857/344/120 825/311/82 828/312/84
f 857/344/120 828/312/84 858/343/121
f 829/315/85 859/346/89 860/345/90
f 829/315/85 860/345/90 830/316/86
f 859/346/89 861/348/104 862/347/92
f 859/346/89 862/347/92 860/345/90
f 861/348/104 863/350/122 864/349/101
f 861/348/104 864/349/101 862/347/92
f 863/350/122 865/352/105 866/351/106
f 863/350/122 866/351/106 864/349/101
f 865/352/105 843/329/82 844/330/84
f 865/352/105 844/330/84 866/351/106
f 839/325/85 867/354/89 868/353/90
f 839/325/85 868/353/90 840/328/86
f 867/354/89 869/356/104 870/355/117
f 867/354/89 870/355/117 868/353/90
f 869/356/104 871/358/93 872/357/101
f 869/356/104 872/357/101 870/355/117
f 871/358/93 873/360/105 874/359/96
f 871/358/93 874/359/96 872/357/101
f 873/360/105 835/321/82 838/322/84
f 873/360/105 838/322/84 874/359/96
f 849/335/85 852/336/86 805/291/78
f 849/335/85 805/291/78 804/292/77
f 875/281/20 876/282/35 877/283/36
f 875/281/20 877/283/36 878/284/23
f 879/285/37 880/286/38 881/287/39
f 879/285/37 881/287/39 882/288/40
f 883/289/41 884/290/42 885/291/43
f 883/289/41 885/291/43 886/292/54
f 887/293/39 888/294/9 889/295/9
f 887/293/39 889/295/9 890/296/39
f 891/297/45 892/298/23 888/294/9
f 891/297/45 888/294/9 887/293/39
f 892/298/23 893/299/23 894/300/9
f 892/298/23 894/300/9 888/294/9
f 879/285/37 895/301/20 896/302/23
f 879/285/37 896/302/23 880/286/38
f 895/301/20 897/303/20 898/304/23
f 895/301/20 898/304/23 896/302/23
f 897/303/20 875/281/20 878/284/23
f 897/303/20 878/284/23 898/304/23
f 899/305/40 900/306/18 901/307/20
f 899/305/40 901/307/20 902/308/46
f 900/306/18 903/309/18 904/310/20
f 900/306/18 904/310/20 901/307/20
f 905/311/47 906/312/48 907/313/43
f 905/311/47 907/313/43 908/314/44
f 909/315/50 908/314/44 907/313/43
f 909/315/50 907/313/43 910/316/51
f 900/306/18 899/305/40 911/317/40
f 900/306/18 911/317/40 912/318/18
f 882/288/40 881/287/39 913/319/39
f 882/288/40 913/319/39 914/320/40
f 915/321/47 916/322/48 917/323/52
f 915/321/47 917/323/52 918/324/53
f 919/325/50 920/326/76 921/327/55
f 919/325/50 921/327/55 922/328/51
f 923/329/47 924/330/48 921/327/55
f 923/329/47 921/327/55 920/326/76
f 914/320/40 913/319/39 925/331/39
f 914/320/40 925/331/39 926/332/40
f 927/333/56 918/324/53 917/323/52
f 927/333/56 917/323/52 928/334/57
f 926/332/40 925/331/39 927/333/56
f 926/332/40 927/333/56 928/334/57
f 929/335/50 930/336/51 931/337/58
f 929/335/50 931/337/58 932/338/59
f 932/338/59 931/337/58 933/339/113
f 932/338/59 933/339/113 934/340/61
f 934/340/61 933/339/113 935/341/123
f 934/340/61 935/341/123 936/342/71
f 936/342/71 935/341/123 937/343/124
f 936/342/71 937/343/124 938/344/69
f 938/344/69 937/343/124 906/312/48
f 938/344/69 906/312/48 905/311/47
f 909/315/50 910/316/51 939/345/58
f 909/315/50 939/345/58 940/346/59
f 940/346/59 939/345/58 941/347/113
f 940/346/59 941/347/113 942/348/125
f 942/348/125 941/347/113 943/349/62
f 942/348/125 943/349/62 944/350/63
f 944/350/63 943/349/62 945/351/64
f 944/350/63 945/351/64 946/352/65
f 946/352/65 945/351/64 924/330/48
f 946/352/65 924/330/48 923/329/47
f 919/325/50 922/328/51 947/353/58
f 919/325/50 947/353/58 948/354/59
f 948/354/59 947/353/58 949/355/126
f 948/354/59 949/355/126 950/356/61
f 950/356/61 949/355/126 951/357/62
f 950/356/61 951/357/62 952/358/71
f 952/358/71 951/357/62 953/359/64
f 952/358/71 953/359/64 954/360/111
f 954/360/111 953/359/64 916/322/48
f 954/360/111 916/322/48 915/321/47
f 929/335/50 886/292/54 885/291/43
f 929/335/50 885/291/43 930/336/51
f 955/281/24 956/284/19 957/283/72
f 955/281/24 957/283/72 958/282/73
f 959/285/74 960/288/40 961/287/39
f 959/285/74 961/287/39 962/286/127
f 963/289/76 964/292/83 965/291/78
f 963/289/76 965/291/78 966/290/79
f 967/293/39 968/296/39 969/295/9
f 967/293/39 969/295/9 970/294/9
f 971/297/80 967/293/39 970/294/9
f 971/297/80 970/294/9 972/298/19
f 972/298/19 970/294/9 973/300/9
f 972/298/19 973/300/9 974/299/19
f 959/285/74 962/286/127 975/302/19
f 959/285/74 975/302/19 976/301/24
f 976/301/24 975/302/19 977/304/19
f 976/301/24 977/304/19 978/303/24
f 978/303/24 977/304/19 956/284/19
f 978/303/24 956/284/19 955/281/24
f 979/305/40 980/308/81 981/307/24
f 979/305/40 981/307/24 982/306/18
f 982/306/18 981/307/24 983/310/24
f 982/306/18 983/310/24 984/309/18
f 985/311/82 986/314/77 987/313/78
f 985/311/82 987/313/78 988/312/84
f 989/315/85 990/316/86 987/313/78
f 989/315/85 987/313/78 986/314/77
f 982/306/18 991/318/18 992/317/40
f 982/306/18 992/317/40 979/305/40
f 960/288/40 993/320/40 994/319/39
f 960/288/40 994/319/39 961/287/39
f 995/321/82 996/324/41 997/323/87
f 995/321/82 997/323/87 998/322/84
f 999/325/85 1000/328/86 1001/327/78
f 999/325/85 1001/327/78 1002/326/77
f 1003/329/82 1002/326/77 1001/327/78
f 1003/329/82 1001/327/78 1004/330/84
f 993/320/40 1005/332/40 1006/331/39
f 993/320/40 1006/331/39 994/319/39
f 1007/333/88 1008/334/37 997/323/87
f 1007/333/88 997/323/87 996/324/41
f 1005/332/40 1008/334/37 1007/333/88
f 1005/332/40 1007/333/88 1006/331/39
f 1009/335/85 1010/338/115 1011/337/116
f 1009/335/85 1011/337/116 1012/336/86
f 1010/338/115 1013/340/91 1014/339/117
f 1010/338/115 1014/339/117 1011/337/116
f 1013/340/91 1015/342/122 1016/341/94
f 1013/340/91 1016/341/94 1014/339/117
f 1015/342/122 1017/344/105 1018/343/106
f 1015/342/122 1018/343/106 1016/341/94
f 1017/344/105 985/311/82 988/312/84
f 1017/344/105 988/312/84 1018/343/106
f 989/315/85 1019/346/89 1020/345/90
f 989/315/85 1020/345/90 990/316/86
f 1019/346/89 1021/348/91 1022/347/117
f 1019/346/89 1022/347/117 1020/345/90
f 1021/348/91 1023/350/93 1024/349/94
f 1021/348/91 1024/349/94 1022/347/117
f 1023/350/93 1025/352/102 1026/351/103
f 1023/350/93 1026/351/103 1024/349/94
f 1025/352/102 1003/329/82 1004/330/84
f 1025/352/102 1004/330/84 1026/351/103
f 999/325/85 1027/354/89 1028/353/90
f 999/325/85 1028/353/90 1000/328/86
f 1027/354/89 1029/356/104 1030/355/92
f 1027/354/89 1030/355/92 1028/353/90
f 1029/356/104 1031/358/93 1032/357/94
f 1029/356/104 1032/357/94 1030/355/92
f 1031/358/93 1033/360/95 1034/359/96
f 1031/358/93 1034/359/96 1032/357/94
f 1033/360/95 995/321/82 998/322/84
f 1033/360/95 998/322/84 1034/359/96
f 1009/335/85 1012/336/86 965/291/78
f 1009/335/85 965/291/78 964/292/83
f 1035/281/20 1036/282/35 1037/283/36
f 1035/281/20 1037/283/36 1038/284/23
f 1039/285/37 1040/286/45 1041/287/39
f 1039/285/37 1041/287/39 1042/288/40
f 1043/289/41 1044/290/42 1045/291/43
f 1043/289/41 1045/291/43 1046/292/54
f 1047/293/39 1048/294/9 1049/295/9
f 1047/293/39 1049/295/9 1050/296/39
f 1051/297/45 1052/298/23 1048/294/9
f 1051/297/45 1048/294/9 1047/293/39
f 1052/298/23 1053/299/23 1054/300/9
f 1052/298/23 1054/300/9 1048/294/9
f 1039/285/37 1055/301/20 1056/302/23
f 1039/285/37 1056/302/23 1040/286/45
f 1055/301/20 1057/303/20 1058/304/23
f 1055/301/20 1058/304/23 1056/302/23
f 1057/303/20 1035/281/20 1038/284/23
f 1057/303/20 1038/284/23 1058/304/23
f 1059/305/40 1060/306/18 1061/307/20
f 1059/305/40 1061/307/20 1062/308/46
f 1060/306/18 1063/309/18 1064/310/20
f 1060/306/18 1064/310/20 1061/307/20
f 1065/311/47 1066/312/48 1067/313/43
f 1065/311/47 1067/313/43 1068/314/54
f 1069/315/50 1068/314/54 1067/313/43
f 1069/315/50 1067/313/43 1070/316/128
f 1060/306/18 1059/305/40 1071/317/40
f 1060/306/18 1071/317/40 1072/318/18
f 1042/288/40 1041/287/39 1073/319/39
f 1042/288/40 1073/319/39 1074/320/40
f 1075/321/47 1076/322/48 1077/323/52
f 1075/321/47 1077/323/52 1078/324/53
f 1079/325/50 1080/326/76 1081/327/43
f 1079/325/50 1081/327/43 1082/328/51
f 1083/329/47 1084/330/48 1081/327/43
f 1083/329/47 1081/327/43 1080/326/76
f 1074/320/40 1073/319/39 1085/331/39
f 1074/320/40 1085/331/39 1086/332/40
f 1087/333/56 1078/324/53 1077/323/52
f 1087/333/56 1077/323/52 1088/334/57
f 1086/332/40 1085/331/39 1087/333/56
f 1086/332/40 1087/333/56 1088/334/57
f 1089/335/50 1090/336/51 1091/337/58
f 1089/335/50 1091/337/58 1092/338/59
f 1092/338/59 1091/337/58 1093/339/113
f 1092/338/59 1093/339/113 1094/340/61
f 1094/340/61 1093/339/113 1095/341/62
f 1094/340/61 1095/341/62 1096/342/129
f 1096/342/129 1095/341/62 1097/343/64
f 1096/342/129 1097/343/64 1098/344/65
f 1098/344/65 1097/343/64 1066/312/48
f 1098/344/65 1066/312/48 1065/311/47
f 1069/315/50 1070/316/128 1099/345/58
f 1069/315/50 1099/345/58 1100/346/59
f 1100/346/59 1099/345/58 1101/347/113
f 1100/346/59 1101/347/113 1102/348/125
f 1102/348/125 1101/347/113 1103/349/62
f 1102/348/125 1103/349/62 1104/350/63
f 1104/350/63 1103/349/62 1105/351/64
f 1104/350/63 1105/351/64 1106/352/65
f 1106/352/65 1105/351/64 1084/330/48
f 1106/352/65 1084/330/48 1083/329/47
f 1079/325/50 1082/328/51 1107/353/58
f 1079/325/50 1107/353/58 1108/354/59
f 1108/354/59 1107/353/58 1109/355/126
f 1108/354/59 1109/355/126 1110/356/125
f 1110/356/125 1109/355/126 1111/357/62
f 1110/356/125 1111/357/62 1112/358/63
f 1112/358/63 1111/357/62 1113/359/64
f 1112/358/63 1113/359/64 1114/360/65
f 1114/360/65 1113/359/64 1076/322/48
f 1114/360/65 1076/322/48 1075/321/47
f 1089/335/50 1046/292/54 1045/291/43
f 1089/335/50 1045/291/43 1090/336/51
f 1115/281/24 1116/284/19 1117/283/72
f 1115/281/24 1117/283/72 1118/282/73
f 1119/285/74 1120/288/40 1121/287/39
f 1119/285/74 1121/287/39 1122/286/80
f 1123/289/76 1124/292/83 1125/291/78
f 1123/289/76 1125/291/78 1126/290/79
f 1127/293/39 1128/296/39 1129/295/9
f 1127/293/39 1129/295/9 1130/294/9
f 1131/297/80 1127/293/39 1130/294/9
f 1131/297/80 1130/294/9 1132/298/19
f 1132/298/19 1130/294/9 1133/300/9
f 1132/298/19 1133/300/9 1134/299/19
f 1119/285/74 1122/286/80 1135/302/19
f 1119/285/74 1135/302/19 1136/301/24
f 1136/301/24 1135/302/19 1137/304/19
f 1136/301/24 1137/304/19 1138/303/24
f 1138/303/24 1137/304/19 1116/284/19
f 1138/303/24 1116/284/19 1115/281/24
f 1139/305/40 1140/308/81 1141/307/24
f 1139/305/40 1141/307/24 1142/306/18
f 1142/306/18 1141/307/24 1143/310/24
f 1142/306/18 1143/310/24 1144/309/18
f 1145/311/82 1146/314/83 1147/313/78
f 1145/311/82 1147/313/78 1148/312/84
f 1149/315/85 1150/316/86 1147/313/78
f 1149/315/85 1147/313/78 1146/314/83
f 1142/306/18 1151/318/18 1152/317/40
f 1142/306/18 1152/317/40 1139/305/40
f 1120/288/40 1153/320/40 1154/319/39
f 1120/288/40 1154/319/39 1121/287/39
f 1155/321/82 1156/324/41 1157/323/87
f 1155/321/82 1157/323/87 1158/322/84
f 1159/325/85 1160/328/86 1161/327/78
f 1159/325/85 1161/327/78 1162/326/83
f 1163/329/82 1162/326/83 1161/327/78
f 1163/329/82 1161/327/78 1164/330/84
f 1153/320/40 1165/332/40 1166/331/39
f 1153/320/40 1166/331/39 1154/319/39
f 1167/333/88 1168/334/114 1157/323/87
f 1167/333/88 1157/323/87 1156/324/41
f 1165/332/40 1168/334/114 1167/333/88
f 1165/332/40 1167/333/88 1166/331/39
f 1169/335/85 1170/338/89 1171/337/90
f 1169/335/85 1171/337/90 1172/336/86
f 1170/338/89 1173/340/91 1174/339/92
f 1170/338/89 1174/339/92 1171/337/90
f 1173/340/91 1175/342/93 1176/341/94
f 1173/340/91 1176/341/94 1174/339/92
f 1175/342/93 1177/344/105 1178/343/106
f 1175/342/93 1178/343/106 1176/341/94
f 1177/344/105 1145/311/82 1148/312/84
f 1177/344/105 1148/312/84 1178/343/106
f 1149/315/85 1179/346/89 1180/345/90
f 1149/315/85 1180/345/90 1150/316/86
f 1179/346/89 1181/348/130 1182/347/100
f 1179/346/89 1182/347/100 1180/345/90
f 1181/348/130 1183/350/93 1184/349/94
f 1181/348/130 1184/349/94 1182/347/100
f 1183/350/93 1185/352/102 1186/351/103
f 1183/350/93 1186/351/103 1184/349/94
f 1185/352/102 1163/329/82 1164/330/84
f 1185/352/102 1164/330/84 1186/351/103
f 1159/325/85 1187/354/89 1188/353/90
f 1159/325/85 1188/353/90 1160/328/86
f 1187/354/89 1189/356/91 1190/355/100
f 1187/354/89 1190/355/100 1188/353/90
f 1189/356/91 1191/358/93 1192/357/94
f 1189/356/91 1192/357/94 1190/355/100
f 1191/358/93 1193/360/105 1194/359/106
f 1191/358/93 1194/359/106 1192/357/94
f 1193/360/105 1155/321/82 1158/322/84
f 1193/360/105 1158/322/84 1194/359/106
f 1169/335/85 1172/336/86 1125/291/78
f 1169/335/85 1125/291/78 1124/292/83
f 1195/281/20 1196/282/35 1197/283/36
f 1195/281/20 1197/283/36 1198/284/23
f 1199/285/37 1200/286/38 1201/287/39
f 1199/285/37 1201/287/39 1202/288/40
f 1203/289/41 1204/290/42 1205/291/43
f 1203/289/41 1205/291/43 1206/292/54
f 1207/293/39 1208/294/9 1209/295/9
f 1207/293/39 1209/295/9 1210/296/39
f 1211/297/45 1212/298/23 1208/294/9
f 1211/297/45 1208/294/9 1207/293/39
f 1212/298/23 1213/299/23 1214/300/9
f 1212/298/23 1214/300/9 1208/294/9
f 1199/285/37 1215/301/20 1216/302/23
f 1199/285/37 1216/302/23 1200/286/38
f 1215/301/20 1217/303/20 1218/304/23
f 1215/301/20 1218/304/23 1216/302/23
f 1217/303/20 1195/281/20 1198/284/23
f 1217/303/20 1198/284/23 1218/304/23
f 1219/305/40 1220/306/18 1221/307/20
f 1219/305/40 1221/307/20 1222/308/46
f 1220/306/18 1223/309/18 1224/310/20
f 1220/306/18 1224/310/20 1221/307/20
f 1225/311/47 1226/312/48 1227/313/43
f 1225/311/47 1227/313/43 1228/314/44
f 1229/315/50 1228/314/44 1227/313/43
f 1229/315/50 1227/313/43 1230/316/51
f 1220/306/18 1219/305/40 1231/317/40
f 1220/306/18 1231/317/40 1232/318/18
f 1202/288/40 1201/287/39 1233/319/39
f 1202/288/40 1233/319/39 1234/320/40
f 1235/321/47 1236/322/131 1237/323/52
f 1235/321/47 1237/323/52 1238/324/53
f 1239/325/50 1240/326/76 1241/327/107
f 1239/325/50 1241/327/107 1242/328/51
f 1243/329/47 1244/330/48 1241/327/107
f 1243/329/47 1241/327/107 1240/326/76
f 1234/320/40 1233/319/39 1245/331/39
f 1234/320/40 1245/331/39 1246/332/40
f 1247/333/56 1238/324/53 1237/323/52
f 1247/333/56 1237/323/52 1248/334/57
f 1246/332/40 1245/331/39 1247/333/56
f 1246/332/40 1247/333/56 1248/334/57
f 1249/335/50 1250/336/51 1251/337/58
f 1249/335/50 1251/337/58 1252/338/59
f 1252/338/59 1251/337/58 1253/339/60
f 1252/338/59 1253/339/60 1254/340/61
f 1254/340/61 1253/339/60 1255/341/62
f 1254/340/61 1255/341/62 1256/342/63
f 1256/342/63 1255/341/62 1257/343/64
f 1256/342/63 1257/343/64 1258/344/65
f 1258/344/65 1257/343/64 1226/312/48
f 1258/344/65 1226/312/48 1225/311/47
f 1229/315/50 1230/316/51 1259/345/58
f 1229/315/50 1259/345/58 1260/346/59
f 1260/346/59 1259/345/58 1261/347/60
f 1260/346/59 1261/347/60 1262/348/61
f 1262/348/61 1261/347/60 1263/349/62
f 1262/348/61 1263/349/62 1264/350/63
f 1264/350/63 1263/349/62 1265/351/64
f 1264/350/63 1265/351/64 1266/352/65
f 1266/352/65 1265/351/64 1244/330/48
f 1266/352/65 1244/330/48 1243/329/47
f 1239/325/50 1242/328/51 1267/353/132
f 1239/325/50 1267/353/132 1268/354/112
f 1268/354/112 1267/353/132 1269/355/126
f 1268/354/112 1269/355/126 1270/356/61
f 1270/356/61 1269/355/126 1271/357/133
f 1270/356/61 1271/357/133 1272/358/63
f 1272/358/63 1271/357/133 1273/359/134
f 1272/358/63 1273/359/134 1274/360/65
f 1274/360/65 1273/359/134 1236/322/131
f 1274/360/65 1236/322/131 1235/321/47
f 1249/335/50 1206/292/54 1205/291/43
f 1249/335/50 1205/291/43 1250/336/51
f 1275/281/24 1276/284/19 1277/283/72
f 1275/281/24 1277/283/72 1278/282/73
f 1279/285/74 1280/288/40 1281/287/39
f 1279/285/74 1281/287/39 1282/286/127
f 1283/289/76 1284/292/83 1285/291/78
f 1283/289/76 1285/291/78 1286/290/79
f 1287/293/39 1288/296/39 1289/295/9
f 1287/293/39 1289/295/9 1290/294/9
f 1291/297/80 1287/293/39 1290/294/9
f 1291/297/80 1290/294/9 1292/298/19
f 1292/298/19 1290/294/9 1293/300/9
f 1292/298/19 1293/300/9 1294/299/19
f 1279/285/74 1282/286/127 1295/302/19
f 1279/285/74 1295/302/19 1296/301/24
f 1296/301/24 1295/302/19 1297/304/19
f 1296/301/24 1297/304/19 1298/303/24
f 1298/303/24 1297/304/19 1276/284/19
f 1298/303/24 1276/284/19 1275/281/24
f 1299/305/40 1300/308/81 1301/307/24
f 1299/305/40 1301/307/24 1302/306/18
f 1302/306/18 1301/307/24 1303/310/24
f 1302/306/18 1303/310/24 1304/309/18
f 1305/311/82 1306/314/77 1307/313/78
f 1305/311/82 1307/313/78 1308/312/84
f 1309/315/85 1310/316/86 1307/313/78
f 1309/315/85 1307/313/78 1306/314/77
f 1302/306/18 1311/318/18 1312/317/40
f 1302/306/18 1312/317/40 1299/305/40
f 1280/288/40 1313/320/40 1314/319/39
f 1280/288/40 1314/319/39 1281/287/39
f 1315/321/82 1316/324/41 1317/323/87
f 1315/321/82 1317/323/87 1318/322/84
f 1319/325/85 1320/328/86 1321/327/78
f 1319/325/85 1321/327/78 1322/326/77
f 1323/329/82 1322/326/77 1321/327/78
f 1323/329/82 1321/327/78 1324/330/84
f 1313/320/40 1325/332/40 1326/331/39
f 1313/320/40 1326/331/39 1314/319/39
f 1327/333/88 1328/334/46 1317/323/87
f 1327/333/88 1317/323/87 1316/324/41
f 1325/332/40 1328/334/46 1327/333/88
f 1325/332/40 1327/333/88 1326/331/39
f 1329/335/85 1330/338/115 1331/337/116
f 1329/335/85 1331/337/116 1332/336/86
f 1330/338/115 1333/340/91 1334/339/117
f 1330/338/115 1334/339/117 1331/337/116
f 1333/340/91 1335/342/135 1336/341/119
f 1333/340/91 1336/341/119 1334/339/117
f 1335/342/135 1337/344/95 1338/343/96
f 1335/342/135 1338/343/96 1336/341/119
f 1337/344/95 1305/311/82 1308/312/84
f 1337/344/95 1308/312/84 1338/343/96
f 1309/315/85 1339/346/89 1340/345/90
f 1309/315/85 1340/345/90 1310/316/86
f 1339/346/89 1341/348/104 1342/347/92
f 1339/346/89 1342/347/92 1340/345/90
f 1341/348/104 1343/350/122 1344/349/101
f 1341/348/104 1344/349/101 1342/347/92
f 1343/350/122 1345/352/105 1346/351/106
f 1343/350/122 1346/351/106 1344/349/101
f 1345/352/105 1323/329/82 1324/330/84
f 1345/352/105 1324/330/84 1346/351/106
f 1319/325/85 1347/354/97 1348/353/98
f 1319/325/85 1348/353/98 1320/328/86
f 1347/354/97 1349/356/130 1350/355/100
f 1347/354/97 1350/355/100 1348/353/98
f 1349/356/130 1351/358/93 1352/357/94
f 1349/356/130 1352/357/94 1350/355/100
f 1351/358/93 1353/360/105 1354/359/106
f 1351/358/93 1354/359/106 1352/357/94
f 1353/360/105 1315/321/82 1318/322/84
f 1353/360/105 1318/322/84 1354/359/106
f 1329/335/85 1332/336/86 1285/291/78
f 1329/335/85 1285/291/78 1284/292/83
f 1355/281/20 1356/282/35 1357/283/36
f 1355/281/20 1357/283/36 1358/284/23
f 1359/285/37 1360/286/38 1361/287/39
f 1359/285/37 1361/287/39 1362/288/40
f 1363/289/41 1364/290/42 1365/291/43
f 1363/289/41 1365/291/43 1366/292/54
f 1367/293/39 1368/294/9 1369/295/9
f 1367/293/39 1369/295/9 1370/296/39
f 1371/297/45 1372/298/23 1368/294/9
f 1371/297/45 1368/294/9 1367/293/39
f 1372/298/23 1373/299/23 1374/300/9
f 1372/298/23 1374/300/9 1368/294/9
f 1359/285/37 1375/301/20 1376/302/23
f 1359/285/37 1376/302/23 1360/286/38
f 1375/301/20 1377/303/20 1378/304/23
f 1375/301/20 1378/304/23 1376/302/23
f 1377/303/20 1355/281/20 1358/284/23
f 1377/303/20 1358/284/23 1378/304/23
f 1379/305/40 1380/306/18 1381/307/20
f 1379/305/40 1381/307/20 1382/308/46
f 1380/306/18 1383/309/18 1384/310/20
f 1380/306/18 1384/310/20 1381/307/20
f 1385/311/47 1386/312/48 1387/313/43
f 1385/311/47 1387/313/43 1388/314/54
f 1389/315/50 1388/314/54 1387/313/43
f 1389/315/50 1387/313/43 1390/316/51
f 1380/306/18 1379/305/40 1391/317/40
f 1380/306/18 1391/317/40 1392/318/18
f 1362/288/40 1361/287/39 1393/319/39
f 1362/288/40 1393/319/39 1394/320/40
f 1395/321/47 1396/322/48 1397/323/52
f 1395/321/47 1397/323/52 1398/324/53
f 1399/325/50 1400/326/76 1401/327/55
f 1399/325/50 1401/327/55 1402/328/51
f 1403/329/47 1404/330/48 1401/327/55
f 1403/329/47 1401/327/55 1400/326/76
f 1394/320/40 1393/319/39 1405/331/39
f 1394/320/40 1405/331/39 1406/332/40
f 1407/333/56 1398/324/53 1397/323/52
f 1407/333/56 1397/323/52 1408/334/57
f 1406/332/40 1405/331/39 1407/333/56
f 1406/332/40 1407/333/56 1408/334/57
f 1409/335/50 1410/336/51 1411/337/58
f 1409/335/50 1411/337/58 1412/338/59
f 1412/338/59 1411/337/58 1413/339/126
f 1412/338/59 1413/339/126 1414/340/125
f 1414/340/125 1413/339/126 1415/341/62
f 1414/340/125 1415/341/62 1416/342/129
f 1416/342/129 1415/341/62 1417/343/64
f 1416/342/129 1417/343/64 1418/344/65
f 1418/344/65 1417/343/64 1386/312/48
f 1418/344/65 1386/312/48 1385/311/47
f 1389/315/50 1390/316/51 1419/345/58
f 1389/315/50 1419/345/58 1420/346/59
f 1420/346/59 1419/345/58 1421/347/60
f 1420/346/59 1421/347/60 1422/348/61
f 1422/348/61 1421/347/60 1423/349/62
f 1422/348/61 1423/349/62 1424/350/71
f 1424/350/71 1423/349/62 1425/351/64
f 1424/350/71 1425/351/64 1426/352/65
f 1426/352/65 1425/351/64 1404/330/48
f 1426/352/65 1404/330/48 1403/329/47
f 1399/325/50 1402/328/51 1427/353/132
f 1399/325/50 1427/353/132 1428/354/59
f 1428/354/59 1427/353/132 1429/355/126
f 1428/354/59 1429/355/126 1430/356/61
f 1430/356/61 1429/355/126 1431/357/62
f 1430/356/61 1431/357/62 1432/358/63
f 1432/358/63 1431/357/62 1433/359/64
f 1432/358/63 1433/359/64 1434/360/65
f 1434/360/65 1433/359/64 1396/322/48
f 1434/360/65 1396/322/48 1395/321/47
f 1409/335/50 1366/292/54 1365/291/43
f 1409/335/50 1365/291/43 1410/336/51
f 1435/281/24 1436/284/19 1437/283/72
f 1435/281/24 1437/283/72 1438/282/73
f 1439/285/74 1440/288/40 1441/287/39
f 1439/285/74 1441/287/39 1442/286/75
f 1443/289/76 1444/292/77 1445/291/78
f 1443/289/76 1445/291/78 1446/290/79
f 1447/293/39 1448/296/39 1449/295/9
f 1447/293/39 1449/295/9 1450/294/9
f 1451/297/80 1447/293/39 1450/294/9
f 1451/297/80 1450/294/9 1452/298/19
f 1452/298/19 1450/294/9 1453/300/9
f 1452/298/19 1453/300/9 1454/299/19
f 1439/285/74 1442/286/75 1455/302/19
f 1439/285/74 1455/302/19 1456/301/24
f 1456/301/24 1455/302/19 1457/304/19
f 1456/301/24 1457/304/19 1458/303/24
f 1458/303/24 1457/304/19 1436/284/19
f 1458/303/24 1436/284/19 1435/281/24
f 1459/305/40 1460/308/81 1461/307/24
f 1459/305/40 1461/307/24 1462/306/18
f 1462/306/18 1461/307/24 1463/310/24
f 1462/306/18 1463/310/24 1464/309/18
f 1465/311/82 1466/314/83 1467/313/78
f 1465/311/82 1467/313/78 1468/312/84
f 1469/315/85 1470/316/86 1467/313/78
f 1469/315/85 1467/313/78 1466/314/83
f 1462/306/18 1471/318/18 1472/317/40
f 1462/306/18 1472/317/40 1459/305/40
f 1440/288/40 1473/320/40 1474/319/39
f 1440/288/40 1474/319/39 1441/287/39
f 1475/321/82 1476/324/41 1477/323/87
f 1475/321/82 1477/323/87 1478/322/84
f 1479/325/85 1480/328/86 1481/327/78
f 1479/325/85 1481/327/78 1482/326/77
f 1483/329/82 1482/326/77 1481/327/78
f 1483/329/82 1481/327/78 1484/330/84
f 1473/320/40 1485/332/40 1486/331/39
f 1473/320/40 1486/331/39 1474/319/39
f 1487/333/88 1488/334/46 1477/323/87
f 1487/333/88 1477/323/87 1476/324/41
f 1485/332/40 1488/334/46 1487/333/88
f 1485/332/40 1487/333/88 1486/331/39
f 1489/335/85 1490/338/115 1491/337/116
f 1489/335/85 1491/337/116 1492/336/86
f 1490/338/115 1493/340/104 1494/339/117
f 1490/338/115 1494/339/117 1491/337/116
f 1493/340/104 1495/342/93 1496/341/94
f 1493/340/104 1496/341/94 1494/339/117
f 1495/342/93 1497/344/105 1498/343/106
f 1495/342/93 1498/343/106 1496/341/94
f 1497/344/105 1465/311/82 1468/312/84
f 1497/344/105 1468/312/84 1498/343/106
f 1469/315/85 1499/346/89 1500/345/90
f 1469/315/85 1500/345/90 1470/316/86
f 1499/346/89 1501/348/91 1502/347/117
f 1499/346/89 1502/347/117 1500/345/90
f 1501/348/91 1503/350/93 1504/349/94
f 1501/348/91 1504/349/94 1502/347/117
f 1503/350/93 1505/352/105 1506/351/106
f 1503/350/93 1506/351/106 1504/349/94
f 1505/352/105 1483/329/82 1484/330/84
f 1505/352/105 1484/330/84 1506/351/106
f 1479/325/85 1507/354/89 1508/353/90
f 1479/325/85 1508/353/90 1480/328/86
f 1507/354/89 1509/356/104 1510/355/92
f 1507/354/89 1510/355/92 1508/353/90
f 1509/356/104 1511/358/93 1512/357/101
f 1509/356/104 1512/357/101 1510/355/92
f 1511/358/93 1513/360/105 1514/359/96
f 1511/358/93 1514/359/96 1512/357/101
f 1513/360/105 1475/321/82 1478/322/84
f 1513/360/105 1478/322/84 1514/359/96
f 1489/335/85 1492/336/86 1445/291/78
f 1489/335/85 1445/291/78 1444/292/77
f 1515/281/20 1516/282/35 1517/283/36
f 1515/281/20 1517/283/36 1518/284/23
f 1519/285/37 1520/286/38 1521/287/39
f 1519/285/37 1521/287/39 1522/288/40
f 1523/289/41 1524/290/42 1525/291/43
f 1523/289/41 1525/291/43 1526/292/44
f 1527/293/39 1528/294/9 1529/295/9
f 1527/293/39 1529/295/9 1530/296/39
f 1531/297/45 1532/298/23 1528/294/9
f 1531/297/45 1528/294/9 1527/293/39
f 1532/298/23 1533/299/23 1534/300/9
f 1532/298/23 1534/300/9 1528/294/9
f 1519/285/37 1535/301/20 1536/302/23
f 1519/285/37 1536/302/23 1520/286/38
f 1535/301/20 1537/303/20 1538/304/23
f 1535/301/20 1538/304/23 1536/302/23
f 1537/303/20 1515/281/20 1518/284/23
f 1537/303/20 1518/284/23 1538/304/23
f 1539/305/40 1540/306/18 1541/307/20
f 1539/305/40 1541/307/20 1542/308/46
f 1540/306/18 1543/309/18 1544/310/20
f 1540/306/18 1544/310/20 1541/307/20
f 1545/311/47 1546/312/48 1547/313/43
f 1545/311/47 1547/313/43 1548/314/54
f 1549/315/50 1548/314/54 1547/313/43
f 1549/315/50 1547/313/43 1550/316/51
f 1540/306/18 1539/305/40 1551/317/40
f 1540/306/18 1551/317/40 1552/318/18
f 1522/288/40 1521/287/39 1553/319/39
f 1522/288/40 1553/319/39 1554/320/40
f 1555/321/47 1556/322/48 1557/323/52
f 1555/321/47 1557/323/52 1558/324/53
f 1559/325/50 1560/326/76 1561/327/107
f 1559/325/50 1561/327/107 1562/328/51
f 1563/329/47 1564/330/48 1561/327/107
f 1563/329/47 1561/327/107 1560/326/76
f 1554/320/40 1553/319/39 1565/331/39
f 1554/320/40 1565/331/39 1566/332/40
f 1567/333/56 1558/324/53 1557/323/52
f 1567/333/56 1557/323/52 1568/334/57
f 1566/332/40 1565/331/39 1567/333/56
f 1566/332/40 1567/333/56 1568/334/57
f 1569/335/50 1570/336/51 1571/337/58
f 1569/335/50 1571/337/58 1572/338/59
f 1572/338/59 1571/337/58 1573/339/60
f 1572/338/59 1573/339/60 1574/340/61
f 1574/340/61 1573/339/60 1575/341/62
f 1574/340/61 1575/341/62 1576/342/129
f 1576/342/129 1575/341/62 1577/343/64
f 1576/342/129 1577/343/64 1578/344/65
f 1578/344/65 1577/343/64 1546/312/48
f 1578/344/65 1546/312/48 1545/311/47
f 1549/315/50 1550/316/51 1579/345/58
f 1549/315/50 1579/345/58 1580/346/59
f 1580/346/59 1579/345/58 1581/347/60
f 1580/346/59 1581/347/60 1582/348/61
f 1582/348/61 1581/347/60 1583/349/62
f 1582/348/61 1583/349/62 1584/350/129
f 1584/350/129 1583/349/62 1585/351/64
f 1584/350/129 1585/351/64 1586/352/65
f 1586/352/65 1585/351/64 1564/330/48
f 1586/352/65 1564/330/48 1563/329/47
f 1559/325/50 1562/328/51 1587/353/58
f 1559/325/50 1587/353/58 1588/354/59
f 1588/354/59 1587/353/58 1589/355/113
f 1588/354/59 1589/355/113 1590/356/61
f 1590/356/61 1589/355/113 1591/357/62
f 1590/356/61 1591/357/62 1592/358/63
f 1592/358/63 1591/357/62 1593/359/64
f 1592/358/63 1593/359/64 1594/360/65
f 1594/360/65 1593/359/64 1556/322/48
f 1594/360/65 1556/322/48 1555/321/47
f 1569/335/50 1526/292/44 1525/291/43
f 1569/335/50 1525/291/43 1570/336/51
f 1595/281/24 1596/284/19 1597/283/72
f 1595/281/24 1597/283/72 1598/282/73
f 1599/285/74 1600/288/40 1601/287/39
f 1599/285/74 1601/287/39 1602/286/75
f 1603/289/76 1604/292/77 1605/291/78
f 1603/289/76 1605/291/78 1606/290/79
f 1607/293/39 1608/296/39 1609/295/9
f 1607/293/39 1609/295/9 1610/294/9
f 1611/297/80 1607/293/39 1610/294/9
f 1611/297/80 1610/294/9 1612/298/19
f 1612/298/19 1610/294/9 1613/300/9
f 1612/298/19 1613/300/9 1614/299/19
f 1599/285/74 1602/286/75 1615/302/19
f 1599/285/74 1615/302/19 1616/301/24
f 1616/301/24 1615/302/19 1617/304/19
f 1616/301/24 1617/304/19 1618/303/24
f 1618/303/24 1617/304/19 1596/284/19
f 1618/303/24 1596/284/19 1595/281/24
f 1619/305/40 1620/308/81 1621/307/24
f 1619/305/40 1621/307/24 1622/306/18
f 1622/306/18 1621/307/24 1623/310/24
f 1622/306/18 1623/310/24 1624/309/18
f 1625/311/82 1626/314/83 1627/313/78
f 1625/311/82 1627/313/78 1628/312/84
f 1629/315/85 1630/316/86 1627/313/78
f 1629/315/85 1627/313/78 1626/314/83
f 1622/306/18 1631/318/18 1632/317/40
f 1622/306/18 1632/317/40 1619/305/40
f 1600/288/40 1633/320/40 1634/319/39
f 1600/288/40 1634/319/39 1601/287/39
f 1635/321/82 1636/324/41 1637/323/87
f 1635/321/82 1637/323/87 1638/322/84
f 1639/325/85 1640/328/86 1641/327/78
f 1639/325/85 1641/327/78 1642/326/77
f 1643/329/82 1642/326/77 1641/327/78
f 1643/329/82 1641/327/78 1644/330/84
f 1633/320/40 1645/332/40 1646/331/39
f 1633/320/40 1646/331/39 1634/319/39
f 1647/333/88 1648/334/46 1637/323/87
f 1647/333/88 1637/323/87 1636/324/41
f 1645/332/40 1648/334/46 1647/333/88
f 1645/332/40 1647/333/88 1646/331/39
f 1649/335/85 1650/338/89 1651/337/90
f 1649/335/85 1651/337/90 1652/336/86
f 1650/338/89 1653/340/91 1654/339/92
f 1650/338/89 1654/339/92 1651/337/90
f 1653/340/91 1655/342/93 1656/341/94
f 1653/340/91 1656/341/94 1654/339/92
f 1655/342/93 1657/344/105 1658/343/106
f 1655/342/93 1658/343/106 1656/341/94
f 1657/344/105 1625/311/82 1628/312/84
f 1657/344/105 1628/312/84 1658/343/106
f 1629/315/85 1659/346/89 1660/345/90
f 1629/315/85 1660/345/90 1630/316/86
f 1659/346/89 1661/348/91 1662/347/117
f 1659/346/89 1662/347/117 1660/345/90
f 1661/348/91 1663/350/93 1664/349/94
f 1661/348/91 1664/349/94 1662/347/117
f 1663/350/93 1665/352/105 1666/351/106
f 1663/350/93 1666/351/106 1664/349/94
f 1665/352/105 1643/329/82 1644/330/84
f 1665/352/105 1644/330/84 1666/351/106
f 1639/325/85 1667/354/89 1668/353/90
f 1639/325/85 1668/353/90 1640/328/86
f 1667/354/89 1669/356/104 1670/355/92
f 1667/354/89 1670/355/92 1668/353/90
f 1669/356/104 1671/358/93 1672/357/101
f 1669/356/104 1672/357/101 1670/355/92
f 1671/358/93 1673/360/105 1674/359/96
f 1671/358/93 1674/359/96 1672/357/101
f 1673/360/105 1635/321/82 1638/322/84
f 1673/360/105 1638/322/84 1674/359/96
f 1649/335/85 1652/336/86 1605/291/78
f 1649/335/85 1605/291/78 1604/292/77
f 1675/281/23 1676/282/77 1677/283/44
f 1675/281/23 1677/283/44 1678/284/19
f 1679/285/136 1680/286/137 1681/287/138
f 1679/285/136 1681/287/138 1682/288/139
f 1683/289/76 1684/290/41 1685/291/140
f 1683/289/76 1685/291/140 1686/292/52
f 1687/293/138 1688/294/21 1689/295/21
f 1687/293/138 1689/295/21 1690/296/138
f 1691/297/127 1692/298/19 1688/294/21
f 1691/297/127 1688/294/21 1687/293/138
f 1692/298/19 1693/299/19 1694/300/21
f 1692/298/19 1694/300/21 1688/294/21
f 1679/285/136 1695/301/23 1696/302/19
f 1679/285/136 1696/302/19 1680/286/137
f 1695/301/23 1697/303/23 1698/304/19
f 1695/301/23 1698/304/19 1696/302/19
f 1697/303/23 1675/281/23 1678/284/19
f 1697/303/23 1678/284/19 1698/304/19
f 1699/305/139 1700/306/22 1701/307/23
f 1699/305/139 1701/307/23 1702/308/88
f 1700/306/22 1703/309/22 1704/310/23
f 1700/306/22 1704/310/23 1701/307/23
f 1705/311/141 1706/312/142 1707/313/140
f 1705/311/141 1707/313/140 1708/314/43
f 1709/315/143 1708/314/43 1707/313/140
f 1709/315/143 1707/313/140 1710/316/144
f 1700/306/22 1699/305/139 1711/317/139
f 1700/306/22 1711/317/139 1712/318/22
f 1682/288/139 1681/287/138 1713/319/138
f 1682/288/139 1713/319/138 1714/320/139
f 1715/321/141 1716/322/142 1717/323/87
f 1715/321/141 1717/323/87 1718/324/145
f 1719/325/146 1720/326/52 1721/327/147
f 1719/325/146 1721/327/147 1722/328/144
f 1723/329/141 1724/330/142 1721/327/147
f 1723/329/141 1721/327/147 1720/326/52
f 1714/320/139 1713/319/138 1725/331/138
f 1714/320/139 1725/331/138 1726/332/139
f 1727/333/148 1718/324/145 1717/323/87
f 1727/333/148 1717/323/87 1728/334/149
f 1726/332/139 1725/331/138 1727/333/148
f 1726/332/139 1727/333/148 1728/334/149
f 1729/335/143 1730/336/144 1731/337/150
f 1729/335/143 1731/337/150 1732/338/151
f 1732/338/151 1731/337/150 1733/339/152
f 1732/338/151 1733/339/152 1734/340/153
f 1734/340/153 1733/339/152 1735/341/154
f 1734/340/153 1735/341/154 1736/342/155
f 1736/342/155 1735/341/154 1737/343/156
f 1736/342/155 1737/343/156 1738/344/157
f 1738/344/157 1737/343/156 1706/312/142
f 1738/344/157 1706/312/142 1705/311/141
f 1709/315/143 1710/316/144 1739/345/150
f 1709/315/143 1739/345/150 1740/346/151
f 1740/346/151 1739/345/150 1741/347/152
f 1740/346/151 1741/347/152 1742/348/153
f 1742/348/153 1741/347/152 1743/349/154
f 1742/348/153 1743/349/154 1744/350/158
f 1744/350/158 1743/349/154 1745/351/156
f 1744/350/158 1745/351/156 1746/352/157
f 1746/352/157 1745/351/156 1724/330/142
f 1746/352/157 1724/330/142 1723/329/141
f 1719/325/146 1722/328/144 1747/353/150
f 1719/325/146 1747/353/150 1748/354/159
f 1748/354/159 1747/353/150 1749/355/152
f 1748/354/159 1749/355/152 1750/356/153
f 1750/356/153 1749/355/152 1751/357/160
f 1750/356/153 1751/357/160 1752/358/158
f 1752/358/158 1751/357/160 1753/359/156
f 1752/358/158 1753/359/156 1754/360/157
f 1754/360/157 1753/359/156 1716/322/142
f 1754/360/157 1716/322/142 1715/321/141
f 1729/335/143 1686/292/52 1685/291/140
f 1729/335/143 1685/291/140 1730/336/144
f 1755/281/20 1756/284/24 1757/283/107
f 1755/281/20 1757/283/107 1758/282/87
f 1759/285/161 1760/288/139 1761/287/138
f 1759/285/161 1761/287/138 1762/286/162
f 1763/289/79 1764/292/49 1765/291/163
f 1763/289/79 1765/291/163 1766/290/42
f 1767/293/138 1768/296/138 1769/295/21
f 1767/293/138 1769/295/21 1770/294/21
f 1771/297/57 1767/293/138 1770/294/21
f 1771/297/57 1770/294/21 1772/298/24
f 1772/298/24 1770/294/21 1773/300/21
f 1772/298/24 1773/300/21 1774/299/24
f 1759/285/161 1762/286/162 1775/302/24
f 1759/285/161 1775/302/24 1776/301/20
f 1776/301/20 1775/302/24 1777/304/24
f 1776/301/20 1777/304/24 1778/303/20
f 1778/303/20 1777/304/24 1756/284/24
f 1778/303/20 1756/284/24 1755/281/20
f 1779/305/139 1780/308/114 1781/307/20
f 1779/305/139 1781/307/20 1782/306/22
f 1782/306/22 1781/307/20 1783/310/20
f 1782/306/22 1783/310/20 1784/309/22
f 1785/311/164 1786/314/49 1787/313/163
f 1785/311/164 1787/313/163 1788/312/165
f 1789/315/166 1790/316/167 1787/313/163
f 1789/315/166 1787/313/163 1786/314/49
f 1782/306/22 1791/318/22 1792/317/139
f 1782/306/22 1792/317/139 1779/305/139
f 1760/288/139 1793/320/139 1794/319/138
f 1760/288/139 1794/319/138 1761/287/138
f 1795/321/164 1796/324/53 1797/323/36
f 1795/321/164 1797/323/36 1798/322/165
f 1799/325/166 1800/328/167 1801/327/163
f 1799/325/166 1801/327/163 1802/326/49
f 1803/329/164 1802/326/49 1801/327/163
f 1803/329/164 1801/327/163 1804/330/165
f 1793/320/139 1805/332/139 1806/331/138
f 1793/320/139 1806/331/138 1794/319/138
f 1807/333/56 1808/334/168 1797/323/36
f 1807/333/56 1797/323/36 1796/324/53
f 1805/332/139 1808/334/168 1807/333/56
f 1805/332/139 1807/333/56 1806/331/138
f 1809/335/166 1810/338/169 1811/337/170
f 1809/335/166 1811/337/170 1812/336/167
f 1810/338/169 1813/340/171 1814/339/172
f 1810/338/169 1814/339/172 1811/337/170
f 1813/340/171 1815/342/173 1816/341/174
f 1813/340/171 1816/341/174 1814/339/172
f 1815/342/173 1817/344/175 1818/343/176
f 1815/342/173 1818/343/176 1816/341/174
f 1817/344/175 1785/311/164 1788/312/165
f 1817/344/175 1788/312/165 1818/343/176
f 1789/315/166 1819/346/169 1820/345/170
f 1789/315/166 1820/345/170 1790/316/167
f 1819/346/169 1821/348/177 1822/347/172
f 1819/346/169 1822/347/172 1820/345/170
f 1821/348/177 1823/350/173 1824/349/174
f 1821/348/177 1824/349/174 1822/347/172
f 1823/350/173 1825/352/178 1826/351/179
f 1823/350/173 1826/351/179 1824/349/174
f 1825/352/178 1803/329/164 1804/330/165
f 1825/352/178 1804/330/165 1826/351/179
f 1799/325/166 1827/354/169 1828/353/170
f 1799/325/166 1828/353/170 1800/328/167
f 1827/354/169 1829/356/171 1830/355/180
f 1827/354/169 1830/355/180 1828/353/170
f 1829/356/171 1831/358/173 1832/357/174
f 1829/356/171 1832/357/174 1830/355/180
f 1831/358/173 1833/360/181 1834/359/182
f 1831/358/173 1834/359/182 1832/357/174
f 1833/360/181 1795/321/164 1798/322/165
f 1833/360/181 1798/322/165 1834/359/182
f 1809/335/166 1812/336/167 1765/291/163
f 1809/335/166 1765/291/163 1764/292/49
f 1835/281/23 1836/282/77 1837/283/44
f 1835/281/23 1837/283/44 1838/284/19
f 1839/285/136 1840/286/137 1841/287/138
f 1839/285/136 1841/287/138 1842/288/139
f 1843/289/76 1844/290/163 1845/291/140
f 1843/289/76 1845/291/140 1846/292/52
f 1847/293/138 1848/294/21 1849/295/21
f 1847/293/138 1849/295/21 1850/296/138
f 1851/297/127 1852/298/19 1848/294/21
f 1851/297/127 1848/294/21 1847/293/138
f 1852/298/19 1853/299/19 1854/300/21
f 1852/298/19 1854/300/21 1848/294/21
f 1839/285/136 1855/301/23 1856/302/19
f 1839/285/136 1856/302/19 1840/286/137
f 1855/301/23 1857/303/23 1858/304/19
f 1855/301/23 1858/304/19 1856/302/19
f 1857/303/23 1835/281/23 1838/284/19
f 1857/303/23 1838/284/19 1858/304/19
f 1859/305/139 1860/306/22 1861/307/23
f 1859/305/139 1861/307/23 1862/308/88
f 1860/306/22 1863/309/22 1864/310/23
f 1860/306/22 1864/310/23 1861/307/23
f 1865/311/141 1866/312/142 1867/313/140
f 1865/311/141 1867/313/140 1868/314/73
f 1869/315/143 1868/314/73 1867/313/140
f 1869/315/143 1867/313/140 1870/316/144
f 1860/306/22 1859/305/139 1871/317/139
f 1860/306/22 1871/317/139 1872/318/22
f 1842/288/139 1841/287/138 1873/319/138
f 1842/288/139 1873/319/138 1874/320/139
f 1875/321/141 1876/322/142 1877/323/87
f 1875/321/141 1877/323/87 1878/324/145
f 1879/325/146 1880/326/73 1881/327/140
f 1879/325/146 1881/327/140 1882/328/144
f 1883/329/141 1884/330/142 1881/327/140
f 1883/329/141 1881/327/140 1880/326/73
f 1874/320/139 1873/319/138 1885/331/138
f 1874/320/139 1885/331/138 1886/332/139
f 1887/333/148 1878/324/145 1877/323/87
f 1887/333/148 1877/323/87 1888/334/161
f 1886/332/139 1885/331/138 1887/333/148
f 1886/332/139 1887/333/148 1888/334/161
f 1889/335/143 1890/336/144 1891/337/150
f 1889/335/143 1891/337/150 1892/338/159
f 1892/338/159 1891/337/150 1893/339/152
f 1892/338/159 1893/339/152 1894/340/153
f 1894/340/153 1893/339/152 1895/341/154
f 1894/340/153 1895/341/154 1896/342/158
f 1896/342/158 1895/341/154 1897/343/183
f 1896/342/158 1897/343/183 1898/344/184
f 1898/344/184 1897/343/183 1866/312/142
f 1898/344/184 1866/312/142 1865/311/141
f 1869/315/143 1870/316/144 1899/345/150
f 1869/315/143 1899/345/150 1900/346/159
f 1900/346/159 1899/345/150 1901/347/152
f 1900/346/159 1901/347/152 1902/348/153
f 1902/348/153 1901/347/152 1903/349/154
f 1902/348/153 1903/349/154 1904/350/158
f 1904/350/158 1903/349/154 1905/351/185
f 1904/350/158 1905/351/185 1906/352/184
f 1906/352/184 1905/351/185 1884/330/142
f 1906/352/184 1884/330/142 1883/329/141
f 1879/325/146 1882/328/144 1907/353/150
f 1879/325/146 1907/353/150 1908/354/159
f 1908/354/159 1907/353/150 1909/355/186
f 1908/354/159 1909/355/186 1910/356/153
f 1910/356/153 1909/355/186 1911/357/187
f 1910/356/153 1911/357/187 1912/358/158
f 1912/358/158 1911/357/187 1913/359/183
f 1912/358/158 1913/359/183 1914/360/157
f 1914/360/157 1913/359/183 1876/322/142
f 1914/360/157 1876/322/142 1875/321/141
f 1889/335/143 1846/292/52 1845/291/140
f 1889/335/143 1845/291/140 1890/336/144
f 1915/281/20 1916/284/24 1917/283/107
f 1915/281/20 1917/283/107 1918/282/87
f 1919/285/161 1920/288/139 1921/287/138
f 1919/285/161 1921/287/138 1922/286/162
f 1923/289/79 1924/292/72 1925/291/163
f 1923/289/79 1925/291/163 1926/290/42
f 1927/293/138 1928/296/138 1929/295/21
f 1927/293/138 1929/295/21 1930/294/21
f 1931/297/57 1927/293/138 1930/294/21
f 1931/297/57 1930/294/21 1932/298/24
f 1932/298/24 1930/294/21 1933/300/21
f 1932/298/24 1933/300/21 1934/299/24
f 1919/285/161 1922/286/162 1935/302/24
f 1919/285/161 1935/302/24 1936/301/20
f 1936/301/20 1935/302/24 1937/304/24
f 1936/301/20 1937/304/24 1938/303/20
f 1938/303/20 1937/304/24 1916/284/24
f 1938/303/20 1916/284/24 1915/281/20
f 1939/305/139 1940/308/114 1941/307/20
f 1939/305/139 1941/307/20 1942/306/22
f 1942/306/22 1941/307/20 1943/310/20
f 1942/306/22 1943/310/20 1944/309/22
f 1945/311/164 1946/314/72 1947/313/163
f 1945/311/164 1947/313/163 1948/312/165
f 1949/315/166 1950/316/167 1947/313/163
f 1949/315/166 1947/313/163 1946/314/72
f 1942/306/22 1951/318/22 1952/317/139
f 1942/306/22 1952/317/139 1939/305/139
f 1920/288/139 1953/320/139 1954/319/138
f 1920/288/139 1954/319/138 1921/287/138
f 1955/321/164 1956/324/76 1957/323/36
f 1955/321/164 1957/323/36 1958/322/165
f 1959/325/188 1960/328/167 1961/327/163
f 1959/325/188 1961/327/163 1962/326/72
f 1963/329/164 1962/326/72 1961/327/163
f 1963/329/164 1961/327/163 1964/330/165
f 1953/320/139 1965/332/139 1966/331/138
f 1953/320/139 1966/331/138 1954/319/138
f 1967/333/56 1968/334/189 1957/323/36
f 1967/333/56 1957/323/36 1956/324/76
f 1965/332/139 1968/334/189 1967/333/56
f 1965/332/139 1967/333/56 1966/331/138
f 1969/335/166 1970/338/169 1971/337/170
f 1969/335/166 1971/337/170 1972/336/167
f 1970/338/169 1973/340/171 1974/339/172
f 1970/338/169 1974/339/172 1971/337/170
f 1973/340/171 1975/342/190 1976/341/191
f 1973/340/171 1976/341/191 1974/339/172
f 1975/342/190 1977/344/192 1978/343/193
f 1975/342/190 1978/343/193 1976/341/191
f 1977/344/192 1945/311/164 1948/312/165
f 1977/344/192 1948/312/165 1978/343/193
f 1949/315/166 1979/346/169 1980/345/170
f 1949/315/166 1980/345/170 1950/316/167
f 1979/346/169 1981/348/171 1982/347/172
f 1979/346/169 1982/347/172 1980/345/170
f 1981/348/171 1983/350/194 1984/349/195
f 1981/348/171 1984/349/195 1982/347/172
f 1983/350/194 1985/352/181 1986/351/193
f 1983/350/194 1986/351/193 1984/349/195
f 1985/352/181 1963/329/164 1964/330/165
f 1985/352/181 1964/330/165 1986/351/193
f 1959/325/188 1987/354/196 1988/353/170
f 1959/325/188 1988/353/170 1960/328/167
f 1987/354/196 1989/356/171 1990/355/197
f 1987/354/196 1990/355/197 1988/353/170
f 1989/356/171 1991/358/173 1992/357/195
f 1989/356/171 1992/357/195 1990/355/197
f 1991/358/173 1993/360/181 1994/359/182
f 1991/358/173 1994/359/182 1992/357/195
f 1993/360/181 1955/321/164 1958/322/165
f 1993/360/181 1958/322/165 1994/359/182
f 1969/335/166 1972/336/167 1925/291/163
f 1969/335/166 1925/291/163 1924/292/72
f 1995/281/23 1996/282/77 1997/283/44
f 1995/281/23 1997/283/44 1998/284/19
f 1999/285/136 2000/286/137 2001/287/138
f 1999/285/136 2001/287/138 2002/288/139
f 2003/289/76 2004/290/41 2005/291/140
f 2003/289/76 2005/291/140 2006/292/52
f 2007/293/138 2008/294/21 2009/295/21
f 2007/293/138 2009/295/21 2010/296/138
f 2011/297/127 2012/298/19 2008/294/21
f 2011/297/127 2008/294/21 2007/293/138
f 2012/298/19 2013/299/19 2014/300/21
f 2012/298/19 2014/300/21 2008/294/21
f 1999/285/136 2015/301/23 2016/302/19
f 1999/285/136 2016/302/19 2000/286/137
f 2015/301/23 2017/303/23 2018/304/19
f 2015/301/23 2018/304/19 2016/302/19
f 2017/303/23 1995/281/23 1998/284/19
f 2017/303/23 1998/284/19 2018/304/19
f 2019/305/139 2020/306/22 2021/307/23
f 2019/305/139 2021/307/23 2022/308/88
f 2020/306/22 2023/309/22 2024/310/23
f 2020/306/22 2024/310/23 2021/307/23
f 2025/311/141 2026/312/142 2027/313/140
f 2025/311/141 2027/313/140 2028/314/52
f 2029/315/146 2028/314/52 2027/313/140
f 2029/315/146 2027/313/140 2030/316/144
f 2020/306/22 2019/305/139 2031/317/139
f 2020/306/22 2031/317/139 2032/318/22
f 2002/288/139 2001/287/138 2033/319/138
f 2002/288/139 2033/319/138 2034/320/139
f 2035/321/141 2036/322/142 2037/323/87
f 2035/321/141 2037/323/87 2038/324/145
f 2039/325/143 2040/326/52 2041/327/140
f 2039/325/143 2041/327/140 2042/328/144
f 2043/329/141 2044/330/142 2041/327/140
f 2043/329/141 2041/327/140 2040/326/52
f 2034/320/139 2033/319/138 2045/331/198
f 2034/320/139 2045/331/198 2046/332/139
f 2047/333/148 2038/324/145 2037/323/87
f 2047/333/148 2037/323/87 2048/334/149
f 2046/332/139 2045/331/198 2047/333/148
f 2046/332/139 2047/333/148 2048/334/149
f 2049/335/143 2050/336/144 2051/337/150
f 2049/335/143 2051/337/150 2052/338/159
f 2052/338/159 2051/337/150 2053/339/199
f 2052/338/159 2053/339/199 2054/340/153
f 2054/340/153 2053/339/199 2055/341/160
f 2054/340/153 2055/341/160 2056/342/158
f 2056/342/158 2055/341/160 2057/343/200
f 2056/342/158 2057/343/200 2058/344/184
f 2058/344/184 2057/343/200 2026/312/142
f 2058/344/184 2026/312/142 2025/311/141
f 2029/315/146 2030/316/144 2059/345/150
f 2029/315/146 2059/345/150 2060/346/159
f 2060/346/159 2059/345/150 2061/347/199
f 2060/346/159 2061/347/199 2062/348/153
f 2062/348/153 2061/347/199 2063/349/160
f 2062/348/153 2063/349/160 2064/350/158
f 2064/350/158 2063/349/160 2065/351/200
f 2064/350/158 2065/351/200 2066/352/184
f 2066/352/184 2065/351/200 2044/330/142
f 2066/352/184 2044/330/142 2043/329/141
f 2039/325/143 2042/328/144 2067/353/150
f 2039/325/143 2067/353/150 2068/354/159
f 2068/354/159 2067/353/150 2069/355/152
f 2068/354/159 2069/355/152 2070/356/153
f 2070/356/153 2069/355/152 2071/357/154
f 2070/356/153 2071/357/154 2072/358/155
f 2072/358/155 2071/357/154 2073/359/183
f 2072/358/155 2073/359/183 2074/360/201
f 2074/360/201 2073/359/183 2036/322/142
f 2074/360/201 2036/322/142 2035/321/141
f 2049/335/143 2006/292/52 2005/291/140
f 2049/335/143 2005/291/140 2050/336/144
f 2075/281/20 2076/284/24 2077/283/107
f 2075/281/20 2077/283/107 2078/282/87
f 2079/285/161 2080/288/139 2081/287/138
f 2079/285/161 2081/287/138 2082/286/162
f 2083/289/79 2084/292/49 2085/291/163
f 2083/289/79 2085/291/163 2086/290/42
f 2087/293/138 2088/296/138 2089/295/21
f 2087/293/138 2089/295/21 2090/294/21
f 2091/297/57 2087/293/138 2090/294/21
f 2091/297/57 2090/294/21 2092/298/24
f 2092/298/24 2090/294/21 2093/300/21
f 2092/298/24 2093/300/21 2094/299/24
f 2079/285/161 2082/286/162 2095/302/24
f 2079/285/161 2095/302/24 2096/301/202
f 2096/301/202 2095/302/24 2097/304/24
f 2096/301/202 2097/304/24 2098/303/202
f 2098/303/202 2097/304/24 2076/284/24
f 2098/303/202 2076/284/24 2075/281/20
f 2099/305/139 2100/308/114 2101/307/20
f 2099/305/139 2101/307/20 2102/306/22
f 2102/306/22 2101/307/20 2103/310/20
f 2102/306/22 2103/310/20 2104/309/22
f 2105/311/164 2106/314/49 2107/313/163
f 2105/311/164 2107/313/163 2108/312/165
f 2109/315/166 2110/316/203 2107/313/163
f 2109/315/166 2107/313/163 2106/314/49
f 2102/306/22 2111/318/22 2112/317/139
f 2102/306/22 2112/317/139 2099/305/139
f 2080/288/139 2113/320/139 2114/319/138
f 2080/288/139 2114/319/138 2081/287/138
f 2115/321/164 2116/324/53 2117/323/36
f 2115/321/164 2117/323/36 2118/322/165
f 2119/325/166 2120/328/167 2121/327/163
f 2119/325/166 2121/327/163 2122/326/72
f 2123/329/164 2122/326/72 2121/327/163
f 2123/329/164 2121/327/163 2124/330/165
f 2113/320/139 2125/332/139 2126/331/138
f 2113/320/139 2126/331/138 2114/319/138
f 2127/333/56 2128/334/168 2117/323/36
f 2127/333/56 2117/323/36 2116/324/53
f 2125/332/139 2128/334/168 2127/333/56
f 2125/332/139 2127/333/56 2126/331/138
f 2129/335/166 2130/338/169 2131/337/170
f 2129/335/166 2131/337/170 2132/336/167
f 2130/338/169 2133/340/171 2134/339/172
f 2130/338/169 2134/339/172 2131/337/170
f 2133/340/171 2135/342/173 2136/341/195
f 2133/340/171 2136/341/195 2134/339/172
f 2135/342/173 2137/344/181 2138/343/182
f 2135/342/173 2138/343/182 2136/341/195
f 2137/344/181 2105/311/164 2108/312/165
f 2137/344/181 2108/312/165 2138/343/182
f 2109/315/166 2139/346/169 2140/345/170
f 2109/315/166 2140/345/170 2110/316/203
f 2139/346/169 2141/348/177 2142/347/172
f 2139/346/169 2142/347/172 2140/345/170
f 2141/348/177 2143/350/173 2144/349/174
f 2141/348/177 2144/349/174 2142/347/172
f 2143/350/173 2145/352/178 2146/351/179
f 2143/350/173 2146/351/179 2144/349/174
f 2145/352/178 2123/329/164 2124/330/165
f 2145/352/178 2124/330/165 2146/351/179
f 2119/325/166 2147/354/169 2148/353/170
f 2119/325/166 2148/353/170 2120/328/167
f 2147/354/169 2149/356/171 2150/355/172
f 2147/354/169 2150/355/172 2148/353/170
f 2149/356/171 2151/358/194 2152/357/195
f 2149/356/171 2152/357/195 2150/355/172
f 2151/358/194 2153/360/181 2154/359/176
f 2151/358/194 2154/359/176 2152/357/195
f 2153/360/181 2115/321/164 2118/322/165
f 2153/360/181 2118/322/165 2154/359/176
f 2129/335/166 2132/336/167 2085/291/163
f 2129/335/166 2085/291/163 2084/292/49
f 2155/281/23 2156/282/77 2157/283/44
f 2155/281/23 2157/283/44 2158/284/19
f 2159/285/136 2160/286/80 2161/287/138
f 2159/285/136 2161/287/138 2162/288/139
f 2163/289/76 2164/290/41 2165/291/140
f 2163/289/76 2165/291/140 2166/292/52
f 2167/293/138 2168/294/21 2169/295/21
f 2167/293/138 2169/295/21 2170/296/138
f 2171/297/75 2172/298/19 2168/294/21
f 2171/297/75 2168/294/21 2167/293/138
f 2172/298/19 2173/299/19 2174/300/21
f 2172/298/19 2174/300/21 2168/294/21
f 2159/285/136 2175/301/23 2176/302/19
f 2159/285/136 2176/302/19 2160/286/80
f 2175/301/23 2177/303/23 2178/304/19
f 2175/301/23 2178/304/19 2176/302/19
f 2177/303/23 2155/281/23 2158/284/19
f 2177/303/23 2158/284/19 2178/304/19
f 2179/305/204 2180/306/22 2181/307/23
f 2179/305/204 2181/307/23 2182/308/88
f 2180/306/22 2183/309/22 2184/310/23
f 2180/306/22 2184/310/23 2181/307/23
f 2185/311/141 2186/312/142 2187/313/140
f 2185/311/141 2187/313/140 2188/314/73
f 2189/315/143 2188/314/73 2187/313/140
f 2189/315/143 2187/313/140 2190/316/144
f 2180/306/22 2179/305/204 2191/317/204
f 2180/306/22 2191/317/204 2192/318/22
f 2162/288/139 2161/287/138 2193/319/138
f 2162/288/139 2193/319/138 2194/320/139
f 2195/321/141 2196/322/142 2197/323/87
f 2195/321/141 2197/323/87 2198/324/52
f 2199/325/143 2200/326/52 2201/327/140
f 2199/325/143 2201/327/140 2202/328/144
f 2203/329/141 2204/330/142 2201/327/140
f 2203/329/141 2201/327/140 2200/326/52
f 2194/320/139 2193/319/138 2205/331/138
f 2194/320/139 2205/331/138 2206/332/139
f 2207/333/148 2198/324/52 2197/323/87
f 2207/333/148 2197/323/87 2208/334/161
f 2206/332/139 2205/331/138 2207/333/148
f 2206/332/139 2207/333/148 2208/334/161
f 2209/335/143 2210/336/144 2211/337/150
f 2209/335/143 2211/337/150 2212/338/159
f 2212/338/159 2211/337/150 2213/339/199
f 2212/338/159 2213/339/199 2214/340/153
f 2214/340/153 2213/339/199 2215/341/160
f 2214/340/153 2215/341/160 2216/342/158
f 2216/342/158 2215/341/160 2217/343/200
f 2216/342/158 2217/343/200 2218/344/184
f 2218/344/184 2217/343/200 2186/312/142
f 2218/344/184 2186/312/142 2185/311/141
f 2189/315/143 2190/316/144 2219/345/205
f 2189/315/143 2219/345/205 2220/346/159
f 2220/346/159 2219/345/205 2221/347/199
f 2220/346/159 2221/347/199 2222/348/153
f 2222/348/153 2221/347/199 2223/349/160
f 2222/348/153 2223/349/160 2224/350/158
f 2224/350/158 2223/349/160 2225/351/200
f 2224/350/158 2225/351/200 2226/352/184
f 2226/352/184 2225/351/200 2204/330/142
f 2226/352/184 2204/330/142 2203/329/141
f 2199/325/143 2202/328/144 2227/353/150
f 2199/325/143 2227/353/150 2228/354/159
f 2228/354/159 2227/353/150 2229/355/152
f 2228/354/159 2229/355/152 2230/356/206
f 2230/356/206 2229/355/152 2231/357/160
f 2230/356/206 2231/357/160 2232/358/155
f 2232/358/155 2231/357/160 2233/359/156
f 2232/358/155 2233/359/156 2234/360/157
f 2234/360/157 2233/359/156 2196/322/142
f 2234/360/157 2196/322/142 2195/321/141
f 2209/335/143 2166/292/52 2165/291/140
f 2209/335/143 2165/291/140 2210/336/144
f 2235/281/20 2236/284/24 2237/283/107
f 2235/281/20 2237/283/107 2238/282/87
f 2239/285/161 2240/288/139 2241/287/138
f 2239/285/161 2241/287/138 2242/286/162
f 2243/289/79 2244/292/49 2245/291/163
f 2243/289/79 2245/291/163 2246/290/42
f 2247/293/138 2248/296/138 2249/295/21
f 2247/293/138 2249/295/21 2250/294/21
f 2251/297/57 2247/293/138 2250/294/21
f 2251/297/57 2250/294/21 2252/298/24
f 2252/298/24 2250/294/21 2253/300/21
f 2252/298/24 2253/300/21 2254/299/24
f 2239/285/161 2242/286/162 2255/302/24
f 2239/285/161 2255/302/24 2256/301/20
f 2256/301/20 2255/302/24 2257/304/24
f 2256/301/20 2257/304/24 2258/303/20
f 2258/303/20 2257/304/24 2236/284/24
f 2258/303/20 2236/284/24 2235/281/20
f 2259/305/139 2260/308/114 2261/307/20
f 2259/305/139 2261/307/20 2262/306/22
f 2262/306/22 2261/307/20 2263/310/20
f 2262/306/22 2263/310/20 2264/309/22
f 2265/311/164 2266/314/72 2267/313/36
f 2265/311/164 2267/313/36 2268/312/165
f 2269/315/166 2270/316/167 2267/313/36
f 2269/315/166 2267/313/36 2266/314/72
f 2262/306/22 2271/318/22 2272/317/139
f 2262/306/22 2272/317/139 2259/305/139
f 2240/288/139 2273/320/139 2274/319/138
f 2240/288/139 2274/319/138 2241/287/138
f 2275/321/164 2276/324/53 2277/323/36
f 2275/321/164 2277/323/36 2278/322/165
f 2279/325/166 2280/328/167 2281/327/163
f 2279/325/166 2281/327/163 2282/326/49
f 2283/329/164 2282/326/49 2281/327/163
f 2283/329/164 2281/327/163 2284/330/165
f 2273/320/139 2285/332/139 2286/331/138
f 2273/320/139 2286/331/138 2274/319/138
f 2287/333/56 2288/334/168 2277/323/36
f 2287/333/56 2277/323/36 2276/324/53
f 2285/332/139 2288/334/168 2287/333/56
f 2285/332/139 2287/333/56 2286/331/138
f 2289/335/166 2290/338/169 2291/337/170
f 2289/335/166 2291/337/170 2292/336/167
f 2290/338/169 2293/340/171 2294/339/172
f 2290/338/169 2294/339/172 2291/337/170
f 2293/340/171 2295/342/173 2296/341/174
f 2293/340/171 2296/341/174 2294/339/172
f 2295/342/173 2297/344/181 2298/343/182
f 2295/342/173 2298/343/182 2296/341/174
f 2297/344/181 2265/311/164 2268/312/165
f 2297/344/181 2268/312/165 2298/343/182
f 2269/315/166 2299/346/169 2300/345/170
f 2269/315/166 2300/345/170 2270/316/167
f 2299/346/169 2301/348/177 2302/347/197
f 2299/346/169 2302/347/197 2300/345/170
f 2301/348/177 2303/350/173 2304/349/174
f 2301/348/177 2304/349/174 2302/347/197
f 2303/350/173 2305/352/178 2306/351/179
f 2303/350/173 2306/351/179 2304/349/174
f 2305/352/178 2283/329/164 2284/330/165
f 2305/352/178 2284/330/165 2306/351/179
f 2279/325/166 2307/354/169 2308/353/170
f 2279/325/166 2308/353/170 2280/328/167
f 2307/354/169 2309/356/171 2310/355/172
f 2307/354/169 2310/355/172 2308/353/170
f 2309/356/171 2311/358/194 2312/357/195
f 2309/356/171 2312/357/195 2310/355/172
f 2311/358/194 2313/360/181 2314/359/182
f 2311/358/194 2314/359/182 2312/357/195
f 2313/360/181 2275/321/164 2278/322/165
f 2313/360/181 2278/322/165 2314/359/182
f 2289/335/166 2292/336/167 2245/291/163
f 2289/335/166 2245/291/163 2244/292/49
f 2315/281/23 2316/282/77 2317/283/44
f 2315/281/23 2317/283/44 2318/284/19
f 2319/285/136 2320/286/137 2321/287/138
f 2319/285/136 2321/287/138 2322/288/139
f 2323/289/76 2324/290/41 2325/291/140
f 2323/289/76 2325/291/140 2326/292/52
f 2327/293/138 2328/294/21 2329/295/21
f 2327/293/138 2329/295/21 2330/296/138
f 2331/297/127 2332/298/19 2328/294/21
f 2331/297/127 2328/294/21 2327/293/138
f 2332/298/19 2333/299/19 2334/300/21
f 2332/298/19 2334/300/21 2328/294/21
f 2319/285/136 2335/301/23 2336/302/19
f 2319/285/136 2336/302/19 2320/286/137
f 2335/301/23 2337/303/23 2338/304/19
f 2335/301/23 2338/304/19 2336/302/19
f 2337/303/23 2315/281/23 2318/284/19
f 2337/303/23 2318/284/19 2338/304/19
f 2339/305/139 2340/306/22 2341/307/23
f 2339/305/139 2341/307/23 2342/308/88
f 2340/306/22 2343/309/22 2344/310/23
f 2340/306/22 2344/310/23 2341/307/23
f 2345/311/141 2346/312/142 2347/313/140
f 2345/311/141 2347/313/140 2348/314/52
f 2349/315/143 2348/314/52 2347/313/140
f 2349/315/143 2347/313/140 2350/316/144
f 2340/306/22 2339/305/139 2351/317/139
f 2340/306/22 2351/317/139 2352/318/22
f 2322/288/139 2321/287/138 2353/319/138
f 2322/288/139 2353/319/138 2354/320/139
f 2355/321/141 2356/322/142 2357/323/87
f 2355/321/141 2357/323/87 2358/324/145
f 2359/325/143 2360/326/52 2361/327/140
f 2359/325/143 2361/327/140 2362/328/144
f 2363/329/141 2364/330/142 2361/327/140
f 2363/329/141 2361/327/140 2360/326/52
f 2354/320/139 2353/319/138 2365/331/138
f 2354/320/139 2365/331/138 2366/332/139
f 2367/333/148 2358/324/145 2357/323/87
f 2367/333/148 2357/323/87 2368/334/161
f 2366/332/139 2365/331/138 2367/333/148
f 2366/332/139 2367/333/148 2368/334/161
f 2369/335/143 2370/336/144 2371/337/150
f 2369/335/143 2371/337/150 2372/338/159
f 2372/338/159 2371/337/150 2373/339/199
f 2372/338/159 2373/339/199 2374/340/153
f 2374/340/153 2373/339/199 2375/341/160
f 2374/340/153 2375/341/160 2376/342/155
f 2376/342/155 2375/341/160 2377/343/156
f 2376/342/155 2377/343/156 2378/344/157
f 2378/344/157 2377/343/156 2346/312/142
f 2378/344/157 2346/312/142 2345/311/141
f 2349/315/143 2350/316/144 2379/345/150
f 2349/315/143 2379/345/150 2380/346/159
f 2380/346/159 2379/345/150 2381/347/152
f 2380/346/159 2381/347/152 2382/348/153
f 2382/348/153 2381/347/152 2383/349/160
f 2382/348/153 2383/349/160 2384/350/155
f 2384/350/155 2383/349/160 2385/351/156
f 2384/350/155 2385/351/156 2386/352/157
f 2386/352/157 2385/351/156 2364/330/142
f 2386/352/157 2364/330/142 2363/329/141
f 2359/325/143 2362/328/144 2387/353/150
f 2359/325/143 2387/353/150 2388/354/159
f 2388/354/159 2387/353/150 2389/355/152
f 2388/354/159 2389/355/152 2390/356/153
f 2390/356/153 2389/355/152 2391/357/187
f 2390/356/153 2391/357/187 2392/358/158
f 2392/358/158 2391/357/187 2393/359/183
f 2392/358/158 2393/359/183 2394/360/157
f 2394/360/157 2393/359/183 2356/322/142
f 2394/360/157 2356/322/142 2355/321/141
f 2369/335/143 2326/292/52 2325/291/140
f 2369/335/143 2325/291/140 2370/336/144
f 2395/281/20 2396/284/24 2397/283/107
f 2395/281/20 2397/283/107 2398/282/87
f 2399/285/161 2400/288/139 2401/287/138
f 2399/285/161 2401/287/138 2402/286/162
f 2403/289/79 2404/292/49 2405/291/163
f 2403/289/79 2405/291/163 2406/290/42
f 2407/293/138 2408/296/138 2409/295/21
f 2407/293/138 2409/295/21 2410/294/21
f 2411/297/57 2407/293/138 2410/294/21
f 2411/297/57 2410/294/21 2412/298/24
f 2412/298/24 2410/294/21 2413/300/21
f 2412/298/24 2413/300/21 2414/299/24
f 2399/285/161 2402/286/162 2415/302/24
f 2399/285/161 2415/302/24 2416/301/20
f 2416/301/20 2415/302/24 2417/304/24
f 2416/301/20 2417/304/24 2418/303/20
f 2418/303/20 2417/304/24 2396/284/24
f 2418/303/20 2396/284/24 2395/281/20
f 2419/305/139 2420/308/114 2421/307/20
f 2419/305/139 2421/307/20 2422/306/22
f 2422/306/22 2421/307/20 2423/310/20
f 2422/306/22 2423/310/20 2424/309/22
f 2425/311/164 2426/314/49 2427/313/163
f 2425/311/164 2427/313/163 2428/312/165
f 2429/315/166 2430/316/167 2427/313/163
f 2429/315/166 2427/313/163 2426/314/49
f 2422/306/22 2431/318/22 2432/317/139
f 2422/306/22 2432/317/139 2419/305/139
f 2400/288/139 2433/320/139 2434/319/138
f 2400/288/139 2434/319/138 2401/287/138
f 2435/321/164 2436/324/53 2437/323/36
f 2435/321/164 2437/323/36 2438/322/165
f 2439/325/166 2440/328/167 2441/327/163
f 2439/325/166 2441/327/163 2442/326/49
f 2443/329/164 2442/326/49 2441/327/163
f 2443/329/164 2441/327/163 2444/330/165
f 2433/320/139 2445/332/139 2446/331/138
f 2433/320/139 2446/331/138 2434/319/138
f 2447/333/56 2448/334/168 2437/323/36
f 2447/333/56 2437/323/36 2436/324/53
f 2445/332/139 2448/334/168 2447/333/56
f 2445/332/139 2447/333/56 2446/331/138
f 2449/335/166 2450/338/169 2451/337/170
f 2449/335/166 2451/337/170 2452/336/167
f 2450/338/169 2453/340/171 2454/339/172
f 2450/338/169 2454/339/172 2451/337/170
f 2453/340/171 2455/342/190 2456/341/191
f 2453/340/171 2456/341/191 2454/339/172
f 2455/342/190 2457/344/175 2458/343/182
f 2455/342/190 2458/343/182 2456/341/191
f 2457/344/175 2425/311/164 2428/312/165
f 2457/344/175 2428/312/165 2458/343/182
f 2429/315/166 2459/346/169 2460/345/170
f 2429/315/166 2460/345/170 2430/316/167
f 2459/346/169 2461/348/171 2462/347/172
f 2459/346/169 2462/347/172 2460/345/170
f 2461/348/171 2463/350/194 2464/349/174
f 2461/348/171 2464/349/174 2462/347/172
f 2463/350/194 2465/352/181 2466/351/182
f 2463/350/194 2466/351/182 2464/349/174
f 2465/352/181 2443/329/164 2444/330/165
f 2465/352/181 2444/330/165 2466/351/182
f 2439/325/166 2467/354/169 2468/353/170
f 2439/325/166 2468/353/170 2440/328/167
f 2467/354/169 2469/356/171 2470/355/172
f 2467/354/169 2470/355/172 2468/353/170
f 2469/356/171 2471/358/194 2472/357/195
f 2469/356/171 2472/357/195 2470/355/172
f 2471/358/194 2473/360/181 2474/359/182
f 2471/358/194 2474/359/182 2472/357/195
f 2473/360/181 2435/321/164 2438/322/165
f 2473/360/181 2438/322/165 2474/359/182
f 2449/335/166 2452/336/167 2405/291/163
f 2449/335/166 2405/291/163 2404/292/49
f 2475/281/23 2476/282/77 2477/283/44
f 2475/281/23 2477/283/44 2478/284/19
f 2479/285/136 2480/286/80 2481/287/138
f 2479/285/136 2481/287/138 2482/288/139
f 2483/289/76 2484/290/41 2485/291/42
f 2483/289/76 2485/291/42 2486/292/79
f 2487/293/138 2488/294/21 2489/295/21
f 2487/293/138 2489/295/21 2490/296/138
f 2491/297/75 2492/298/207 2488/294/21
f 2491/297/75 2488/294/21 2487/293/138
f 2492/298/207 2493/299/207 2494/300/21
f 2492/298/207 2494/300/21 2488/294/21
f 2479/285/136 2495/301/23 2496/302/19
f 2479/285/136 2496/302/19 2480/286/80
f 2495/301/23 2497/303/23 2498/304/19
f 2495/301/23 2498/304/19 2496/302/19
f 2497/303/23 2475/281/23 2478/284/19
f 2497/303/23 2478/284/19 2498/304/19
f 2499/305/139 2500/306/22 2501/307/23
f 2499/305/139 2501/307/23 2502/308/88
f 2500/306/22 2503/309/22 2504/310/23
f 2500/306/22 2504/310/23 2501/307/23
f 2505/311/141 2506/312/142 2507/313/140
f 2505/311/141 2507/313/140 2508/314/52
f 2509/315/143 2508/314/52 2507/313/140
f 2509/315/143 2507/313/140 2510/316/144
f 2500/306/22 2499/305/139 2511/317/139
f 2500/306/22 2511/317/139 2512/318/22
f 2482/288/139 2481/287/138 2513/319/138
f 2482/288/139 2513/319/138 2514/320/139
f 2515/321/141 2516/322/142 2517/323/87
f 2515/321/141 2517/323/87 2518/324/145
f 2519/325/146 2520/326/52 2521/327/140
f 2519/325/146 2521/327/140 2522/328/144
f 2523/329/141 2524/330/142 2521/327/140
f 2523/329/141 2521/327/140 2520/326/52
f 2514/320/139 2513/319/138 2525/331/138
f 2514/320/139 2525/331/138 2526/332/139
f 2527/333/148 2518/324/145 2517/323/87
f 2527/333/148 2517/323/87 2528/334/161
f 2526/332/139 2525/331/138 2527/333/148
f 2526/332/139 2527/333/148 2528/334/161
f 2529/335/143 2530/336/208 2531/337/150
f 2529/335/143 2531/337/150 2532/338/159
f 2532/338/159 2531/337/150 2533/339/199
f 2532/338/159 2533/339/199 2534/340/206
f 2534/340/206 2533/339/199 2535/341/160
f 2534/340/206 2535/341/160 2536/342/158
f 2536/342/158 2535/341/160 2537/343/156
f 2536/342/158 2537/343/156 2538/344/157
f 2538/344/157 2537/343/156 2506/312/142
f 2538/344/157 2506/312/142 2505/311/141
f 2509/315/143 2510/316/144 2539/345/150
f 2509/315/143 2539/345/150 2540/346/159
f 2540/346/159 2539/345/150 2541/347/199
f 2540/346/159 2541/347/199 2542/348/153
f 2542/348/153 2541/347/199 2543/349/160
f 2542/348/153 2543/349/160 2544/350/158
f 2544/350/158 2543/349/160 2545/351/156
f 2544/350/158 2545/351/156 2546/352/157
f 2546/352/157 2545/351/156 2524/330/142
f 2546/352/157 2524/330/142 2523/329/141
f 2519/325/146 2522/328/144 2547/353/150
f 2519/325/146 2547/353/150 2548/354/159
f 2548/354/159 2547/353/150 2549/355/152
f 2548/354/159 2549/355/152 2550/356/153
f 2550/356/153 2549/355/152 2551/357/154
f 2550/356/153 2551/357/154 2552/358/155
f 2552/358/155 2551/357/154 2553/359/156
f 2552/358/155 2553/359/156 2554/360/201
f 2554/360/201 2553/359/156 2516/322/142
f 2554/360/201 2516/322/142 2515/321/141
f 2529/335/143 2486/292/79 2485/291/42
f 2529/335/143 2485/291/42 2530/336/208
f 2555/281/20 2556/284/24 2557/283/107
f 2555/281/20 2557/283/107 2558/282/87
f 2559/285/161 2560/288/139 2561/287/138
f 2559/285/161 2561/287/138 2562/286/57
f 2563/289/79 2564/292/49 2565/291/163
f 2563/289/79 2565/291/163 2566/290/42
f 2567/293/138 2568/296/138 2569/295/21
f 2567/293/138 2569/295/21 2570/294/21
f 2571/297/57 2567/293/138 2570/294/21
f 2571/297/57 2570/294/21 2572/298/24
f 2572/298/24 2570/294/21 2573/300/21
f 2572/298/24 2573/300/21 2574/299/24
f 2559/285/161 2562/286/57 2575/302/24
f 2559/285/161 2575/302/24 2576/301/20
f 2576/301/20 2575/302/24 2577/304/24
f 2576/301/20 2577/304/24 2578/303/20
f 2578/303/20 2577/304/24 2556/284/24
f 2578/303/20 2556/284/24 2555/281/20
f 2579/305/139 2580/308/114 2581/307/20
f 2579/305/139 2581/307/20 2582/306/22
f 2582/306/22 2581/307/20 2583/310/20
f 2582/306/22 2583/310/20 2584/309/22
f 2585/311/164 2586/314/49 2587/313/163
f 2585/311/164 2587/313/163 2588/312/165
f 2589/315/166 2590/316/167 2587/313/163
f 2589/315/166 2587/313/163 2586/314/49
f 2582/306/22 2591/318/22 2592/317/139
f 2582/306/22 2592/317/139 2579/305/139
f 2560/288/139 2593/320/139 2594/319/138
f 2560/288/139 2594/319/138 2561/287/138
f 2595/321/164 2596/324/53 2597/323/36
f 2595/321/164 2597/323/36 2598/322/165
f 2599/325/166 2600/328/167 2601/327/163
f 2599/325/166 2601/327/163 2602/326/49
f 2603/329/164 2602/326/49 2601/327/163
f 2603/329/164 2601/327/163 2604/330/165
f 2593/320/139 2605/332/139 2606/331/138
f 2593/320/139 2606/331/138 2594/319/138
f 2607/333/56 2608/334/168 2597/323/36
f 2607/333/56 2597/323/36 2596/324/53
f 2605/332/139 2608/334/168 2607/333/56
f 2605/332/139 2607/333/56 2606/331/138
f 2609/335/166 2610/338/169 2611/337/170
f 2609/335/166 2611/337/170 2612/336/167
f 2610/338/169 2613/340/171 2614/339/172
f 2610/338/169 2614/339/172 2611/337/170
f 2613/340/171 2615/342/173 2616/341/174
f 2613/340/171 2616/341/174 2614/339/172
f 2615/342/173 2617/344/181 2618/343/182
f 2615/342/173 2618/343/182 2616/341/174
f 2617/344/181 2585/311/164 2588/312/165
f 2617/344/181 2588/312/165 2618/343/182
f 2589/315/166 2619/346/169 2620/345/170
f 2589/315/166 2620/345/170 2590/316/167
f 2619/346/169 2621/348/171 2622/347/172
f 2619/346/169 2622/347/172 2620/345/170
f 2621/348/171 2623/350/173 2624/349/174
f 2621/348/171 2624/349/174 2622/347/172
f 2623/350/173 2625/352/181 2626/351/209
f 2623/350/173 2626/351/209 2624/349/174
f 2625/352/181 2603/329/164 2604/330/165
f 2625/352/181 2604/330/165 2626/351/209
f 2599/325/166 2627/354/169 2628/353/170
f 2599/325/166 2628/353/170 2600/328/167
f 2627/354/169 2629/356/171 2630/355/172
f 2627/354/169 2630/355/172 2628/353/170
f 2629/356/171 2631/358/173 2632/357/195
f 2629/356/171 2632/357/195 2630/355/172
f 2631/358/173 2633/360/175 2634/359/182
f 2631/358/173 2634/359/182 2632/357/195
f 2633/360/175 2595/321/164 2598/322/165
f 2633/360/175 2598/322/165 2634/359/182
f 2609/335/166 2612/336/167 2565/291/163
f 2609/335/166 2565/291/163 2564/292/49
f 2635/281/23 2636/282/77 2637/283/44
f 2635/281/23 2637/283/44 2638/284/19
f 2639/285/136 2640/286/137 2641/287/138
f 2639/285/136 2641/287/138 2642/288/139
f 2643/289/54 2644/290/41 2645/291/42
f 2643/289/54 2645/291/42 2646/292/73
f 2647/293/138 2648/294/21 2649/295/21
f 2647/293/138 2649/295/21 2650/296/138
f 2651/297/127 2652/298/19 2648/294/21
f 2651/297/127 2648/294/21 2647/293/138
f 2652/298/19 2653/299/19 2654/300/21
f 2652/298/19 2654/300/21 2648/294/21
f 2639/285/136 2655/301/23 2656/302/19
f 2639/285/136 2656/302/19 2640/286/137
f 2655/301/23 2657/303/23 2658/304/19
f 2655/301/23 2658/304/19 2656/302/19
f 2657/303/23 2635/281/23 2638/284/19
f 2657/303/23 2638/284/19 2658/304/19
f 2659/305/139 2660/306/22 2661/307/23
f 2659/305/139 2661/307/23 2662/308/88
f 2660/306/22 2663/309/22 2664/310/23
f 2660/306/22 2664/310/23 2661/307/23
f 2665/311/141 2666/312/142 2667/313/140
f 2665/311/141 2667/313/140 2668/314/73
f 2669/315/143 2668/314/73 2667/313/140
f 2669/315/143 2667/313/140 2670/316/144
f 2660/306/22 2659/305/139 2671/317/139
f 2660/306/22 2671/317/139 2672/318/22
f 2642/288/139 2641/287/138 2673/319/138
f 2642/288/139 2673/319/138 2674/320/139
f 2675/321/141 2676/322/142 2677/323/87
f 2675/321/141 2677/323/87 2678/324/73
f 2679/325/143 2680/326/73 2681/327/147
f 2679/325/143 2681/327/147 2682/328/144
f 2683/329/141 2684/330/142 2681/327/147
f 2683/329/141 2681/327/147 2680/326/73
f 2674/320/139 2673/319/138 2685/331/138
f 2674/320/139 2685/331/138 2686/332/139
f 2687/333/148 2678/324/73 2677/323/87
f 2687/333/148 2677/323/87 2688/334/161
f 2686/332/139 2685/331/138 2687/333/148
f 2686/332/139 2687/333/148 2688/334/161
f 2689/335/143 2690/336/144 2691/337/150
f 2689/335/143 2691/337/150 2692/338/159
f 2692/338/159 2691/337/150 2693/339/152
f 2692/338/159 2693/339/152 2694/340/153
f 2694/340/153 2693/339/152 2695/341/154
f 2694/340/153 2695/341/154 2696/342/158
f 2696/342/158 2695/341/154 2697/343/200
f 2696/342/158 2697/343/200 2698/344/157
f 2698/344/157 2697/343/200 2666/312/142
f 2698/344/157 2666/312/142 2665/311/141
f 2669/315/143 2670/316/144 2699/345/150
f 2669/315/143 2699/345/150 2700/346/159
f 2700/346/159 2699/345/150 2701/347/152
f 2700/346/159 2701/347/152 2702/348/206
f 2702/348/206 2701/347/152 2703/349/154
f 2702/348/206 2703/349/154 2704/350/158
f 2704/350/158 2703/349/154 2705/351/183
f 2704/350/158 2705/351/183 2706/352/157
f 2706/352/157 2705/351/183 2684/330/142
f 2706/352/157 2684/330/142 2683/329/141
f 2679/325/143 2682/328/144 2707/353/210
f 2679/325/143 2707/353/210 2708/354/159
f 2708/354/159 2707/353/210 2709/355/152
f 2708/354/159 2709/355/152 2710/356/153
f 2710/356/153 2709/355/152 2711/357/160
f 2710/356/153 2711/357/160 2712/358/158
f 2712/358/158 2711/357/160 2713/359/156
f 2712/358/158 2713/359/156 2714/360/157
f 2714/360/157 2713/359/156 2676/322/142
f 2714/360/157 2676/322/142 2675/321/141
f 2689/335/143 2646/292/73 2645/291/42
f 2689/335/143 2645/291/42 2690/336/144
f 2715/281/20 2716/284/24 2717/283/107
f 2715/281/20 2717/283/107 2718/282/87
f 2719/285/161 2720/288/139 2721/287/138
f 2719/285/161 2721/287/138 2722/286/57
f 2723/289/52 2724/292/49 2725/291/83
f 2723/289/52 2725/291/83 2726/290/42
f 2727/293/138 2728/296/138 2729/295/21
f 2727/293/138 2729/295/21 2730/294/21
f 2731/297/57 2727/293/138 2730/294/21
f 2731/297/57 2730/294/21 2732/298/24
f 2732/298/24 2730/294/21 2733/300/21
f 2732/298/24 2733/300/21 2734/299/24
f 2719/285/161 2722/286/57 2735/302/24
f 2719/285/161 2735/302/24 2736/301/20
f 2736/301/20 2735/302/24 2737/304/24
f 2736/301/20 2737/304/24 2738/303/20
f 2738/303/20 2737/304/24 2716/284/24
f 2738/303/20 2716/284/24 2715/281/20
f 2739/305/139 2740/308/114 2741/307/20
f 2739/305/139 2741/307/20 2742/306/22
f 2742/306/22 2741/307/20 2743/310/20
f 2742/306/22 2743/310/20 2744/309/22
f 2745/311/164 2746/314/49 2747/313/77
f 2745/311/164 2747/313/77 2748/312/165
f 2749/315/166 2750/316/167 2747/313/77
f 2749/315/166 2747/313/77 2746/314/49
f 2742/306/22 2751/318/22 2752/317/139
f 2742/306/22 2752/317/139 2739/305/139
f 2720/288/139 2753/320/139 2754/319/138
f 2720/288/139 2754/319/138 2721/287/138
f 2755/321/164 2756/324/44 2757/323/36
f 2755/321/164 2757/323/36 2758/322/165
f 2759/325/166 2760/328/167 2761/327/83
f 2759/325/166 2761/327/83 2762/326/49
f 2763/329/164 2762/326/49 2761/327/83
f 2763/329/164 2761/327/83 2764/330/165
f 2753/320/139 2765/332/139 2766/331/138
f 2753/320/139 2766/331/138 2754/319/138
f 2767/333/56 2768/334/168 2757/323/36
f 2767/333/56 2757/323/36 2756/324/44
f 2765/332/139 2768/334/168 2767/333/56
f 2765/332/139 2767/333/56 2766/331/138
f 2769/335/166 2770/338/169 2771/337/170
f 2769/335/166 2771/337/170 2772/336/167
f 2770/338/169 2773/340/171 2774/339/211
f 2770/338/169 2774/339/211 2771/337/170
f 2773/340/171 2775/342/173 2776/341/195
f 2773/340/171 2776/341/195 2774/339/211
f 2775/342/173 2777/344/181 2778/343/176
f 2775/342/173 2778/343/176 2776/341/195
f 2777/344/181 2745/311/164 2748/312/165
f 2777/344/181 2748/312/165 2778/343/176
f 2749/315/166 2779/346/169 2780/345/170
f 2749/315/166 2780/345/170 2750/316/167
f 2779/346/169 2781/348/177 2782/347/172
f 2779/346/169 2782/347/172 2780/345/170
f 2781/348/177 2783/350/173 2784/349/195
f 2781/348/177 2784/349/195 2782/347/172
f 2783/350/173 2785/352/181 2786/351/179
f 2783/350/173 2786/351/179 2784/349/195
f 2785/352/181 2763/329/164 2764/330/165
f 2785/352/181 2764/330/165 2786/351/179
f 2759/325/166 2787/354/169 2788/353/170
f 2759/325/166 2788/353/170 2760/328/167
f 2787/354/169 2789/356/171 2790/355/197
f 2787/354/169 2790/355/197 2788/353/170
f 2789/356/171 2791/358/173 2792/357/212
f 2789/356/171 2792/357/212 2790/355/197
f 2791/358/173 2793/360/181 2794/359/182
f 2791/358/173 2794/359/182 2792/357/212
f 2793/360/181 2755/321/164 2758/322/165
f 2793/360/181 2758/322/165 2794/359/182
f 2769/335/166 2772/336/167 2725/291/83
f 2769/335/166 2725/291/83 2724/292/49
s 0
f 2795/361/21 2796/362/21 2797/363/21
f 2795/361/21 2797/363/21 2798/364/21
f 2799/365/18 2800/366/18 2801/367/18
f 2799/365/18 2801/367/18 2802/368/18
f 2803/369/17 2804/370/17 2805/371/17
f 2803/369/17 2805/371/17 2806/372/17
f 2807/373/9 2808/374/9 2809/375/9
f 2807/373/9 2809/375/9 2810/376/9
f 2811/377/22 2812/378/22 2813/379/22
f 2811/377/22 2813/379/22 2814/380/22
s 1
f 2815/381/213 2816/382/213 2817/383/214
f 2815/381/213 2817/383/214 2818/384/213
f 2819/364/215 2820/385/216 2821/383/216
f 2819/364/215 2821/383/216 2822/382/215
f 2823/373/217 2824/386/217 2825/387/218
f 2823/373/217 2825/387/218 2826/388/218
f 2827/363/219 2828/389/219 2829/390/219
f 2827/363/219 2829/390/219 2830/391/219
f 2831/371/220 2832/392/220 2833/390/220
f 2831/371/220 2833/390/220 2834/389/220
f 2835/374/221 2836/393/221 2837/394/221
f 2835/374/221 2837/394/221 2838/392/221
f 2839/395/222 2840/396/223 2841/397/222
f 2839/395/222 2841/397/222 2842/398/222
f 2843/376/224 2844/399/225 2845/400/225
f 2843/376/224 2845/400/225 2846/401/224
f 2847/377/226 2848/402/226 2849/403/226
f 2847/377/226 2849/403/226 2850/404/226
f 2851/370/227 2852/405/227 2853/406/228
f 2851/370/227 2853/406/228 2854/407/228
f 2855/378/229 2856/408/229 2857/406/229
f 2855/378/229 2857/406/229 2858/405/229
f 2859/375/230 2860/407/230 2861/409/230
f 2859/375/230 2861/409/230 2862/410/230
f 2863/411/231 2864/412/231 2865/413/231
f 2863/411/231 2865/413/231 2866/414/231
f 2867/368/232 2868/415/233 2869/416/232
f 2867/368/232 2869/416/232 2870/417/232
f 2871/361/234 2872/414/235 2873/413/234
f 2871/361/234 2873/413/234 2874/418/234
f 2875/372/236 2876/419/236 2877/420/236
f 2875/372/236 2877/420/236 2878/421/236
f 2879/362/237 2880/422/237 2881/420/237
f 2879/362/237 2881/420/237 2882/419/237
f 2883/367/238 2884/421/238 2885/423/238
f 2883/367/238 2885/423/238 2886/424/238
f 2887/425/239 2888/426/239 2889/427/239
f 2887/425/239 2889/427/239 2890/428/239
f 2891/380/240 2892/429/240 2893/430/241
f 2891/380/240 2893/430/241 2894/431/241
f 2895/365/242 2896/432/242 2897/433/243
f 2895/365/242 2897/433/243 2898/434/243
f 2899/369/244 2900/435/244 2901/436/244
f 2899/369/244 2901/436/244 2902/437/245
f 2903/366/246 2904/438/246 2905/439/246
f 2903/366/246 2905/439/246 2906/435/246
f 2907/379/247 2908/437/247 2909/436/247
f 2907/379/247 2909/436/247 2910/440/248
s 0
f 2911/395/249 2912/381/249 2913/384/249
f 2911/395/249 2913/384/249 2914/396/249
f 2915/401/250 2916/386/250 2917/373/250
f 2915/401/250 2917/373/250 2918/376/250
f 2919/364/251 2920/363/251 2921/391/251
f 2919/364/252 2921/391/252 2922/385/252
f 2923/388/253 2924/393/253 2925/374/253
f 2923/388/253 2925/374/253 2926/373/253
f 2927/371/254 2928/370/254 2929/407/254
f 2927/371/255 2929/407/255 2930/392/255
f 2931/392/256 2932/407/256 2933/375/256
s 1
f 2931/392/256 2933/375/256 2934/374/256
s 0
f 2935/378/257 2936/377/257 2937/404/257
f 2935/378/257 2937/404/257 2938/408/257
f 2939/410/258 2940/399/258 2941/376/258
f 2939/410/259 2941/376/259 2942/375/259
f 2943/425/260 2944/395/260 2945/398/260
f 2943/425/260 2945/398/260 2946/426/260
f 2947/431/261 2948/402/261 2949/377/261
f 2947/431/261 2949/377/261 2950/380/261
f 2951/370/262 2952/369/262 2953/437/262
f 2951/370/262 2953/437/262 2954/405/262
f 2955/405/263 2956/437/263 2957/379/263
f 2955/405/263 2957/379/263 2958/378/263
f 2959/366/264 2960/365/264 2961/434/264
f 2959/366/264 2961/434/264 2962/438/264
f 2963/440/265 2964/429/265 2965/380/265
f 2963/440/265 2965/380/265 2966/379/265
f 2967/411/266 2968/425/266 2969/428/266
f 2967/411/266 2969/428/266 2970/412/266
f 2971/417/267 2972/432/267 2973/365/267
f 2971/417/267 2973/365/267 2974/368/267
f 2975/369/268 2976/372/268 2977/421/268
f 2975/369/269 2977/421/269 2978/435/269
s 1
f 2979/435/270 2980/421/270 2981/367/270
s 0
f 2979/435/270 2981/367/270 2982/366/270
f 2983/362/271 2984/361/271 2985/418/271
f 2983/362/272 2985/418/272 2986/422/272
f 2987/424/273 2988/415/273 2989/368/273
f 2987/424/274 2989/368/274 2990/367/274
f 2991/381/275 2992/411/275 2993/414/275
f 2991/381/275 2993/414/275 2994/382/275
f 2995/382/276 2996/414/276 2997/361/276
f 2995/382/276 2997/361/276 2998/364/276
f 2999/372/277 3000/371/277 3001/389/277
f 2999/372/277 3001/389/277 3002/419/277
f 3003/419/278 3004/389/278 3005/363/278
f 3003/419/278 3005/363/278 3006/362/278
f 3007/395/34 3008/425/34 3009/411/34
f 3007/395/34 3009/411/34 3010/381/34
f 3011/361/21 3012/362/21 3013/363/21
f 3011/361/21 3013/363/21 3014/364/21
f 3015/365/18 3016/366/18 3017/367/18
f 3015/365/18 3017/367/18 3018/368/18
f 3019/369/17 3020/370/17 3021/371/17
f 3019/369/17 3021/371/17 3022/372/17
f 3023/373/9 3024/374/9 3025/375/9
f 3023/373/9 3025/375/9 3026/376/9
f 3027/377/22 3028/378/22 3029/379/22
f 3027/377/22 3029/379/22 3030/380/22
s 1
f 3031/381/279 3032/382/213 3033/383/213
f 3031/381/279 3033/383/213 3034/384/280
f 3035/364/216 3036/385/216 3037/383/216
f 3035/364/216 3037/383/216 3038/382/216
f 3039/373/217 3040/386/217 3041/387/218
f 3039/373/217 3041/387/218 3042/388/218
f 3043/363/219 3044/389/219 3045/390/219
f 3043/363/219 3045/390/219 3046/391/219
f 3047/371/220 3048/392/281 3049/390/281
f 3047/371/220 3049/390/281 3050/389/281
f 3051/374/221 3052/393/221 3053/394/221
f 3051/374/221 3053/394/221 3054/392/221
f 3055/395/222 3056/396/222 3057/397/222
f 3055/395/222 3057/397/222 3058/398/222
f 3059/376/225 3060/399/225 3061/400/225
f 3059/376/225 3061/400/225 3062/401/224
f 3063/377/282 3064/402/226 3065/403/282
f 3063/377/282 3065/403/282 3066/404/226
f 3067/370/228 3068/405/228 3069/406/228
f 3067/370/228 3069/406/228 3070/407/228
f 3071/378/229 3072/408/283 3073/406/284
f 3071/378/229 3073/406/284 3074/405/229
f 3075/375/230 3076/407/230 3077/409/230
f 3075/375/230 3077/409/230 3078/410/230
f 3079/411/231 3080/412/285 3081/413/285
f 3079/411/231 3081/413/285 3082/414/231
f 3083/368/232 3084/415/233 3085/416/232
f 3083/368/232 3085/416/232 3086/417/232
f 3087/361/234 3088/414/234 3089/413/234
f 3087/361/234 3089/413/234 3090/418/234
f 3091/372/286 3092/419/236 3093/420/286
f 3091/372/286 3093/420/286 3094/421/286
f 3095/362/237 3096/422/237 3097/420/237
f 3095/362/237 3097/420/237 3098/419/237
f 3099/367/238 3100/421/238 3101/423/238
f 3099/367/238 3101/423/238 3102/424/238
f 3103/425/239 3104/426/239 3105/427/239
f 3103/425/239 3105/427/239 3106/428/239
f 3107/380/287 3108/429/241 3109/430/241
f 3107/380/287 3109/430/241 3110/431/287
f 3111/365/242 3112/432/242 3113/433/243
f 3111/365/242 3113/433/243 3114/434/243
f 3115/369/244 3116/435/244 3117/436/244
f 3115/369/244 3117/436/244 3118/437/244
f 3119/366/246 3120/438/246 3121/439/246
f 3119/366/246 3121/439/246 3122/435/246
f 3123/379/247 3124/437/248 3125/436/248
f 3123/379/247 3125/436/248 3126/440/248
s 0
f 3127/395/249 3128/381/249 3129/384/249
f 3127/395/249 3129/384/249 3130/396/249
f 3131/401/250 3132/386/250 3133/373/250
s 1
f 3131/401/250 3133/373/250 3134/376/250
s 0
f 3135/364/252 3136/363/252 3137/391/252
f 3135/364/252 3137/391/252 3138/385/252
f 3139/388/253 3140/393/253 3141/374/253
f 3139/388/253 3141/374/253 3142/373/253
f 3143/371/254 3144/370/254 3145/407/254
f 3143/371/254 3145/407/254 3146/392/254
f 3147/392/256 3148/407/256 3149/375/256
f 3147/392/256 3149/375/256 3150/374/256
f 3151/378/257 3152/377/257 3153/404/257
f 3151/378/288 3153/404/288 3154/408/288
f 3155/410/258 3156/399/258 3157/376/258
f 3155/410/258 3157/376/258 3158/375/258
f 3159/425/260 3160/395/260 3161/398/260
f 3159/425/260 3161/398/260 3162/426/260
f 3163/431/261 3164/402/261 3165/377/261
f 3163/431/261 3165/377/261 3166/380/261
f 3167/370/289 3168/369/289 3169/437/289
f 3167/370/289 3169/437/289 3170/405/289
f 3171/405/290 3172/437/290 3173/379/290
s 1
f 3171/405/291 3173/379/291 3174/378/291
s 0
f 3175/366/292 3176/365/292 3177/434/292
f 3175/366/292 3177/434/292 3178/438/292
f 3179/440/265 3180/429/265 3181/380/265
f 3179/440/293 3181/380/293 3182/379/293
f 3183/411/266 3184/425/266 3185/428/266
f 3183/411/266 3185/428/266 3186/412/266
f 3187/417/267 3188/432/267 3189/365/267
s 1
f 3187/417/267 3189/365/267 3190/368/267
s 0
f 3191/369/269 3192/372/269 3193/421/269
f 3191/369/269 3193/421/269 3194/435/269
f 3195/435/270 3196/421/270 3197/367/270
f 3195/435/270 3197/367/270 3198/366/270
f 3199/362/271 3200/361/271 3201/418/271
f 3199/362/271 3201/418/271 3202/422/271
f 3203/424/273 3204/415/273 3205/368/273
f 3203/424/273 3205/368/273 3206/367/273
f 3207/381/275 3208/411/275 3209/414/275
f 3207/381/275 3209/414/275 3210/382/275
f 3211/382/276 3212/414/276 3213/361/276
f 3211/382/276 3213/361/276 3214/364/276
f 3215/372/277 3216/371/277 3217/389/277
f 3215/372/277 3217/389/277 3218/419/277
f 3219/419/278 3220/389/278 3221/363/278
f 3219/419/278 3221/363/278 3222/362/278
f 3223/395/34 3224/425/34 3225/411/34
f 3223/395/34 3225/411/34 3226/381/34
f 3227/361/21 3228/362/21 3229/363/21
f 3227/361/21 3229/363/21 3230/364/21
f 3231/365/18 3232/366/18 3233/367/18
f 3231/365/18 3233/367/18 3234/368/18
f 3235/369/17 3236/370/17 3237/371/17
f 3235/369/17 3237/371/17 3238/372/17
f 3239/373/9 3240/374/9 3241/375/9
f 3239/373/9 3241/375/9 3242/376/9
f 3243/377/22 3244/378/22 3245/379/22
f 3243/377/22 3245/379/22 3246/380/22
s 1
f 3247/381/214 3248/382/213 3249/383/214
f 3247/381/214 3249/383/214 3250/384/213
f 3251/364/215 3252/385/216 3253/383/216
f 3251/364/215 3253/383/216 3254/382/215
f 3255/373/217 3256/386/217 3257/387/217
f 3255/373/217 3257/387/217 3258/388/218
f 3259/363/219 3260/389/219 3261/390/219
f 3259/363/219 3261/390/219 3262/391/219
f 3263/371/220 3264/392/220 3265/390/220
f 3263/371/220 3265/390/220 3266/389/220
f 3267/374/221 3268/393/221 3269/394/221
f 3267/374/221 3269/394/221 3270/392/221
f 3271/395/222 3272/396/222 3273/397/222
f 3271/395/222 3273/397/222 3274/398/222
f 3275/376/224 3276/399/224 3277/400/225
f 3275/376/224 3277/400/225 3278/401/224
f 3279/377/226 3280/402/226 3281/403/226
f 3279/377/226 3281/403/226 3282/404/226
f 3283/370/228 3284/405/227 3285/406/228
f 3283/370/228 3285/406/228 3286/407/227
f 3287/378/229 3288/408/229 3289/406/229
f 3287/378/229 3289/406/229 3290/405/229
f 3291/375/230 3292/407/230 3293/409/230
f 3291/375/230 3293/409/230 3294/410/230
f 3295/411/231 3296/412/231 3297/413/231
f 3295/411/231 3297/413/231 3298/414/231
f 3299/368/232 3300/415/233 3301/416/233
f 3299/368/232 3301/416/233 3302/417/232
f 3303/361/235 3304/414/235 3305/413/234
f 3303/361/235 3305/413/234 3306/418/234
f 3307/372/236 3308/419/236 3309/420/236
f 3307/372/236 3309/420/236 3310/421/236
f 3311/362/237 3312/422/237 3313/420/237
f 3311/362/237 3313/420/237 3314/419/237
f 3315/367/238 3316/421/238 3317/423/238
f 3315/367/238 3317/423/238 3318/424/238
f 3319/425/239 3320/426/239 3321/427/239
f 3319/425/239 3321/427/239 3322/428/239
f 3323/380/241 3324/429/241 3325/430/241
f 3323/380/241 3325/430/241 3326/431/241
f 3327/365/242 3328/432/242 3329/433/243
f 3327/365/242 3329/433/243 3330/434/243
f 3331/369/245 3332/435/244 3333/436/244
f 3331/369/245 3333/436/244 3334/437/245
f 3335/366/246 3336/438/246 3337/439/246
f 3335/366/246 3337/439/246 3338/435/246
f 3339/379/247 3340/437/247 3341/436/247
f 3339/379/247 3341/436/247 3342/440/247
s 0
f 3343/395/249 3344/381/249 3345/384/249
f 3343/395/249 3345/384/249 3346/396/249
f 3347/401/250 3348/386/250 3349/373/250
f 3347/401/250 3349/373/250 3350/376/250
f 3351/364/251 3352/363/251 3353/391/251
f 3351/364/252 3353/391/252 3354/385/252
f 3355/388/294 3356/393/294 3357/374/294
f 3355/388/253 3357/374/253 3358/373/253
f 3359/371/254 3360/370/254 3361/407/254
f 3359/371/255 3361/407/255 3362/392/255
f 3363/392/256 3364/407/256 3365/375/256
f 3363/392/256 3365/375/256 3366/374/256
f 3367/378/257 3368/377/257 3369/404/257
f 3367/378/257 3369/404/257 3370/408/257
f 3371/410/259 3372/399/259 3373/376/259
f 3371/410/259 3373/376/259 3374/375/259
f 3375/425/260 3376/395/260 3377/398/260
f 3375/425/260 3377/398/260 3378/426/260
s 1
f 3379/431/261 3380/402/261 3381/377/261
s 0
f 3379/431/295 3381/377/295 3382/380/295
f 3383/370/262 3384/369/262 3385/437/262
f 3383/370/262 3385/437/262 3386/405/262
f 3387/405/263 3388/437/263 3389/379/263
s 1
f 3387/405/291 3389/379/291 3390/378/291
s 0
f 3391/366/264 3392/365/264 3393/434/264
f 3391/366/264 3393/434/264 3394/438/264
f 3395/440/265 3396/429/265 3397/380/265
f 3395/440/265 3397/380/265 3398/379/265
f 3399/411/266 3400/425/266 3401/428/266
f 3399/411/266 3401/428/266 3402/412/266
f 3403/417/267 3404/432/267 3405/365/267
f 3403/417/267 3405/365/267 3406/368/267
f 3407/369/268 3408/372/268 3409/421/268
f 3407/369/269 3409/421/269 3410/435/269
f 3411/435/270 3412/421/270 3413/367/270
f 3411/435/270 3413/367/270 3414/366/270
f 3415/362/271 3416/361/271 3417/418/271
f 3415/362/272 3417/418/272 3418/422/272
f 3419/424/273 3420/415/273 3421/368/273
f 3419/424/274 3421/368/274 3422/367/274
f 3423/381/275 3424/411/275 3425/414/275
f 3423/381/275 3425/414/275 3426/382/275
f 3427/382/276 3428/414/276 3429/361/276
f 3427/382/276 3429/361/276 3430/364/276
f 3431/372/277 3432/371/277 3433/389/277
f 3431/372/277 3433/389/277 3434/419/277
f 3435/419/278 3436/389/278 3437/363/278
f 3435/419/278 3437/363/278 3438/362/278
f 3439/395/34 3440/425/34 3441/411/34
f 3439/395/34 3441/411/34 3442/381/34
f 3443/361/21 3444/362/21 3445/363/21
f 3443/361/21 3445/363/21 3446/364/21
f 3447/365/18 3448/366/18 3449/367/18
f 3447/365/18 3449/367/18 3450/368/18
f 3451/369/17 3452/370/17 3453/371/17
f 3451/369/17 3453/371/17 3454/372/17
f 3455/373/9 3456/374/9 3457/375/9
f 3455/373/9 3457/375/9 3458/376/9
f 3459/377/22 3460/378/22 3461/379/22
f 3459/377/22 3461/379/22 3462/380/22
s 1
f 3463/381/279 3464/382/213 3465/383/213
f 3463/381/279 3465/383/213 3466/384/279
f 3467/364/216 3468/385/216 3469/383/216
f 3467/364/216 3469/383/216 3470/382/216
f 3471/373/218 3472/386/217 3473/387/217
f 3471/373/218 3473/387/217 3474/388/217
f 3475/363/219 3476/389/219 3477/390/219
f 3475/363/219 3477/390/219 3478/391/219
f 3479/371/281 3480/392/281 3481/390/281
f 3479/371/281 3481/390/281 3482/389/281
f 3483/374/221 3484/393/221 3485/394/221
f 3483/374/221 3485/394/221 3486/392/221
f 3487/395/222 3488/396/222 3489/397/222
f 3487/395/222 3489/397/222 3490/398/222
f 3491/376/224 3492/399/225 3493/400/224
f 3491/376/224 3493/400/224 3494/401/224
f 3495/377/226 3496/402/226 3497/403/282
f 3495/377/226 3497/403/282 3498/404/226
f 3499/370/228 3500/405/228 3501/406/228
f 3499/370/228 3501/406/228 3502/407/228
f 3503/378/283 3504/408/283 3505/406/284
f 3503/378/283 3505/406/284 3506/405/284
f 3507/375/230 3508/407/230 3509/409/230
f 3507/375/230 3509/409/230 3510/410/230
f 3511/411/285 3512/412/296 3513/413/231
f 3511/411/285 3513/413/231 3514/414/231
f 3515/368/232 3516/415/233 3517/416/233
f 3515/368/232 3517/416/233 3518/417/232
f 3519/361/234 3520/414/234 3521/413/234
f 3519/361/234 3521/413/234 3522/418/234
f 3523/372/236 3524/419/286 3525/420/286
f 3523/372/236 3525/420/286 3526/421/286
f 3527/362/237 3528/422/237 3529/420/237
f 3527/362/237 3529/420/237 3530/419/237
f 3531/367/238 3532/421/238 3533/423/238
f 3531/367/238 3533/423/238 3534/424/238
f 3535/425/239 3536/426/239 3537/427/239
f 3535/425/239 3537/427/239 3538/428/239
f 3539/380/287 3540/429/241 3541/430/241
f 3539/380/287 3541/430/241 3542/431/287
f 3543/365/242 3544/432/242 3545/433/243
f 3543/365/242 3545/433/243 3546/434/243
f 3547/369/244 3548/435/244 3549/436/244
f 3547/369/244 3549/436/244 3550/437/244
f 3551/366/246 3552/438/246 3553/439/246
f 3551/366/246 3553/439/246 3554/435/246
f 3555/379/247 3556/437/248 3557/436/248
f 3555/379/247 3557/436/248 3558/440/248
s 0
f 3559/395/249 3560/381/249 3561/384/249
f 3559/395/249 3561/384/249 3562/396/249
f 3563/401/250 3564/386/250 3565/373/250
f 3563/401/250 3565/373/250 3566/376/250
f 3567/364/252 3568/363/252 3569/391/252
f 3567/364/252 3569/391/252 3570/385/252
f 3571/388/253 3572/393/253 3573/374/253
f 3571/388/253 3573/374/253 3574/373/253
f 3575/371/254 3576/370/254 3577/407/254
f 3575/371/254 3577/407/254 3578/392/254
f 3579/392/256 3580/407/256 3581/375/256
f 3579/392/256 3581/375/256 3582/374/256
f 3583/378/257 3584/377/257 3585/404/257
f 3583/378/288 3585/404/288 3586/408/288
f 3587/410/258 3588/399/258 3589/376/258
f 3587/410/258 3589/376/258 3590/375/258
f 3591/425/260 3592/395/260 3593/398/260
f 3591/425/260 3593/398/260 3594/426/260
f 3595/431/261 3596/402/261 3597/377/261
f 3595/431/261 3597/377/261 3598/380/261
f 3599/370/289 3600/369/289 3601/437/289
f 3599/370/289 3601/437/289 3602/405/289
f 3603/405/291 3604/437/291 3605/379/291
s 1
f 3603/405/290 3605/379/290 3606/378/290
s 0
f 3607/366/292 3608/365/292 3609/434/292
f 3607/366/292 3609/434/292 3610/438/292
f 3611/440/265 3612/429/265 3613/380/265
f 3611/440/293 3613/380/293 3614/379/293
f 3615/411/266 3616/425/266 3617/428/266
f 3615/411/266 3617/428/266 3618/412/266
f 3619/417/267 3620/432/267 3621/365/267
f 3619/417/267 3621/365/267 3622/368/267
f 3623/369/269 3624/372/269 3625/421/269
f 3623/369/269 3625/421/269 3626/435/269
f 3627/435/270 3628/421/270 3629/367/270
f 3627/435/270 3629/367/270 3630/366/270
f 3631/362/271 3632/361/271 3633/418/271
f 3631/362/271 3633/418/271 3634/422/271
f 3635/424/273 3636/415/273 3637/368/273
f 3635/424/273 3637/368/273 3638/367/273
f 3639/381/275 3640/411/275 3641/414/275
f 3639/381/275 3641/414/275 3642/382/275
f 3643/382/297 3644/414/297 3645/361/297
s 1
f 3643/382/276 3645/361/276 3646/364/276
s 0
f 3647/372/277 3648/371/277 3649/389/277
f 3647/372/277 3649/389/277 3650/419/277
s 1
f 3651/419/298 3652/389/298 3653/363/298
s 0
f 3651/419/278 3653/363/278 3654/362/278
f 3655/395/34 3656/425/34 3657/411/34
f 3655/395/34 3657/411/34 3658/381/34
f 3659/361/21 3660/362/21 3661/363/21
f 3659/361/21 3661/363/21 3662/364/21
f 3663/365/18 3664/366/18 3665/367/18
f 3663/365/18 3665/367/18 3666/368/18
f 3667/369/17 3668/370/17 3669/371/17
f 3667/369/17 3669/371/17 3670/372/17
f 3671/373/9 3672/374/9 3673/375/9
f 3671/373/9 3673/375/9 3674/376/9
f 3675/377/22 3676/378/22 3677/379/22
f 3675/377/22 3677/379/22 3678/380/22
s 1
f 3679/381/213 3680/382/213 3681/383/213
f 3679/381/213 3681/383/213 3682/384/213
f 3683/364/215 3684/385/216 3685/383/216
f 3683/364/215 3685/383/216 3686/382/215
f 3687/373/217 3688/386/217 3689/387/218
f 3687/373/217 3689/387/218 3690/388/218
f 3691/363/219 3692/389/219 3693/390/219
f 3691/363/219 3693/390/219 3694/391/219
f 3695/371/220 3696/392/220 3697/390/220
f 3695/371/220 3697/390/220 3698/389/220
f 3699/374/221 3700/393/221 3701/394/221
f 3699/374/221 3701/394/221 3702/392/221
f 3703/395/222 3704/396/222 3705/397/222
f 3703/395/222 3705/397/222 3706/398/222
f 3707/376/224 3708/399/225 3709/400/225
f 3707/376/224 3709/400/225 3710/401/224
f 3711/377/226 3712/402/226 3713/403/226
f 3711/377/226 3713/403/226 3714/404/226
f 3715/370/228 3716/405/227 3717/406/228
f 3715/370/228 3717/406/228 3718/407/228
f 3719/378/229 3720/408/229 3721/406/229
f 3719/378/229 3721/406/229 3722/405/229
f 3723/375/230 3724/407/230 3725/409/230
f 3723/375/230 3725/409/230 3726/410/230
f 3727/411/231 3728/412/231 3729/413/231
f 3727/411/231 3729/413/231 3730/414/231
f 3731/368/232 3732/415/232 3733/416/232
f 3731/368/232 3733/416/232 3734/417/232
f 3735/361/234 3736/414/235 3737/413/234
f 3735/361/234 3737/413/234 3738/418/234
f 3739/372/236 3740/419/236 3741/420/236
f 3739/372/236 3741/420/236 3742/421/236
f 3743/362/237 3744/422/237 3745/420/237
f 3743/362/237 3745/420/237 3746/419/237
f 3747/367/238 3748/421/238 3749/423/238
f 3747/367/238 3749/423/238 3750/424/238
f 3751/425/239 3752/426/239 3753/427/239
f 3751/425/239 3753/427/239 3754/428/239
f 3755/380/287 3756/429/241 3757/430/241
f 3755/380/287 3757/430/241 3758/431/241
f 3759/365/242 3760/432/242 3761/433/243
f 3759/365/242 3761/433/243 3762/434/299
f 3763/369/245 3764/435/244 3765/436/244
f 3763/369/245 3765/436/244 3766/437/245
f 3767/366/246 3768/438/246 3769/439/246
f 3767/366/246 3769/439/246 3770/435/246
f 3771/379/247 3772/437/247 3773/436/247
f 3771/379/247 3773/436/247 3774/440/247
s 0
f 3775/395/249 3776/381/249 3777/384/249
f 3775/395/249 3777/384/249 3778/396/249
f 3779/401/250 3780/386/250 3781/373/250
f 3779/401/250 3781/373/250 3782/376/250
f 3783/364/251 3784/363/251 3785/391/251
f 3783/364/252 3785/391/252 3786/385/252
f 3787/388/294 3788/393/294 3789/374/294
f 3787/388/253 3789/374/253 3790/373/253
f 3791/371/254 3792/370/254 3793/407/254
f 3791/371/255 3793/407/255 3794/392/255
f 3795/392/256 3796/407/256 3797/375/256
f 3795/392/256 3797/375/256 3798/374/256
f 3799/378/257 3800/377/257 3801/404/257
f 3799/378/257 3801/404/257 3802/408/257
s 1
f 3803/410/259 3804/399/259 3805/376/259
f 3803/410/259 3805/376/259 3806/375/259
s 0
f 3807/425/260 3808/395/260 3809/398/260
f 3807/425/260 3809/398/260 3810/426/260
f 3811/431/261 3812/402/261 3813/377/261
f 3811/431/261 3813/377/261 3814/380/261
s 1
f 3815/370/262 3816/369/262 3817/437/262
s 0
f 3815/370/262 3817/437/262 3818/405/262
f 3819/405/263 3820/437/263 3821/379/263
f 3819/405/263 3821/379/263 3822/378/263
f 3823/366/264 3824/365/264 3825/434/264
s 1
f 3823/366/264 3825/434/264 3826/438/264
s 0
f 3827/440/265 3828/429/265 3829/380/265
f 3827/440/265 3829/380/265 3830/379/265
f 3831/411/266 3832/425/266 3833/428/266
f 3831/411/266 3833/428/266 3834/412/266
f 3835/417/267 3836/432/267 3837/365/267
f 3835/417/267 3837/365/267 3838/368/267
f 3839/369/268 3840/372/268 3841/421/268
f 3839/369/269 3841/421/269 3842/435/269
f 3843/435/270 3844/421/270 3845/367/270
f 3843/435/270 3845/367/270 3846/366/270
f 3847/362/271 3848/361/271 3849/418/271
f 3847/362/272 3849/418/272 3850/422/272
f 3851/424/273 3852/415/273 3853/368/273
f 3851/424/274 3853/368/274 3854/367/274
f 3855/381/275 3856/411/275 3857/414/275
f 3855/381/275 3857/414/275 3858/382/275
f 3859/382/276 3860/414/276 3861/361/276
f 3859/382/276 3861/361/276 3862/364/276
f 3863/372/277 3864/371/277 3865/389/277
f 3863/372/277 3865/389/277 3866/419/277
f 3867/419/278 3868/389/278 3869/363/278
f 3867/419/278 3869/363/278 3870/362/278
f 3871/395/34 3872/425/34 3873/411/34
f 3871/395/34 3873/411/34 3874/381/34
f 3875/361/21 3876/362/21 3877/363/21
f 3875/361/21 3877/363/21 3878/364/21
f 3879/365/18 3880/366/18 3881/367/18
f 3879/365/18 3881/367/18 3882/368/18
f 3883/369/17 3884/370/17 3885/371/17
f 3883/369/17 3885/371/17 3886/372/17
f 3887/373/9 3888/374/9 3889/375/9
f 3887/373/9 3889/375/9 3890/376/9
f 3891/377/22 3892/378/22 3893/379/22
f 3891/377/22 3893/379/22 3894/380/22
s 1
f 3895/381/213 3896/382/213 3897/383/213
f 3895/381/213 3897/383/213 3898/384/279
f 3899/364/216 3900/385/216 3901/383/216
f 3899/364/216 3901/383/216 3902/382/216
f 3903/373/217 3904/386/217 3905/387/217
f 3903/373/217 3905/387/217 3906/388/218
f 3907/363/219 3908/389/219 3909/390/219
f 3907/363/219 3909/390/219 3910/391/219
f 3911/371/220 3912/392/281 3913/390/281
f 3911/371/220 3913/390/281 3914/389/281
f 3915/374/221 3916/393/221 3917/394/221
f 3915/374/221 3917/394/221 3918/392/221
f 3919/395/222 3920/396/222 3921/397/222
f 3919/395/222 3921/397/222 3922/398/222
f 3923/376/224 3924/399/225 3925/400/224
f 3923/376/224 3925/400/224 3926/401/224
f 3927/377/282 3928/402/282 3929/403/226
f 3927/377/282 3929/403/226 3930/404/226
f 3931/370/228 3932/405/228 3933/406/228
f 3931/370/228 3933/406/228 3934/407/228
f 3935/378/229 3936/408/283 3937/406/284
f 3935/378/229 3937/406/284 3938/405/284
f 3939/375/230 3940/407/230 3941/409/230
f 3939/375/230 3941/409/230 3942/410/230
f 3943/411/285 3944/412/285 3945/413/231
f 3943/411/285 3945/413/231 3946/414/231
f 3947/368/233 3948/415/232 3949/416/232
f 3947/368/233 3949/416/232 3950/417/232
f 3951/361/300 3952/414/234 3953/413/234
f 3951/361/300 3953/413/234 3954/418/234
f 3955/372/286 3956/419/286 3957/420/286
f 3955/372/286 3957/420/286 3958/421/286
f 3959/362/237 3960/422/237 3961/420/237
f 3959/362/237 3961/420/237 3962/419/237
f 3963/367/238 3964/421/238 3965/423/238
f 3963/367/238 3965/423/238 3966/424/238
f 3967/425/239 3968/426/239 3969/427/239
f 3967/425/239 3969/427/239 3970/428/239
f 3971/380/287 3972/429/241 3973/430/241
f 3971/380/287 3973/430/241 3974/431/287
f 3975/365/242 3976/432/242 3977/433/243
f 3975/365/242 3977/433/243 3978/434/243
f 3979/369/244 3980/435/244 3981/436/244
f 3979/369/244 3981/436/244 3982/437/244
f 3983/366/246 3984/438/246 3985/439/246
f 3983/366/246 3985/439/246 3986/435/246
f 3987/379/248 3988/437/248 3989/436/248
f 3987/379/248 3989/436/248 3990/440/301
s 0
f 3991/395/249 3992/381/249 3993/384/249
f 3991/395/249 3993/384/249 3994/396/249
f 3995/401/250 3996/386/250 3997/373/250
f 3995/401/250 3997/373/250 3998/376/250
f 3999/364/252 4000/363/252 4001/391/252
f 3999/364/252 4001/391/252 4002/385/252
f 4003/388/253 4004/393/253 4005/374/253
f 4003/388/253 4005/374/253 4006/373/253
f 4007/371/254 4008/370/254 4009/407/254
f 4007/371/254 4009/407/254 4010/392/254
f 4011/392/256 4012/407/256 4013/375/256
f 4011/392/256 4013/375/256 4014/374/256
f 4015/378/257 4016/377/257 4017/404/257
f 4015/378/288 4017/404/288 4018/408/288
f 4019/410/258 4020/399/258 4021/376/258
f 4019/410/258 4021/376/258 4022/375/258
f 4023/425/260 4024/395/260 4025/398/260
f 4023/425/260 4025/398/260 4026/426/260
f 4027/431/261 4028/402/261 4029/377/261
f 4027/431/261 4029/377/261 4030/380/261
f 4031/370/289 4032/369/289 4033/437/289
f 4031/370/289 4033/437/289 4034/405/289
f 4035/405/290 4036/437/290 4037/379/290
f 4035/405/291 4037/379/291 4038/378/291
f 4039/366/292 4040/365/292 4041/434/292
f 4039/366/292 4041/434/292 4042/438/292
f 4043/440/265 4044/429/265 4045/380/265
f 4043/440/293 4045/380/293 4046/379/293
f 4047/411/266 4048/425/266 4049/428/266
f 4047/411/266 4049/428/266 4050/412/266
f 4051/417/267 4052/432/267 4053/365/267
f 4051/417/267 4053/365/267 4054/368/267
f 4055/369/269 4056/372/269 4057/421/269
f 4055/369/269 4057/421/269 4058/435/269
f 4059/435/270 4060/421/270 4061/367/270
f 4059/435/270 4061/367/270 4062/366/270
f 4063/362/271 4064/361/271 4065/418/271
f 4063/362/271 4065/418/271 4066/422/271
f 4067/424/274 4068/415/274 4069/368/274
f 4067/424/273 4069/368/273 4070/367/273
f 4071/381/275 4072/411/275 4073/414/275
f 4071/381/275 4073/414/275 4074/382/275
f 4075/382/276 4076/414/276 4077/361/276
f 4075/382/276 4077/361/276 4078/364/276
f 4079/372/277 4080/371/277 4081/389/277
f 4079/372/277 4081/389/277 4082/419/277
f 4083/419/278 4084/389/278 4085/363/278
f 4083/419/278 4085/363/278 4086/362/278
f 4087/395/34 4088/425/34 4089/411/34
f 4087/395/34 4089/411/34 4090/381/34
f 4091/361/21 4092/362/21 4093/363/21
f 4091/361/21 4093/363/21 4094/364/21
f 4095/365/18 4096/366/18 4097/367/18
f 4095/365/18 4097/367/18 4098/368/18
f 4099/369/17 4100/370/17 4101/371/17
f 4099/369/17 4101/371/17 4102/372/17
f 4103/373/9 4104/374/9 4105/375/9
f 4103/373/9 4105/375/9 4106/376/9
f 4107/377/22 4108/378/22 4109/379/22
f 4107/377/22 4109/379/22 4110/380/22
s 1
f 4111/381/213 4112/382/213 4113/383/213
f 4111/381/213 4113/383/213 4114/384/213
f 4115/364/216 4116/385/216 4117/383/216
f 4115/364/216 4117/383/216 4118/382/215
f 4119/373/217 4120/386/217 4121/387/217
f 4119/373/217 4121/387/217 4122/388/217
f 4123/363/219 4124/389/219 4125/390/219
f 4123/363/219 4125/390/219 4126/391/219
f 4127/371/220 4128/392/220 4129/390/220
f 4127/371/220 4129/390/220 4130/389/220
f 4131/374/221 4132/393/221 4133/394/221
f 4131/374/221 4133/394/221 4134/392/221
f 4135/395/222 4136/396/222 4137/397/222
f 4135/395/222 4137/397/222 4138/398/222
f 4139/376/224 4140/399/225 4141/400/224
f 4139/376/224 4141/400/224 4142/401/224
f 4143/377/302 4144/402/226 4145/403/226
f 4143/377/302 4145/403/226 4146/404/226
f 4147/370/228 4148/405/227 4149/406/228
f 4147/370/228 4149/406/228 4150/407/227
f 4151/378/229 4152/408/284 4153/406/229
f 4151/378/229 4153/406/229 4154/405/229
f 4155/375/230 4156/407/230 4157/409/230
f 4155/375/230 4157/409/230 4158/410/230
f 4159/411/231 4160/412/231 4161/413/303
f 4159/411/231 4161/413/303 4162/414/231
f 4163/368/232 4164/415/232 4165/416/233
f 4163/368/232 4165/416/233 4166/417/232
f 4167/361/234 4168/414/235 4169/413/234
f 4167/361/234 4169/413/234 4170/418/234
f 4171/372/236 4172/419/236 4173/420/236
f 4171/372/236 4173/420/236 4174/421/236
f 4175/362/237 4176/422/237 4177/420/237
f 4175/362/237 4177/420/237 4178/419/237
f 4179/367/238 4180/421/304 4181/423/238
f 4179/367/238 4181/423/238 4182/424/238
f 4183/425/239 4184/426/239 4185/427/239
f 4183/425/239 4185/427/239 4186/428/305
f 4187/380/240 4188/429/240 4189/430/241
f 4187/380/240 4189/430/241 4190/431/241
f 4191/365/242 4192/432/242 4193/433/242
f 4191/365/242 4193/433/242 4194/434/243
f 4195/369/244 4196/435/244 4197/436/244
f 4195/369/244 4197/436/244 4198/437/245
f 4199/366/246 4200/438/246 4201/439/246
f 4199/366/246 4201/439/246 4202/435/306
f 4203/379/247 4204/437/247 4205/436/247
f 4203/379/247 4205/436/247 4206/440/247
s 0
f 4207/395/249 4208/381/249 4209/384/249
f 4207/395/249 4209/384/249 4210/396/249
f 4211/401/250 4212/386/250 4213/373/250
f 4211/401/250 4213/373/250 4214/376/250
f 4215/364/251 4216/363/251 4217/391/251
f 4215/364/252 4217/391/252 4218/385/252
f 4219/388/294 4220/393/294 4221/374/294
f 4219/388/253 4221/374/253 4222/373/253
f 4223/371/254 4224/370/254 4225/407/254
f 4223/371/255 4225/407/255 4226/392/255
f 4227/392/256 4228/407/256 4229/375/256
f 4227/392/256 4229/375/256 4230/374/256
f 4231/378/257 4232/377/257 4233/404/257
f 4231/378/257 4233/404/257 4234/408/257
s 1
f 4235/410/259 4236/399/259 4237/376/259
s 0
f 4235/410/259 4237/376/259 4238/375/259
f 4239/425/260 4240/395/260 4241/398/260
f 4239/425/260 4241/398/260 4242/426/260
f 4243/431/295 4244/402/295 4245/377/295
f 4243/431/261 4245/377/261 4246/380/261
f 4247/370/262 4248/369/262 4249/437/262
f 4247/370/262 4249/437/262 4250/405/262
f 4251/405/291 4252/437/291 4253/379/291
f 4251/405/263 4253/379/263 4254/378/263
f 4255/366/264 4256/365/264 4257/434/264
f 4255/366/264 4257/434/264 4258/438/264
f 4259/440/265 4260/429/265 4261/380/265
f 4259/440/265 4261/380/265 4262/379/265
f 4263/411/266 4264/425/266 4265/428/266
f 4263/411/266 4265/428/266 4266/412/266
f 4267/417/267 4268/432/267 4269/365/267
f 4267/417/267 4269/365/267 4270/368/267
f 4271/369/268 4272/372/268 4273/421/268
f 4271/369/269 4273/421/269 4274/435/269
f 4275/435/270 4276/421/270 4277/367/270
f 4275/435/270 4277/367/270 4278/366/270
f 4279/362/271 4280/361/271 4281/418/271
f 4279/362/272 4281/418/272 4282/422/272
f 4283/424/273 4284/415/273 4285/368/273
f 4283/424/274 4285/368/274 4286/367/274
f 4287/381/275 4288/411/275 4289/414/275
f 4287/381/275 4289/414/275 4290/382/275
f 4291/382/276 4292/414/276 4293/361/276
f 4291/382/276 4293/361/276 4294/364/276
f 4295/372/277 4296/371/277 4297/389/277
f 4295/372/277 4297/389/277 4298/419/277
f 4299/419/278 4300/389/278 4301/363/278
f 4299/419/278 4301/363/278 4302/362/278
f 4303/395/34 4304/425/34 4305/411/34
f 4303/395/34 4305/411/34 4306/381/34
f 4307/361/21 4308/362/21 4309/363/21
f 4307/361/21 4309/363/21 4310/364/21
f 4311/365/18 4312/366/18 4313/367/18
f 4311/365/18 4313/367/18 4314/368/18
f 4315/369/17 4316/370/17 4317/371/17
f 4315/369/17 4317/371/17 4318/372/17
f 4319/373/9 4320/374/9 4321/375/9
f 4319/373/9 4321/375/9 4322/376/9
f 4323/377/22 4324/378/22 4325/379/22
f 4323/377/22 4325/379/22 4326/380/22
s 1
f 4327/381/213 4328/382/213 4329/383/213
f 4327/381/213 4329/383/213 4330/384/279
f 4331/364/307 4332/385/307 4333/383/216
f 4331/364/307 4333/383/216 4334/382/216
f 4335/373/217 4336/386/217 4337/387/218
f 4335/373/217 4337/387/218 4338/388/218
f 4339/363/219 4340/389/219 4341/390/219
f 4339/363/219 4341/390/219 4342/391/219
f 4343/371/220 4344/392/281 4345/390/281
f 4343/371/220 4345/390/281 4346/389/281
f 4347/374/221 4348/393/221 4349/394/221
f 4347/374/221 4349/394/221 4350/392/221
f 4351/395/222 4352/396/222 4353/397/222
f 4351/395/222 4353/397/222 4354/398/222
f 4355/376/224 4356/399/225 4357/400/225
f 4355/376/224 4357/400/225 4358/401/224
f 4359/377/282 4360/402/282 4361/403/226
f 4359/377/282 4361/403/226 4362/404/226
f 4363/370/228 4364/405/228 4365/406/228
f 4363/370/228 4365/406/228 4366/407/228
f 4367/378/229 4368/408/284 4369/406/284
f 4367/378/229 4369/406/284 4370/405/284
f 4371/375/230 4372/407/230 4373/409/230
f 4371/375/230 4373/409/230 4374/410/230
f 4375/411/231 4376/412/231 4377/413/285
f 4375/411/231 4377/413/285 4378/414/231
f 4379/368/232 4380/415/233 4381/416/232
f 4379/368/232 4381/416/232 4382/417/232
f 4383/361/234 4384/414/234 4385/413/234
f 4383/361/234 4385/413/234 4386/418/234
f 4387/372/236 4388/419/286 4389/420/286
f 4387/372/236 4389/420/286 4390/421/286
f 4391/362/237 4392/422/237 4393/420/237
f 4391/362/237 4393/420/237 4394/419/237
f 4395/367/238 4396/421/238 4397/423/238
f 4395/367/238 4397/423/238 4398/424/238
f 4399/425/239 4400/426/239 4401/427/239
f 4399/425/239 4401/427/239 4402/428/239
f 4403/380/287 4404/429/241 4405/430/241
f 4403/380/287 4405/430/241 4406/431/287
f 4407/365/242 4408/432/242 4409/433/242
f 4407/365/242 4409/433/242 4410/434/243
f 4411/369/244 4412/435/244 4413/436/244
f 4411/369/244 4413/436/244 4414/437/244
f 4415/366/246 4416/438/246 4417/439/246
f 4415/366/246 4417/439/246 4418/435/306
f 4419/379/248 4420/437/248 4421/436/248
f 4419/379/248 4421/436/248 4422/440/301
s 0
f 4423/395/249 4424/381/249 4425/384/249
f 4423/395/249 4425/384/249 4426/396/249
f 4427/401/250 4428/386/250 4429/373/250
f 4427/401/250 4429/373/250 4430/376/250
f 4431/364/252 4432/363/252 4433/391/252
f 4431/364/252 4433/391/252 4434/385/252
f 4435/388/294 4436/393/294 4437/374/294
f 4435/388/253 4437/374/253 4438/373/253
f 4439/371/254 4440/370/254 4441/407/254
f 4439/371/254 4441/407/254 4442/392/254
f 4443/392/256 4444/407/256 4445/375/256
f 4443/392/256 4445/375/256 4446/374/256
f 4447/378/257 4448/377/257 4449/404/257
f 4447/378/288 4449/404/288 4450/408/288
f 4451/410/258 4452/399/258 4453/376/258
f 4451/410/258 4453/376/258 4454/375/258
f 4455/425/260 4456/395/260 4457/398/260
f 4455/425/260 4457/398/260 4458/426/260
f 4459/431/261 4460/402/261 4461/377/261
f 4459/431/261 4461/377/261 4462/380/261
f 4463/370/289 4464/369/289 4465/437/289
f 4463/370/289 4465/437/289 4466/405/289
f 4467/405/291 4468/437/291 4469/379/291
s 1
f 4467/405/290 4469/379/290 4470/378/290
s 0
f 4471/366/292 4472/365/292 4473/434/292
f 4471/366/292 4473/434/292 4474/438/292
f 4475/440/265 4476/429/265 4477/380/265
f 4475/440/293 4477/380/293 4478/379/293
f 4479/411/266 4480/425/266 4481/428/266
f 4479/411/266 4481/428/266 4482/412/266
f 4483/417/267 4484/432/267 4485/365/267
f 4483/417/267 4485/365/267 4486/368/267
f 4487/369/269 4488/372/269 4489/421/269
f 4487/369/269 4489/421/269 4490/435/269
f 4491/435/270 4492/421/270 4493/367/270
f 4491/435/270 4493/367/270 4494/366/270
f 4495/362/271 4496/361/271 4497/418/271
f 4495/362/271 4497/418/271 4498/422/271
f 4499/424/273 4500/415/273 4501/368/273
f 4499/424/274 4501/368/274 4502/367/274
f 4503/381/275 4504/411/275 4505/414/275
f 4503/381/275 4505/414/275 4506/382/275
f 4507/382/297 4508/414/297 4509/361/297
f 4507/382/276 4509/361/276 4510/364/276
f 4511/372/277 4512/371/277 4513/389/277
f 4511/372/277 4513/389/277 4514/419/277
f 4515/419/298 4516/389/298 4517/363/298
f 4515/419/278 4517/363/278 4518/362/278
f 4519/395/34 4520/425/34 4521/411/34
f 4519/395/34 4521/411/34 4522/381/34
f 4523/361/18 4524/362/18 4525/363/18
f 4523/361/18 4525/363/18 4526/364/18
f 4527/365/22 4528/366/22 4529/367/22
f 4527/365/22 4529/367/22 4530/368/22
f 4531/369/17 4532/370/17 4533/371/17
f 4531/369/17 4533/371/17 4534/372/17
f 4535/373/21 4536/374/21 4537/375/21
f 4535/373/21 4537/375/21 4538/376/21
f 4539/377/9 4540/378/9 4541/379/9
f 4539/377/9 4541/379/9 4542/380/9
s 1
f 4543/381/308 4544/382/308 4545/383/308
f 4543/381/308 4545/383/308 4546/384/309
f 4547/364/310 4548/385/311 4549/383/311
f 4547/364/310 4549/383/311 4550/382/312
f 4551/373/313 4552/386/313 4553/387/313
f 4551/373/313 4553/387/313 4554/388/313
f 4555/363/314 4556/389/315 4557/390/314
f 4555/363/314 4557/390/314 4558/391/314
f 4559/371/316 4560/392/317 4561/390/316
f 4559/371/316 4561/390/316 4562/389/316
f 4563/374/318 4564/393/318 4565/394/318
f 4563/374/318 4565/394/318 4566/392/318
f 4567/395/319 4568/396/320 4569/397/320
f 4567/395/319 4569/397/320 4570/398/319
f 4571/376/321 4572/399/321 4573/400/321
f 4571/376/321 4573/400/321 4574/401/321
f 4575/377/322 4576/402/322 4577/403/322
f 4575/377/322 4577/403/322 4578/404/323
f 4579/370/324 4580/405/325 4581/406/325
f 4579/370/324 4581/406/325 4582/407/325
f 4583/378/326 4584/408/326 4585/406/326
f 4583/378/326 4585/406/326 4586/405/326
f 4587/375/327 4588/407/327 4589/409/327
f 4587/375/327 4589/409/327 4590/410/327
f 4591/411/328 4592/412/329 4593/413/329
f 4591/411/328 4593/413/329 4594/414/329
f 4595/368/330 4596/415/331 4597/416/330
f 4595/368/330 4597/416/330 4598/417/330
f 4599/361/332 4600/414/332 4601/413/332
f 4599/361/332 4601/413/332 4602/418/332
f 4603/372/333 4604/419/333 4605/420/333
f 4603/372/333 4605/420/333 4606/421/334
f 4607/362/335 4608/422/335 4609/420/335
f 4607/362/335 4609/420/335 4610/419/335
f 4611/367/336 4612/421/336 4613/423/336
f 4611/367/336 4613/423/336 4614/424/336
f 4615/425/337 4616/426/337 4617/427/338
f 4615/425/337 4617/427/338 4618/428/338
f 4619/380/339 4620/429/339 4621/430/340
f 4619/380/339 4621/430/340 4622/431/340
f 4623/365/341 4624/432/341 4625/433/341
f 4623/365/341 4625/433/341 4626/434/342
f 4627/369/343 4628/435/343 4629/436/343
f 4627/369/343 4629/436/343 4630/437/344
f 4631/366/345 4632/438/345 4633/439/345
f 4631/366/345 4633/439/345 4634/435/345
f 4635/379/346 4636/437/346 4637/436/346
f 4635/379/346 4637/436/346 4638/440/346
s 0
f 4639/395/347 4640/381/347 4641/384/347
f 4639/395/347 4641/384/347 4642/396/347
f 4643/401/348 4644/386/348 4645/373/348
f 4643/401/348 4645/373/348 4646/376/348
f 4647/364/349 4648/363/349 4649/391/349
f 4647/364/350 4649/391/350 4650/385/350
f 4651/388/351 4652/393/351 4653/374/351
f 4651/388/351 4653/374/351 4654/373/351
f 4655/371/352 4656/370/352 4657/407/352
f 4655/371/352 4657/407/352 4658/392/352
f 4659/392/353 4660/407/353 4661/375/353
f 4659/392/353 4661/375/353 4662/374/353
f 4663/378/354 4664/377/354 4665/404/354
f 4663/378/354 4665/404/354 4666/408/354
f 4667/410/355 4668/399/355 4669/376/355
f 4667/410/355 4669/376/355 4670/375/355
f 4671/425/356 4672/395/356 4673/398/356
f 4671/425/356 4673/398/356 4674/426/356
f 4675/431/357 4676/402/357 4677/377/357
f 4675/431/357 4677/377/357 4678/380/357
f 4679/370/358 4680/369/358 4681/437/358
f 4679/370/358 4681/437/358 4682/405/358
f 4683/405/359 4684/437/359 4685/379/359
f 4683/405/359 4685/379/359 4686/378/359
f 4687/366/360 4688/365/360 4689/434/360
f 4687/366/360 4689/434/360 4690/438/360
f 4691/440/361 4692/429/361 4693/380/361
f 4691/440/361 4693/380/361 4694/379/361
f 4695/411/362 4696/425/362 4697/428/362
f 4695/411/362 4697/428/362 4698/412/362
f 4699/417/363 4700/432/363 4701/365/363
f 4699/417/363 4701/365/363 4702/368/363
f 4703/369/364 4704/372/364 4705/421/364
f 4703/369/364 4705/421/364 4706/435/364
f 4707/435/365 4708/421/365 4709/367/365
f 4707/435/365 4709/367/365 4710/366/365
f 4711/362/366 4712/361/366 4713/418/366
f 4711/362/366 4713/418/366 4714/422/366
f 4715/424/367 4716/415/367 4717/368/367
f 4715/424/367 4717/368/367 4718/367/367
f 4719/381/368 4720/411/368 4721/414/368
f 4719/381/368 4721/414/368 4722/382/368
f 4723/382/369 4724/414/369 4725/361/369
f 4723/382/369 4725/361/369 4726/364/369
f 4727/372/370 4728/371/370 4729/389/370
f 4727/372/370 4729/389/370 4730/419/370
f 4731/419/371 4732/389/371 4733/363/371
f 4731/419/371 4733/363/371 4734/362/371
f 4735/395/34 4736/425/34 4737/411/34
f 4735/395/34 4737/411/34 4738/381/34
f 4739/361/18 4740/362/18 4741/363/18
f 4739/361/18 4741/363/18 4742/364/18
f 4743/365/22 4744/366/22 4745/367/22
f 4743/365/22 4745/367/22 4746/368/22
f 4747/369/17 4748/370/17 4749/371/17
f 4747/369/17 4749/371/17 4750/372/17
f 4751/373/21 4752/374/21 4753/375/21
f 4751/373/21 4753/375/21 4754/376/21
f 4755/377/9 4756/378/9 4757/379/9
f 4755/377/9 4757/379/9 4758/380/9
s 1
f 4759/381/308 4760/382/308 4761/383/308
f 4759/381/308 4761/383/308 4762/384/308
f 4763/364/312 4764/385/311 4765/383/311
f 4763/364/312 4765/383/311 4766/382/311
f 4767/373/313 4768/386/313 4769/387/313
f 4767/373/313 4769/387/313 4770/388/313
f 4771/363/315 4772/389/315 4773/390/315
f 4771/363/315 4773/390/315 4774/391/315
f 4775/371/316 4776/392/317 4777/390/316
f 4775/371/316 4777/390/316 4778/389/316
f 4779/374/318 4780/393/318 4781/394/318
f 4779/374/318 4781/394/318 4782/392/372
f 4783/395/319 4784/396/319 4785/397/319
f 4783/395/319 4785/397/319 4786/398/319
f 4787/376/321 4788/399/321 4789/400/321
f 4787/376/321 4789/400/321 4790/401/321
f 4791/377/323 4792/402/322 4793/403/322
f 4791/377/323 4793/403/322 4794/404/323
f 4795/370/325 4796/405/324 4797/406/325
f 4795/370/325 4797/406/325 4798/407/325
f 4799/378/326 4800/408/326 4801/406/326
f 4799/378/326 4801/406/326 4802/405/326
f 4803/375/327 4804/407/327 4805/409/327
f 4803/375/327 4805/409/327 4806/410/327
f 4807/411/328 4808/412/373 4809/413/328
f 4807/411/328 4809/413/328 4810/414/328
f 4811/368/331 4812/415/331 4813/416/331
f 4811/368/331 4813/416/331 4814/417/330
f 4815/361/374 4816/414/374 4817/413/332
f 4815/361/374 4817/413/332 4818/418/332
f 4819/372/334 4820/419/334 4821/420/334
f 4819/372/334 4821/420/334 4822/421/333
f 4823/362/335 4824/422/335 4825/420/375
f 4823/362/335 4825/420/375 4826/419/335
f 4827/367/336 4828/421/336 4829/423/336
f 4827/367/336 4829/423/336 4830/424/336
f 4831/425/337 4832/426/337 4833/427/376
f 4831/425/337 4833/427/376 4834/428/376
f 4835/380/340 4836/429/340 4837/430/340
f 4835/380/340 4837/430/340 4838/431/340
f 4839/365/342 4840/432/341 4841/433/341
f 4839/365/342 4841/433/341 4842/434/342
f 4843/369/344 4844/435/343 4845/436/343
f 4843/369/344 4845/436/343 4846/437/343
f 4847/366/345 4848/438/345 4849/439/345
f 4847/366/345 4849/439/345 4850/435/345
f 4851/379/346 4852/437/346 4853/436/346
f 4851/379/346 4853/436/346 4854/440/346
s 0
f 4855/395/377 4856/381/377 4857/384/377
f 4855/395/377 4857/384/377 4858/396/377
f 4859/401/348 4860/386/348 4861/373/348
f 4859/401/348 4861/373/348 4862/376/348
f 4863/364/349 4864/363/349 4865/391/349
f 4863/364/378 4865/391/378 4866/385/378
f 4867/388/379 4868/393/379 4869/374/379
f 4867/388/379 4869/374/379 4870/373/379
f 4871/371/352 4872/370/352 4873/407/352
f 4871/371/352 4873/407/352 4874/392/352
f 4875/392/353 4876/407/353 4877/375/353
f 4875/392/353 4877/375/353 4878/374/353
f 4879/378/354 4880/377/354 4881/404/354
f 4879/378/354 4881/404/354 4882/408/354
f 4883/410/355 4884/399/355 4885/376/355
f 4883/410/355 4885/376/355 4886/375/355
f 4887/425/356 4888/395/356 4889/398/356
f 4887/425/356 4889/398/356 4890/426/356
f 4891/431/357 4892/402/357 4893/377/357
f 4891/431/357 4893/377/357 4894/380/357
f 4895/370/358 4896/369/358 4897/437/358
f 4895/370/358 4897/437/358 4898/405/358
f 4899/405/359 4900/437/359 4901/379/359
f 4899/405/359 4901/379/359 4902/378/359
f 4903/366/360 4904/365/360 4905/434/360
f 4903/366/360 4905/434/360 4906/438/360
f 4907/440/361 4908/429/361 4909/380/361
f 4907/440/361 4909/380/361 4910/379/361
f 4911/411/362 4912/425/362 4913/428/362
f 4911/411/362 4913/428/362 4914/412/362
f 4915/417/363 4916/432/363 4917/365/363
f 4915/417/363 4917/365/363 4918/368/363
f 4919/369/380 4920/372/380 4921/421/380
f 4919/369/380 4921/421/380 4922/435/380
f 4923/435/365 4924/421/365 4925/367/365
f 4923/435/365 4925/367/365 4926/366/365
f 4927/362/366 4928/361/366 4929/418/366
f 4927/362/381 4929/418/381 4930/422/381
f 4931/424/367 4932/415/367 4933/368/367
f 4931/424/367 4933/368/367 4934/367/367
f 4935/381/368 4936/411/368 4937/414/368
f 4935/381/368 4937/414/368 4938/382/368
f 4939/382/369 4940/414/369 4941/361/369
f 4939/382/369 4941/361/369 4942/364/369
f 4943/372/370 4944/371/370 4945/389/370
f 4943/372/370 4945/389/370 4946/419/370
f 4947/419/371 4948/389/371 4949/363/371
f 4947/419/371 4949/363/371 4950/362/371
f 4951/395/34 4952/425/34 4953/411/34
f 4951/395/34 4953/411/34 4954/381/34
f 4955/361/18 4956/362/18 4957/363/18
f 4955/361/18 4957/363/18 4958/364/18
f 4959/365/22 4960/366/22 4961/367/22
f 4959/365/22 4961/367/22 4962/368/22
f 4963/369/17 4964/370/17 4965/371/17
f 4963/369/17 4965/371/17 4966/372/17
f 4967/373/21 4968/374/21 4969/375/21
f 4967/373/21 4969/375/21 4970/376/21
f 4971/377/9 4972/378/9 4973/379/9
f 4971/377/9 4973/379/9 4974/380/9
s 1
f 4975/381/382 4976/382/308 4977/383/308
f 4975/381/382 4977/383/308 4978/384/382
f 4979/364/312 4980/385/311 4981/383/311
f 4979/364/312 4981/383/311 4982/382/311
f 4983/373/313 4984/386/383 4985/387/313
f 4983/373/313 4985/387/313 4986/388/313
f 4987/363/315 4988/389/315 4989/390/315
f 4987/363/315 4989/390/315 4990/391/314
f 4991/371/317 4992/392/316 4993/390/316
f 4991/371/317 4993/390/316 4994/389/317
f 4995/374/318 4996/393/318 4997/394/318
f 4995/374/318 4997/394/318 4998/392/318
f 4999/395/319 5000/396/320 5001/397/319
f 4999/395/319 5001/397/319 5002/398/319
f 5003/376/321 5004/399/321 5005/400/321
f 5003/376/321 5005/400/321 5006/401/384
f 5007/377/322 5008/402/322 5009/403/322
f 5007/377/322 5009/403/322 5010/404/323
f 5011/370/324 5012/405/325 5013/406/325
f 5011/370/324 5013/406/325 5014/407/325
f 5015/378/326 5016/408/326 5017/406/326
f 5015/378/326 5017/406/326 5018/405/326
f 5019/375/327 5020/407/327 5021/409/327
f 5019/375/327 5021/409/327 5022/410/327
f 5023/411/328 5024/412/373 5025/413/328
f 5023/411/328 5025/413/328 5026/414/328
f 5027/368/331 5028/415/331 5029/416/331
f 5027/368/331 5029/416/331 5030/417/330
f 5031/361/374 5032/414/374 5033/413/374
f 5031/361/374 5033/413/374 5034/418/374
f 5035/372/334 5036/419/334 5037/420/334
f 5035/372/334 5037/420/334 5038/421/333
f 5039/362/335 5040/422/335 5041/420/335
f 5039/362/335 5041/420/335 5042/419/335
f 5043/367/336 5044/421/336 5045/423/336
f 5043/367/336 5045/423/336 5046/424/336
f 5047/425/337 5048/426/337 5049/427/376
f 5047/425/337 5049/427/376 5050/428/376
f 5051/380/340 5052/429/339 5053/430/340
f 5051/380/340 5053/430/340 5054/431/340
f 5055/365/342 5056/432/341 5057/433/342
f 5055/365/342 5057/433/342 5058/434/342
f 5059/369/343 5060/435/343 5061/436/343
f 5059/369/343 5061/436/343 5062/437/343
f 5063/366/345 5064/438/345 5065/439/345
f 5063/366/345 5065/439/345 5066/435/345
f 5067/379/346 5068/437/346 5069/436/346
f 5067/379/346 5069/436/346 5070/440/346
s 0
f 5071/395/347 5072/381/347 5073/384/347
f 5071/395/347 5073/384/347 5074/396/347
f 5075/401/348 5076/386/348 5077/373/348
f 5075/401/348 5077/373/348 5078/376/348
f 5079/364/349 5080/363/349 5081/391/349
f 5079/364/349 5081/391/349 5082/385/349
f 5083/388/379 5084/393/379 5085/374/379
f 5083/388/379 5085/374/379 5086/373/379
f 5087/371/352 5088/370/352 5089/407/352
f 5087/371/352 5089/407/352 5090/392/352
f 5091/392/353 5092/407/353 5093/375/353
f 5091/392/353 5093/375/353 5094/374/353
f 5095/378/354 5096/377/354 5097/404/354
f 5095/378/354 5097/404/354 5098/408/354
f 5099/410/355 5100/399/355 5101/376/355
f 5099/410/355 5101/376/355 5102/375/355
f 5103/425/356 5104/395/356 5105/398/356
f 5103/425/356 5105/398/356 5106/426/356
f 5107/431/357 5108/402/357 5109/377/357
f 5107/431/357 5109/377/357 5110/380/357
f 5111/370/358 5112/369/358 5113/437/358
f 5111/370/358 5113/437/358 5114/405/358
f 5115/405/359 5116/437/359 5117/379/359
f 5115/405/359 5117/379/359 5118/378/359
f 5119/366/360 5120/365/360 5121/434/360
f 5119/366/360 5121/434/360 5122/438/360
f 5123/440/361 5124/429/361 5125/380/361
f 5123/440/361 5125/380/361 5126/379/361
f 5127/411/362 5128/425/362 5129/428/362
f 5127/411/362 5129/428/362 5130/412/362
f 5131/417/363 5132/432/363 5133/365/363
f 5131/417/363 5133/365/363 5134/368/363
f 5135/369/380 5136/372/380 5137/421/380
f 5135/369/380 5137/421/380 5138/435/380
f 5139/435/365 5140/421/365 5141/367/365
f 5139/435/365 5141/367/365 5142/366/365
f 5143/362/366 5144/361/366 5145/418/366
f 5143/362/366 5145/418/366 5146/422/366
f 5147/424/367 5148/415/367 5149/368/367
f 5147/424/367 5149/368/367 5150/367/367
f 5151/381/368 5152/411/368 5153/414/368
f 5151/381/368 5153/414/368 5154/382/368
f 5155/382/369 5156/414/369 5157/361/369
f 5155/382/369 5157/361/369 5158/364/369
f 5159/372/370 5160/371/370 5161/389/370
f 5159/372/370 5161/389/370 5162/419/370
f 5163/419/371 5164/389/371 5165/363/371
f 5163/419/371 5165/363/371 5166/362/371
f 5167/395/34 5168/425/34 5169/411/34
f 5167/395/34 5169/411/34 5170/381/34
f 5171/361/18 5172/362/18 5173/363/18
f 5171/361/18 5173/363/18 5174/364/18
f 5175/365/22 5176/366/22 5177/367/22
f 5175/365/22 5177/367/22 5178/368/22
f 5179/369/17 5180/370/17 5181/371/17
f 5179/369/17 5181/371/17 5182/372/17
f 5183/373/21 5184/374/21 5185/375/21
f 5183/373/21 5185/375/21 5186/376/21
f 5187/377/9 5188/378/9 5189/379/9
f 5187/377/9 5189/379/9 5190/380/9
s 1
f 5191/381/308 5192/382/308 5193/383/309
f 5191/381/308 5193/383/309 5194/384/309
f 5195/364/312 5196/385/312 5197/383/311
f 5195/364/312 5197/383/311 5198/382/312
f 5199/373/313 5200/386/313 5201/387/313
f 5199/373/313 5201/387/313 5202/388/313
f 5203/363/315 5204/389/315 5205/390/314
f 5203/363/315 5205/390/314 5206/391/314
f 5207/371/316 5208/392/316 5209/390/316
f 5207/371/316 5209/390/316 5210/389/317
f 5211/374/318 5212/393/318 5213/394/318
f 5211/374/318 5213/394/318 5214/392/318
f 5215/395/320 5216/396/320 5217/397/320
f 5215/395/320 5217/397/320 5218/398/320
f 5219/376/321 5220/399/321 5221/400/321
f 5219/376/321 5221/400/321 5222/401/321
f 5223/377/322 5224/402/322 5225/403/322
f 5223/377/322 5225/403/322 5226/404/322
f 5227/370/324 5228/405/325 5229/406/325
f 5227/370/324 5229/406/325 5230/407/325
f 5231/378/326 5232/408/326 5233/406/326
f 5231/378/326 5233/406/326 5234/405/326
f 5235/375/327 5236/407/327 5237/409/327
f 5235/375/327 5237/409/327 5238/410/327
f 5239/411/328 5240/412/373 5241/413/328
f 5239/411/328 5241/413/328 5242/414/328
f 5243/368/331 5244/415/385 5245/416/331
f 5243/368/331 5245/416/331 5246/417/330
f 5247/361/374 5248/414/374 5249/413/332
f 5247/361/374 5249/413/332 5250/418/332
f 5251/372/334 5252/419/334 5253/420/334
f 5251/372/334 5253/420/334 5254/421/333
f 5255/362/335 5256/422/335 5257/420/375
f 5255/362/335 5257/420/375 5258/419/335
f 5259/367/336 5260/421/336 5261/423/336
f 5259/367/336 5261/423/336 5262/424/336
f 5263/425/337 5264/426/337 5265/427/337
f 5263/425/337 5265/427/337 5266/428/376
f 5267/380/340 5268/429/340 5269/430/340
f 5267/380/340 5269/430/340 5270/431/340
f 5271/365/342 5272/432/341 5273/433/342
f 5271/365/342 5273/433/342 5274/434/342
f 5275/369/343 5276/435/344 5277/436/343
f 5275/369/343 5277/436/343 5278/437/344
f 5279/366/345 5280/438/345 5281/439/345
f 5279/366/345 5281/439/345 5282/435/345
f 5283/379/346 5284/437/346 5285/436/346
f 5283/379/346 5285/436/346 5286/440/346
s 0
f 5287/395/347 5288/381/347 5289/384/347
f 5287/395/347 5289/384/347 5290/396/347
f 5291/401/348 5292/386/348 5293/373/348
f 5291/401/348 5293/373/348 5294/376/348
f 5295/364/349 5296/363/349 5297/391/349
f 5295/364/378 5297/391/378 5298/385/378
f 5299/388/379 5300/393/379 5301/374/379
f 5299/388/379 5301/374/379 5302/373/379
f 5303/371/352 5304/370/352 5305/407/352
f 5303/371/352 5305/407/352 5306/392/352
f 5307/392/353 5308/407/353 5309/375/353
f 5307/392/353 5309/375/353 5310/374/353
f 5311/378/354 5312/377/354 5313/404/354
f 5311/378/354 5313/404/354 5314/408/354
f 5315/410/355 5316/399/355 5317/376/355
f 5315/410/355 5317/376/355 5318/375/355
f 5319/425/356 5320/395/356 5321/398/356
f 5319/425/356 5321/398/356 5322/426/356
f 5323/431/357 5324/402/357 5325/377/357
f 5323/431/357 5325/377/357 5326/380/357
f 5327/370/358 5328/369/358 5329/437/358
f 5327/370/358 5329/437/358 5330/405/358
f 5331/405/359 5332/437/359 5333/379/359
f 5331/405/359 5333/379/359 5334/378/359
f 5335/366/360 5336/365/360 5337/434/360
f 5335/366/360 5337/434/360 5338/438/360
f 5339/440/361 5340/429/361 5341/380/361
f 5339/440/361 5341/380/361 5342/379/361
f 5343/411/362 5344/425/362 5345/428/362
f 5343/411/362 5345/428/362 5346/412/362
f 5347/417/363 5348/432/363 5349/365/363
f 5347/417/363 5349/365/363 5350/368/363
f 5351/369/380 5352/372/380 5353/421/380
f 5351/369/380 5353/421/380 5354/435/380
f 5355/435/365 5356/421/365 5357/367/365
f 5355/435/365 5357/367/365 5358/366/365
f 5359/362/366 5360/361/366 5361/418/366
f 5359/362/381 5361/418/381 5362/422/381
f 5363/424/367 5364/415/367 5365/368/367
f 5363/424/367 5365/368/367 5366/367/367
f 5367/381/368 5368/411/368 5369/414/368
f 5367/381/368 5369/414/368 5370/382/368
f 5371/382/369 5372/414/369 5373/361/369
f 5371/382/369 5373/361/369 5374/364/369
f 5375/372/370 5376/371/370 5377/389/370
f 5375/372/370 5377/389/370 5378/419/370
f 5379/419/371 5380/389/371 5381/363/371
f 5379/419/371 5381/363/371 5382/362/371
f 5383/395/34 5384/425/34 5385/411/34
f 5383/395/34 5385/411/34 5386/381/34
f 5387/361/18 5388/362/18 5389/363/18
f 5387/361/18 5389/363/18 5390/364/18
f 5391/365/22 5392/366/22 5393/367/22
f 5391/365/22 5393/367/22 5394/368/22
f 5395/369/17 5396/370/17 5397/371/17
f 5395/369/17 5397/371/17 5398/372/17
f 5399/373/21 5400/374/21 5401/375/21
f 5399/373/21 5401/375/21 5402/376/21
f 5403/377/9 5404/378/9 5405/379/9
f 5403/377/9 5405/379/9 5406/380/9
s 1
f 5407/381/308 5408/382/308 5409/383/309
f 5407/381/308 5409/383/309 5410/384/309
f 5411/364/311 5412/385/311 5413/383/311
f 5411/364/311 5413/383/311 5414/382/311
f 5415/373/313 5416/386/383 5417/387/383
f 5415/373/313 5417/387/383 5418/388/313
f 5419/363/315 5420/389/315 5421/390/315
f 5419/363/315 5421/390/315 5422/391/315
f 5423/371/317 5424/392/317 5425/390/317
f 5423/371/317 5425/390/317 5426/389/317
f 5427/374/318 5428/393/318 5429/394/318
f 5427/374/318 5429/394/318 5430/392/318
f 5431/395/319 5432/396/320 5433/397/320
f 5431/395/319 5433/397/320 5434/398/320
f 5435/376/321 5436/399/321 5437/400/384
f 5435/376/321 5437/400/384 5438/401/321
f 5439/377/323 5440/402/322 5441/403/322
f 5439/377/323 5441/403/322 5442/404/323
f 5443/370/325 5444/405/324 5445/406/325
f 5443/370/325 5445/406/325 5446/407/325
f 5447/378/326 5448/408/326 5449/406/326
f 5447/378/326 5449/406/326 5450/405/326
f 5451/375/327 5452/407/327 5453/409/327
f 5451/375/327 5453/409/327 5454/410/327
f 5455/411/328 5456/412/328 5457/413/328
f 5455/411/328 5457/413/328 5458/414/328
f 5459/368/330 5460/415/385 5461/416/330
f 5459/368/330 5461/416/330 5462/417/330
f 5463/361/374 5464/414/374 5465/413/374
f 5463/361/374 5465/413/374 5466/418/332
f 5467/372/334 5468/419/334 5469/420/334
f 5467/372/334 5469/420/334 5470/421/334
f 5471/362/335 5472/422/375 5473/420/335
f 5471/362/335 5473/420/335 5474/419/335
f 5475/367/336 5476/421/336 5477/423/336
f 5475/367/336 5477/423/336 5478/424/336
f 5479/425/337 5480/426/337 5481/427/337
f 5479/425/337 5481/427/337 5482/428/337
f 5483/380/340 5484/429/340 5485/430/340
f 5483/380/340 5485/430/340 5486/431/340
f 5487/365/341 5488/432/341 5489/433/342
f 5487/365/341 5489/433/342 5490/434/386
f 5491/369/343 5492/435/343 5493/436/343
f 5491/369/343 5493/436/343 5494/437/343
f 5495/366/345 5496/438/345 5497/439/345
f 5495/366/345 5497/439/345 5498/435/345
f 5499/379/346 5500/437/346 5501/436/346
f 5499/379/346 5501/436/346 5502/440/346
s 0
f 5503/395/347 5504/381/347 5505/384/347
f 5503/395/347 5505/384/347 5506/396/347
f 5507/401/348 5508/386/348 5509/373/348
f 5507/401/348 5509/373/348 5510/376/348
f 5511/364/349 5512/363/349 5513/391/349
f 5511/364/349 5513/391/349 5514/385/349
f 5515/388/379 5516/393/379 5517/374/379
f 5515/388/379 5517/374/379 5518/373/379
f 5519/371/352 5520/370/352 5521/407/352
f 5519/371/352 5521/407/352 5522/392/352
f 5523/392/353 5524/407/353 5525/375/353
f 5523/392/353 5525/375/353 5526/374/353
f 5527/378/354 5528/377/354 5529/404/354
f 5527/378/354 5529/404/354 5530/408/354
f 5531/410/355 5532/399/355 5533/376/355
f 5531/410/355 5533/376/355 5534/375/355
f 5535/425/387 5536/395/387 5537/398/387
f 5535/425/356 5537/398/356 5538/426/356
f 5539/431/357 5540/402/357 5541/377/357
f 5539/431/357 5541/377/357 5542/380/357
f 5543/370/388 5544/369/388 5545/437/388
f 5543/370/358 5545/437/358 5546/405/358
f 5547/405/359 5548/437/359 5549/379/359
f 5547/405/359 5549/379/359 5550/378/359
f 5551/366/360 5552/365/360 5553/434/360
f 5551/366/360 5553/434/360 5554/438/360
f 5555/440/361 5556/429/361 5557/380/361
f 5555/440/361 5557/380/361 5558/379/361
f 5559/411/362 5560/425/362 5561/428/362
f 5559/411/362 5561/428/362 5562/412/362
f 5563/417/363 5564/432/363 5565/365/363
f 5563/417/363 5565/365/363 5566/368/363
f 5567/369/380 5568/372/380 5569/421/380
f 5567/369/380 5569/421/380 5570/435/380
f 5571/435/365 5572/421/365 5573/367/365
f 5571/435/365 5573/367/365 5574/366/365
f 5575/362/366 5576/361/366 5577/418/366
f 5575/362/366 5577/418/366 5578/422/366
f 5579/424/367 5580/415/367 5581/368/367
f 5579/424/367 5581/368/367 5582/367/367
f 5583/381/368 5584/411/368 5585/414/368
f 5583/381/368 5585/414/368 5586/382/368
f 5587/382/369 5588/414/369 5589/361/369
f 5587/382/369 5589/361/369 5590/364/369
f 5591/372/370 5592/371/370 5593/389/370
f 5591/372/370 5593/389/370 5594/419/370
f 5595/419/371 5596/389/371 5597/363/371
f 5595/419/371 5597/363/371 5598/362/371
f 5599/395/34 5600/425/34 5601/411/34
f 5599/395/34 5601/411/34 5602/381/34
f 5603/361/18 5604/362/18 5605/363/18
f 5603/361/18 5605/363/18 5606/364/18
f 5607/365/22 5608/366/22 5609/367/22
f 5607/365/22 5609/367/22 5610/368/22
f 5611/369/17 5612/370/17 5613/371/17
f 5611/369/17 5613/371/17 5614/372/17
f 5615/373/21 5616/374/21 5617/375/21
f 5615/373/21 5617/375/21 5618/376/21
f 5619/377/9 5620/378/9 5621/379/9
f 5619/377/9 5621/379/9 5622/380/9
s 1
f 5623/381/389 5624/382/308 5625/383/309
f 5623/381/389 5625/383/309 5626/384/309
f 5627/364/312 5628/385/311 5629/383/311
f 5627/364/312 5629/383/311 5630/382/311
f 5631/373/313 5632/386/313 5633/387/313
f 5631/373/313 5633/387/313 5634/388/313
f 5635/363/315 5636/389/315 5637/390/315
f 5635/363/315 5637/390/315 5638/391/314
f 5639/371/317 5640/392/316 5641/390/317
f 5639/371/317 5641/390/317 5642/389/317
f 5643/374/318 5644/393/318 5645/394/318
f 5643/374/318 5645/394/318 5646/392/318
f 5647/395/390 5648/396/320 5649/397/320
f 5647/395/390 5649/397/320 5650/398/320
f 5651/376/321 5652/399/321 5653/400/321
f 5651/376/321 5653/400/321 5654/401/384
f 5655/377/322 5656/402/322 5657/403/322
f 5655/377/322 5657/403/322 5658/404/322
f 5659/370/325 5660/405/324 5661/406/325
f 5659/370/325 5661/406/325 5662/407/325
f 5663/378/326 5664/408/326 5665/406/326
f 5663/378/326 5665/406/326 5666/405/326
f 5667/375/327 5668/407/327 5669/409/327
f 5667/375/327 5669/409/327 5670/410/327
f 5671/411/328 5672/412/329 5673/413/328
f 5671/411/328 5673/413/328 5674/414/328
f 5675/368/331 5676/415/331 5677/416/331
f 5675/368/331 5677/416/331 5678/417/331
f 5679/361/374 5680/414/374 5681/413/332
f 5679/361/374 5681/413/332 5682/418/332
f 5683/372/334 5684/419/334 5685/420/334
f 5683/372/334 5685/420/334 5686/421/333
f 5687/362/335 5688/422/375 5689/420/375
f 5687/362/335 5689/420/375 5690/419/335
f 5691/367/336 5692/421/336 5693/423/336
f 5691/367/336 5693/423/336 5694/424/336
f 5695/425/376 5696/426/337 5697/427/376
f 5695/425/376 5697/427/376 5698/428/376
f 5699/380/340 5700/429/340 5701/430/340
f 5699/380/340 5701/430/340 5702/431/340
f 5703/365/342 5704/432/342 5705/433/342
f 5703/365/342 5705/433/342 5706/434/342
f 5707/369/343 5708/435/343 5709/436/343
f 5707/369/343 5709/436/343 5710/437/343
f 5711/366/345 5712/438/345 5713/439/345
f 5711/366/345 5713/439/345 5714/435/345
f 5715/379/346 5716/437/346 5717/436/346
f 5715/379/346 5717/436/346 5718/440/346
s 0
f 5719/395/347 5720/381/347 5721/384/347
f 5719/395/347 5721/384/347 5722/396/347
f 5723/401/348 5724/386/348 5725/373/348
f 5723/401/348 5725/373/348 5726/376/348
f 5727/364/350 5728/363/350 5729/391/350
f 5727/364/378 5729/391/378 5730/385/378
f 5731/388/379 5732/393/379 5733/374/379
f 5731/388/379 5733/374/379 5734/373/379
f 5735/371/352 5736/370/352 5737/407/352
f 5735/371/352 5737/407/352 5738/392/352
f 5739/392/353 5740/407/353 5741/375/353
f 5739/392/353 5741/375/353 5742/374/353
f 5743/378/354 5744/377/354 5745/404/354
f 5743/378/354 5745/404/354 5746/408/354
f 5747/410/355 5748/399/355 5749/376/355
f 5747/410/355 5749/376/355 5750/375/355
f 5751/425/356 5752/395/356 5753/398/356
f 5751/425/356 5753/398/356 5754/426/356
f 5755/431/357 5756/402/357 5757/377/357
f 5755/431/357 5757/377/357 5758/380/357
f 5759/370/358 5760/369/358 5761/437/358
f 5759/370/358 5761/437/358 5762/405/358
f 5763/405/359 5764/437/359 5765/379/359
f 5763/405/359 5765/379/359 5766/378/359
f 5767/366/360 5768/365/360 5769/434/360
f 5767/366/360 5769/434/360 5770/438/360
f 5771/440/361 5772/429/361 5773/380/361
f 5771/440/361 5773/380/361 5774/379/361
f 5775/411/362 5776/425/362 5777/428/362
f 5775/411/362 5777/428/362 5778/412/362
f 5779/417/363 5780/432/363 5781/365/363
f 5779/417/363 5781/365/363 5782/368/363
f 5783/369/380 5784/372/380 5785/421/380
f 5783/369/380 5785/421/380 5786/435/380
f 5787/435/365 5788/421/365 5789/367/365
f 5787/435/365 5789/367/365 5790/366/365
f 5791/362/366 5792/361/366 5793/418/366
f 5791/362/381 5793/418/381 5794/422/381
f 5795/424/367 5796/415/367 5797/368/367
f 5795/424/367 5797/368/367 5798/367/367
f 5799/381/368 5800/411/368 5801/414/368
s 1
f 5799/381/368 5801/414/368 5802/382/368
s 0
f 5803/382/369 5804/414/369 5805/361/369
f 5803/382/369 5805/361/369 5806/364/369
f 5807/372/370 5808/371/370 5809/389/370
f 5807/372/370 5809/389/370 5810/419/370
f 5811/419/371 5812/389/371 5813/363/371
f 5811/419/371 5813/363/371 5814/362/371
f 5815/395/34 5816/425/34 5817/411/34
f 5815/395/34 5817/411/34 5818/381/34
f 5819/361/18 5820/362/18 5821/363/18
f 5819/361/18 5821/363/18 5822/364/18
f 5823/365/22 5824/366/22 5825/367/22
f 5823/365/22 5825/367/22 5826/368/22
f 5827/369/17 5828/370/17 5829/371/17
f 5827/369/17 5829/371/17 5830/372/17
f 5831/373/21 5832/374/21 5833/375/21
f 5831/373/21 5833/375/21 5834/376/21
f 5835/377/9 5836/378/9 5837/379/9
f 5835/377/9 5837/379/9 5838/380/9
s 1
f 5839/381/308 5840/382/308 5841/383/308
f 5839/381/308 5841/383/308 5842/384/382
f 5843/364/312 5844/385/311 5845/383/311
f 5843/364/312 5845/383/311 5846/382/312
f 5847/373/313 5848/386/383 5849/387/313
f 5847/373/313 5849/387/313 5850/388/313
f 5851/363/315 5852/389/315 5853/390/315
f 5851/363/315 5853/390/315 5854/391/314
f 5855/371/316 5856/392/316 5857/390/316
f 5855/371/316 5857/390/316 5858/389/317
f 5859/374/318 5860/393/318 5861/394/318
f 5859/374/318 5861/394/318 5862/392/318
f 5863/395/320 5864/396/320 5865/397/319
f 5863/395/320 5865/397/319 5866/398/319
f 5867/376/321 5868/399/321 5869/400/321
f 5867/376/321 5869/400/321 5870/401/321
f 5871/377/322 5872/402/322 5873/403/322
f 5871/377/322 5873/403/322 5874/404/323
f 5875/370/324 5876/405/325 5877/406/325
f 5875/370/324 5877/406/325 5878/407/325
f 5879/378/326 5880/408/326 5881/406/326
f 5879/378/326 5881/406/326 5882/405/326
f 5883/375/327 5884/407/327 5885/409/327
f 5883/375/327 5885/409/327 5886/410/327
f 5887/411/328 5888/412/328 5889/413/328
f 5887/411/328 5889/413/328 5890/414/328
f 5891/368/330 5892/415/385 5893/416/385
f 5891/368/330 5893/416/385 5894/417/330
f 5895/361/374 5896/414/374 5897/413/374
f 5895/361/374 5897/413/374 5898/418/374
f 5899/372/333 5900/419/333 5901/420/334
f 5899/372/333 5901/420/334 5902/421/334
f 5903/362/335 5904/422/375 5905/420/375
f 5903/362/335 5905/420/375 5906/419/375
f 5907/367/336 5908/421/336 5909/423/336
f 5907/367/336 5909/423/336 5910/424/336
f 5911/425/337 5912/426/337 5913/427/337
f 5911/425/337 5913/427/337 5914/428/337
f 5915/380/340 5916/429/339 5917/430/340
f 5915/380/340 5917/430/340 5918/431/340
f 5919/365/341 5920/432/342 5921/433/341
f 5919/365/341 5921/433/341 5922/434/342
f 5923/369/343 5924/435/343 5925/436/343
f 5923/369/343 5925/436/343 5926/437/343
f 5927/366/345 5928/438/345 5929/439/345
f 5927/366/345 5929/439/345 5930/435/345
f 5931/379/391 5932/437/346 5933/436/346
f 5931/379/391 5933/436/346 5934/440/346
s 0
f 5935/395/347 5936/381/347 5937/384/347
f 5935/395/347 5937/384/347 5938/396/347
f 5939/401/348 5940/386/348 5941/373/348
f 5939/401/348 5941/373/348 5942/376/348
f 5943/364/349 5944/363/349 5945/391/349
f 5943/364/349 5945/391/349 5946/385/349
f 5947/388/379 5948/393/379 5949/374/379
f 5947/388/379 5949/374/379 5950/373/379
f 5951/371/352 5952/370/352 5953/407/352
f 5951/371/352 5953/407/352 5954/392/352
f 5955/392/353 5956/407/353 5957/375/353
f 5955/392/353 5957/375/353 5958/374/353
f 5959/378/354 5960/377/354 5961/404/354
f 5959/378/354 5961/404/354 5962/408/354
f 5963/410/355 5964/399/355 5965/376/355
f 5963/410/355 5965/376/355 5966/375/355
f 5967/425/356 5968/395/356 5969/398/356
f 5967/425/356 5969/398/356 5970/426/356
f 5971/431/357 5972/402/357 5973/377/357
f 5971/431/357 5973/377/357 5974/380/357
f 5975/370/388 5976/369/388 5977/437/388
f 5975/370/358 5977/437/358 5978/405/358
f 5979/405/359 5980/437/359 5981/379/359
f 5979/405/359 5981/379/359 5982/378/359
f 5983/366/392 5984/365/392 5985/434/392
f 5983/366/392 5985/434/392 5986/438/392
f 5987/440/361 5988/429/361 5989/380/361
f 5987/440/361 5989/380/361 5990/379/361
f 5991/411/362 5992/425/362 5993/428/362
f 5991/411/362 5993/428/362 5994/412/362
f 5995/417/363 5996/432/363 5997/365/363
f 5995/417/363 5997/365/363 5998/368/363
f 5999/369/380 6000/372/380 6001/421/380
f 5999/369/380 6001/421/380 6002/435/380
f 6003/435/365 6004/421/365 6005/367/365
f 6003/435/365 6005/367/365 6006/366/365
f 6007/362/366 6008/361/366 6009/418/366
f 6007/362/366 6009/418/366 6010/422/366
f 6011/424/367 6012/415/367 6013/368/367
f 6011/424/367 6013/368/367 6014/367/367
s 1
f 6015/381/368 6016/411/368 6017/414/368
s 0
f 6015/381/368 6017/414/368 6018/382/368
f 6019/382/369 6020/414/369 6021/361/369
f 6019/382/369 6021/361/369 6022/364/369
f 6023/372/370 6024/371/370 6025/389/370
s 1
f 6023/372/370 6025/389/370 6026/419/370
s 0
f 6027/419/371 6028/389/371 6029/363/371
f 6027/419/371 6029/363/371 6030/362/371
f 6031/395/34 6032/425/34 6033/411/34
f 6031/395/34 6033/411/34 6034/381/34
f 6035/361/18 6036/362/18 6037/363/18
f 6035/361/18 6037/363/18 6038/364/18
f 6039/365/22 6040/366/22 6041/367/22
f 6039/365/22 6041/367/22 6042/368/22
f 6043/369/17 6044/370/17 6045/371/17
f 6043/369/17 6045/371/17 6046/372/17
f 6047/373/21 6048/374/21 6049/375/21
f 6047/373/21 6049/375/21 6050/376/21
f 6051/377/9 6052/378/9 6053/379/9
f 6051/377/9 6053/379/9 6054/380/9
s 1
f 6055/381/309 6056/382/308 6057/383/309
f 6055/381/309 6057/383/309 6058/384/309
f 6059/364/312 6060/385/312 6061/383/312
f 6059/364/312 6061/383/312 6062/382/312
f 6063/373/313 6064/386/313 6065/387/313
f 6063/373/313 6065/387/313 6066/388/313
f 6067/363/315 6068/389/315 6069/390/315
f 6067/363/315 6069/390/315 6070/391/315
f 6071/371/316 6072/392/316 6073/390/316
f 6071/371/316 6073/390/316 6074/389/316
f 6075/374/318 6076/393/318 6077/394/318
f 6075/374/318 6077/394/318 6078/392/318
f 6079/395/319 6080/396/320 6081/397/320
f 6079/395/319 6081/397/320 6082/398/319
f 6083/376/321 6084/399/321 6085/400/321
f 6083/376/321 6085/400/321 6086/401/321
f 6087/377/322 6088/402/322 6089/403/323
f 6087/377/322 6089/403/323 6090/404/322
f 6091/370/324 6092/405/324 6093/406/325
f 6091/370/324 6093/406/325 6094/407/325
f 6095/378/326 6096/408/326 6097/406/326
f 6095/378/326 6097/406/326 6098/405/326
f 6099/375/327 6100/407/327 6101/409/327
f 6099/375/327 6101/409/327 6102/410/327
f 6103/411/328 6104/412/328 6105/413/328
f 6103/411/328 6105/413/328 6106/414/328
f 6107/368/331 6108/415/331 6109/416/331
f 6107/368/331 6109/416/331 6110/417/330
f 6111/361/374 6112/414/374 6113/413/374
f 6111/361/374 6113/413/374 6114/418/374
f 6115/372/333 6116/419/333 6117/420/334
f 6115/372/333 6117/420/334 6118/421/334
f 6119/362/335 6120/422/375 6121/420/335
f 6119/362/335 6121/420/335 6122/419/335
f 6123/367/336 6124/421/336 6125/423/336
f 6123/367/336 6125/423/336 6126/424/336
f 6127/425/337 6128/426/337 6129/427/337
f 6127/425/337 6129/427/337 6130/428/338
f 6131/380/340 6132/429/339 6133/430/339
f 6131/380/340 6133/430/339 6134/431/340
f 6135/365/342 6136/432/341 6137/433/342
f 6135/365/342 6137/433/342 6138/434/342
f 6139/369/344 6140/435/343 6141/436/343
f 6139/369/344 6141/436/343 6142/437/344
f 6143/366/345 6144/438/345 6145/439/345
f 6143/366/345 6145/439/345 6146/435/345
f 6147/379/346 6148/437/346 6149/436/391
f 6147/379/346 6149/436/391 6150/440/346
s 0
f 6151/395/347 6152/381/347 6153/384/347
f 6151/395/347 6153/384/347 6154/396/347
f 6155/401/348 6156/386/348 6157/373/348
f 6155/401/348 6157/373/348 6158/376/348
f 6159/364/349 6160/363/349 6161/391/349
f 6159/364/349 6161/391/349 6162/385/349
f 6163/388/379 6164/393/379 6165/374/379
f 6163/388/379 6165/374/379 6166/373/379
f 6167/371/352 6168/370/352 6169/407/352
f 6167/371/352 6169/407/352 6170/392/352
f 6171/392/353 6172/407/353 6173/375/353
f 6171/392/353 6173/375/353 6174/374/353
f 6175/378/354 6176/377/354 6177/404/354
f 6175/378/354 6177/404/354 6178/408/354
f 6179/410/355 6180/399/355 6181/376/355
f 6179/410/355 6181/376/355 6182/375/355
f 6183/425/356 6184/395/356 6185/398/356
f 6183/425/356 6185/398/356 6186/426/356
f 6187/431/357 6188/402/357 6189/377/357
f 6187/431/357 6189/377/357 6190/380/357
f 6191/370/358 6192/369/358 6193/437/358
f 6191/370/358 6193/437/358 6194/405/358
f 6195/405/359 6196/437/359 6197/379/359
f 6195/405/359 6197/379/359 6198/378/359
f 6199/366/360 6200/365/360 6201/434/360
f 6199/366/360 6201/434/360 6202/438/360
f 6203/440/361 6204/429/361 6205/380/361
f 6203/440/361 6205/380/361 6206/379/361
f 6207/411/362 6208/425/362 6209/428/362
f 6207/411/362 6209/428/362 6210/412/362
f 6211/417/363 6212/432/363 6213/365/363
f 6211/417/363 6213/365/363 6214/368/363
f 6215/369/380 6216/372/380 6217/421/380
f 6215/369/380 6217/421/380 6218/435/380
f 6219/435/365 6220/421/365 6221/367/365
f 6219/435/365 6221/367/365 6222/366/365
f 6223/362/393 6224/361/393 6225/418/393
f 6223/362/366 6225/418/366 6226/422/366
f 6227/424/367 6228/415/367 6229/368/367
f 6227/424/367 6229/368/367 6230/367/367
f 6231/381/368 6232/411/368 6233/414/368
f 6231/381/368 6233/414/368 6234/382/368
f 6235/382/369 6236/414/369 6237/361/369
f 6235/382/369 6237/361/369 6238/364/369
f 6239/372/370 6240/371/370 6241/389/370
f 6239/372/370 6241/389/370 6242/419/370
f 6243/419/371 6244/389/371 6245/363/371
f 6243/419/371 6245/363/371 6246/362/371
f 6247/395/34 6248/425/34 6249/411/34
f 6247/395/34 6249/411/34 6250/381/34
f 6253/95/9 6251/138/9 6252/135/9
f 6251/138/9 6253/95/9 6256/112/9
f 6256/112/9 6253/95/9 6254/98/9
f 6256/112/9 6254/98/9 6255/127/9
f 6262/131/9 6260/90/9 6261/177/9
f 6260/90/9 6262/131/9 6259/87/9
f 6259/87/9 6262/131/9 6257/136/9
f 6259/87/9 6257/136/9 6258/137/9
f 6266/441/34 6264/442/34 6265/443/34
f 6264/442/34 6266/441/34 6263/444/34
f 6263/444/34 6266/441/34 6267/445/34
f 6263/444/34 6267/445/34 6270/446/34
f 6270/446/34 6267/445/34 6268/447/34
f 6270/446/34 6268/447/34 6269/448/34
f 6274/449/17 6272/450/17 6273/451/17
f 6272/450/17 6274/449/17 6271/452/17
f 6271/452/17 6274/449/17 6275/453/17
f 6271/452/17 6275/453/17 6278/454/17
f 6278/454/17 6275/453/17 6276/455/17
f 6278/454/17 6276/455/17 6277/456/17
f 6280/229/21 228/132/21 6279/178/21
f 228/132/21 6280/229/21 225/133/21
f 225/133/21 6280/229/21 254/150/21
f 254/150/21 6280/229/21 255/116/21
f 226/134/21 6282/97/21 227/96/21
f 6282/97/21 226/134/21 6281/126/21
f 6281/126/21 226/134/21 253/149/21
f 6281/126/21 253/149/21 256/115/21
f 6287/129/22 6285/113/22 6286/128/22
f 6285/113/22 6287/129/22 6284/139/22
f 6284/139/22 6287/129/22 6283/142/22
f 6283/142/22 6287/129/22 6288/107/22
f 6293/92/18 6291/457/18 6292/93/18
f 6291/457/18 6293/92/18 6290/148/18
f 6290/148/18 6293/92/18 6294/144/18
f 6290/148/18 6294/144/18 6289/145/18
f 6300/108/18 6298/146/18 6299/143/18
f 6298/146/18 6300/108/18 6297/147/18
f 6297/147/18 6300/108/18 6295/130/18
f 6297/147/18 6295/130/18 6296/458/18
f 6301/140/22 6305/89/22 6306/88/22
f 6305/89/22 6301/140/22 6304/94/22
f 6304/94/22 6301/140/22 6302/141/22
f 6304/94/22 6302/141/22 6303/91/22
s 1
f 6308/459/18 6311/460/107 6307/461/48
f 6311/460/107 6308/459/18 6310/462/51
f 6310/462/51 6308/459/18 6309/463/18
s 0
f 6309/463/18 6308/459/18 583/309/18
s 1
f 6315/464/394 6313/465/395 6314/466/49
f 6313/465/395 6315/464/394 6312/467/9
f 6312/467/9 6315/464/394 6316/468/9
s 0
f 6312/467/9 6316/468/9 574/300/9
s 1
f 584/310/20 6317/469/18 6318/470/20
f 6317/469/18 584/310/20 6308/459/18
f 6308/459/18 584/310/20 583/309/18
f 6312/467/9 6319/471/23 6320/472/9
f 6319/471/23 6312/467/9 573/299/23
f 573/299/23 6312/467/9 574/300/9
f 6321/473/48 6324/474/396 6325/475/55
f 6324/474/396 6321/473/48 6322/476/18
f 6324/474/396 6322/476/18 6323/477/18
s 0
f 6323/477/18 6322/476/18 592/318/18
f 580/306/18 6309/463/18 583/309/18
f 6309/463/18 580/306/18 6322/476/18
f 6322/476/18 580/306/18 592/318/18
s 1
f 607/333/56 6328/478/395 598/324/53
f 6328/478/395 607/333/56 6327/479/9
f 6327/479/9 607/333/56 6326/480/39
s 0
f 6329/481/9 574/300/9 6316/468/9
f 574/300/9 6329/481/9 568/294/9
f 568/294/9 6329/481/9 569/295/9
s 1
f 6332/482/50 6330/483/77 6331/484/44
f 6330/483/77 6332/482/50 6319/471/23
f 6319/471/23 6332/482/50 6320/472/9
f 6335/485/394 6333/486/397 6334/487/44
f 6333/486/397 6335/485/394 6329/481/9
f 6329/481/9 6335/485/394 6336/488/9
s 0
f 6329/481/9 6336/488/9 569/295/9
s 1
f 6318/470/20 6338/489/107 6339/490/87
f 6338/489/107 6318/470/20 6337/491/396
f 6337/491/396 6318/470/20 6317/469/18
f 6341/492/18 597/323/52 6340/493/398
f 597/323/52 6341/492/18 608/334/57
f 608/334/57 6341/492/18 6342/494/40
s 0
f 592/318/18 6341/492/18 6323/477/18
s 1
f 6341/492/18 592/318/18 591/317/40
f 6341/492/18 591/317/40 6342/494/40
s 0
f 6327/479/9 569/295/9 6336/488/9
s 1
f 569/295/9 6327/479/9 570/296/39
f 570/296/39 6327/479/9 6326/480/39
f 6317/469/18 6346/495/399 6337/491/396
f 6346/495/399 6317/469/18 6345/496/400
f 6345/496/400 6317/469/18 6344/497/67
f 6344/497/67 6317/469/18 6343/498/124
f 6343/498/124 6317/469/18 6307/461/48
f 6307/461/48 6317/469/18 6308/459/18
f 6347/499/401 6320/472/9 6332/482/50
f 6320/472/9 6347/499/401 6348/500/402
f 6320/472/9 6348/500/402 6349/501/403
f 6320/472/9 6349/501/403 6350/502/69
f 6320/472/9 6350/502/69 6313/465/395
f 6320/472/9 6313/465/395 6312/467/9
f 6309/463/18 6354/503/399 6310/462/51
f 6354/503/399 6309/463/18 6353/504/404
f 6353/504/404 6309/463/18 6352/505/67
f 6352/505/67 6309/463/18 6351/506/124
f 6351/506/124 6309/463/18 6321/473/48
f 6321/473/48 6309/463/18 6322/476/18
f 6355/507/405 6316/468/9 6315/464/394
f 6316/468/9 6355/507/405 6356/508/402
f 6316/468/9 6356/508/402 6357/509/403
f 6316/468/9 6357/509/403 6358/510/69
f 6316/468/9 6358/510/69 6333/486/397
f 6316/468/9 6333/486/397 6329/481/9
f 6359/511/401 6336/488/9 6335/485/394
f 6336/488/9 6359/511/401 6360/512/402
f 6336/488/9 6360/512/402 6361/513/403
f 6336/488/9 6361/513/403 6362/514/69
f 6336/488/9 6362/514/69 6328/478/395
f 6336/488/9 6328/478/395 6327/479/9
f 6323/477/18 6366/515/399 6324/474/396
f 6366/515/399 6323/477/18 6365/516/406
f 6365/516/406 6323/477/18 6364/517/67
f 6364/517/67 6323/477/18 6363/518/124
f 6363/518/124 6323/477/18 6340/493/398
f 6340/493/398 6323/477/18 6341/492/18
f 6369/462/407 6367/461/408 6368/460/87
f 6367/461/408 6369/462/407 6371/459/18
f 6371/459/18 6369/462/407 6370/463/18
s 0
f 6371/459/18 6370/463/18 664/309/18
s 1
f 6376/467/9 6374/466/77 6375/465/409
f 6374/466/77 6376/467/9 6373/464/410
f 6373/464/410 6376/467/9 6372/468/9
s 0
f 6372/468/9 6376/467/9 653/300/9
s 1
f 6371/459/18 6377/470/24 6378/469/18
f 6377/470/24 6371/459/18 663/310/24
f 663/310/24 6371/459/18 664/309/18
f 654/299/19 6379/472/9 6380/471/19
f 6379/472/9 654/299/19 6376/467/9
f 6376/467/9 654/299/19 653/300/9
f 6383/474/407 6381/473/84 6382/475/87
f 6381/473/84 6383/474/407 6385/476/18
f 6385/476/18 6383/474/407 6384/477/18
s 0
f 6385/476/18 6384/477/18 671/318/18
f 6385/476/18 664/309/18 6370/463/18
f 664/309/18 6385/476/18 662/306/18
f 662/306/18 6385/476/18 671/318/18
s 1
f 6388/479/9 676/324/41 6387/478/409
f 676/324/41 6388/479/9 687/333/88
f 687/333/88 6388/479/9 6386/480/39
s 0
f 650/294/9 6372/468/9 653/300/9
f 6372/468/9 650/294/9 6389/481/9
f 6389/481/9 650/294/9 649/295/9
s 1
f 6380/471/19 6391/484/77 6392/483/44
f 6391/484/77 6380/471/19 6390/482/410
f 6390/482/410 6380/471/19 6379/472/9
f 6389/481/9 6395/487/77 6396/486/82
f 6395/487/77 6389/481/9 6394/485/410
f 6394/485/410 6389/481/9 6393/488/9
s 0
f 6393/488/9 6389/481/9 649/295/9
s 1
f 6399/491/86 6397/490/107 6398/489/87
f 6397/490/107 6399/491/86 6377/470/24
f 6377/470/24 6399/491/86 6378/469/18
f 688/334/46 6400/493/408 677/323/87
f 6400/493/408 688/334/46 6402/492/18
f 6402/492/18 688/334/46 6401/494/40
s 0
f 6402/492/18 671/318/18 6384/477/18
s 1
f 671/318/18 6402/492/18 672/317/40
f 672/317/40 6402/492/18 6401/494/40
f 648/296/39 6393/488/9 649/295/9
f 6393/488/9 648/296/39 6388/479/9
f 6388/479/9 648/296/39 6386/480/39
f 6403/495/411 6378/469/18 6399/491/86
f 6378/469/18 6403/495/411 6404/496/100
f 6378/469/18 6404/496/100 6405/497/412
f 6378/469/18 6405/497/412 6406/498/103
f 6378/469/18 6406/498/103 6367/461/408
f 6378/469/18 6367/461/408 6371/459/18
f 6379/472/9 6410/499/115 6390/482/410
f 6410/499/115 6379/472/9 6409/500/99
f 6409/500/99 6379/472/9 6408/501/118
f 6408/501/118 6379/472/9 6407/502/413
f 6407/502/413 6379/472/9 6375/465/409
f 6375/465/409 6379/472/9 6376/467/9
f 6411/503/411 6370/463/18 6369/462/407
f 6370/463/18 6411/503/411 6412/504/100
f 6370/463/18 6412/504/100 6413/505/119
f 6370/463/18 6413/505/119 6414/506/103
f 6370/463/18 6414/506/103 6381/473/84
f 6370/463/18 6381/473/84 6385/476/18
f 6372/468/9 6418/507/115 6373/464/410
f 6418/507/115 6372/468/9 6417/508/130
f 6417/508/130 6372/468/9 6416/509/118
f 6416/509/118 6372/468/9 6415/510/102
f 6415/510/102 6372/468/9 6396/486/82
f 6396/486/82 6372/468/9 6389/481/9
f 6393/488/9 6422/511/115 6394/485/410
f 6422/511/115 6393/488/9 6421/512/99
f 6421/512/99 6393/488/9 6420/513/118
f 6420/513/118 6393/488/9 6419/514/102
f 6419/514/102 6393/488/9 6387/478/409
f 6387/478/409 6393/488/9 6388/479/9
f 6423/515/116 6384/477/18 6383/474/407
f 6384/477/18 6423/515/116 6424/516/100
f 6384/477/18 6424/516/100 6425/517/119
f 6384/477/18 6425/517/119 6426/518/103
f 6384/477/18 6426/518/103 6400/493/408
f 6384/477/18 6400/493/408 6402/492/18
f 6428/459/18 6431/460/107 6427/461/48
f 6431/460/107 6428/459/18 6430/462/51
f 6430/462/51 6428/459/18 6429/463/18
s 0
f 6429/463/18 6428/459/18 743/309/18
s 1
f 6435/464/394 6433/465/47 6434/466/44
f 6433/465/47 6435/464/394 6432/467/9
f 6432/467/9 6435/464/394 6436/468/9
s 0
f 6432/467/9 6436/468/9 734/300/9
s 1
f 744/310/20 6437/469/18 6438/470/20
f 6437/469/18 744/310/20 6428/459/18
f 6428/459/18 744/310/20 743/309/18
f 6432/467/9 6439/471/23 6440/472/9
f 6439/471/23 6432/467/9 733/299/23
f 733/299/23 6432/467/9 734/300/9
f 6441/473/414 6444/474/396 6445/475/107
f 6444/474/396 6441/473/414 6442/476/18
f 6444/474/396 6442/476/18 6443/477/18
s 0
f 6443/477/18 6442/476/18 752/318/18
f 740/306/18 6429/463/18 743/309/18
f 6429/463/18 740/306/18 6442/476/18
f 6442/476/18 740/306/18 752/318/18
s 1
f 767/333/56 6448/478/395 758/324/53
f 6448/478/395 767/333/56 6447/479/9
f 6447/479/9 767/333/56 6446/480/39
s 0
f 6449/481/9 734/300/9 6436/468/9
f 734/300/9 6449/481/9 728/294/9
f 728/294/9 6449/481/9 729/295/9
s 1
f 6452/482/50 6450/483/77 6451/484/44
f 6450/483/77 6452/482/50 6439/471/23
f 6439/471/23 6452/482/50 6440/472/9
f 6455/485/394 6453/486/395 6454/487/44
f 6453/486/395 6455/485/394 6449/481/9
f 6449/481/9 6455/485/394 6456/488/9
s 0
f 6449/481/9 6456/488/9 729/295/9
s 1
f 6438/470/20 6458/489/55 6459/490/87
f 6458/489/55 6438/470/20 6457/491/396
f 6457/491/396 6438/470/20 6437/469/18
f 6461/492/18 757/323/52 6460/493/398
f 757/323/52 6461/492/18 768/334/57
f 768/334/57 6461/492/18 6462/494/415
s 0
f 752/318/18 6461/492/18 6443/477/18
s 1
f 6461/492/18 752/318/18 751/317/40
f 6461/492/18 751/317/40 6462/494/415
s 0
f 6447/479/9 729/295/9 6456/488/9
s 1
f 729/295/9 6447/479/9 730/296/39
f 730/296/39 6447/479/9 6446/480/39
f 6437/469/18 6466/495/399 6457/491/396
f 6466/495/399 6437/469/18 6465/496/400
f 6465/496/400 6437/469/18 6464/497/67
f 6464/497/67 6437/469/18 6463/498/124
f 6463/498/124 6437/469/18 6427/461/48
f 6427/461/48 6437/469/18 6428/459/18
f 6467/499/401 6440/472/9 6452/482/50
f 6440/472/9 6467/499/401 6468/500/402
f 6440/472/9 6468/500/402 6469/501/403
f 6440/472/9 6469/501/403 6470/502/69
f 6440/472/9 6470/502/69 6433/465/47
f 6440/472/9 6433/465/47 6432/467/9
f 6429/463/18 6474/503/399 6430/462/51
f 6474/503/399 6429/463/18 6473/504/404
f 6473/504/404 6429/463/18 6472/505/67
f 6472/505/67 6429/463/18 6471/506/124
f 6471/506/124 6429/463/18 6441/473/414
f 6441/473/414 6429/463/18 6442/476/18
f 6475/507/401 6436/468/9 6435/464/394
f 6436/468/9 6475/507/401 6476/508/402
f 6436/468/9 6476/508/402 6477/509/403
f 6436/468/9 6477/509/403 6478/510/69
f 6436/468/9 6478/510/69 6453/486/395
f 6436/468/9 6453/486/395 6449/481/9
f 6479/511/405 6456/488/9 6455/485/394
f 6456/488/9 6479/511/405 6480/512/402
f 6456/488/9 6480/512/402 6481/513/403
f 6456/488/9 6481/513/403 6482/514/69
f 6456/488/9 6482/514/69 6448/478/395
f 6456/488/9 6448/478/395 6447/479/9
f 6443/477/18 6486/515/399 6444/474/396
f 6486/515/399 6443/477/18 6485/516/406
f 6485/516/406 6443/477/18 6484/517/67
f 6484/517/67 6443/477/18 6483/518/124
f 6483/518/124 6443/477/18 6460/493/398
f 6460/493/398 6443/477/18 6461/492/18
f 6489/462/416 6487/461/84 6488/460/87
f 6487/461/84 6489/462/416 6491/459/18
f 6491/459/18 6489/462/416 6490/463/18
s 0
f 6491/459/18 6490/463/18 824/309/18
s 1
f 6496/467/9 6494/466/77 6495/465/82
f 6494/466/77 6496/467/9 6493/464/410
f 6493/464/410 6496/467/9 6492/468/9
s 0
f 6492/468/9 6496/467/9 813/300/9
s 1
f 6491/459/18 6497/470/24 6498/469/18
f 6497/470/24 6491/459/18 823/310/24
f 823/310/24 6491/459/18 824/309/18
f 814/299/19 6499/472/9 6500/471/19
f 6499/472/9 814/299/19 6496/467/9
f 6496/467/9 814/299/19 813/300/9
f 6503/474/416 6501/473/84 6502/475/87
f 6501/473/84 6503/474/416 6505/476/18
f 6505/476/18 6503/474/416 6504/477/18
s 0
f 6505/476/18 6504/477/18 831/318/18
f 6505/476/18 824/309/18 6490/463/18
f 824/309/18 6505/476/18 822/306/18
f 822/306/18 6505/476/18 831/318/18
s 1
f 6508/479/9 836/324/41 6507/478/409
f 836/324/41 6508/479/9 847/333/88
f 847/333/88 6508/479/9 6506/480/39
s 0
f 810/294/9 6492/468/9 813/300/9
f 6492/468/9 810/294/9 6509/481/9
f 6509/481/9 810/294/9 809/295/9
s 1
f 6500/471/19 6511/484/77 6512/483/44
f 6511/484/77 6500/471/19 6510/482/85
f 6510/482/85 6500/471/19 6499/472/9
f 6509/481/9 6515/487/77 6516/486/82
f 6515/487/77 6509/481/9 6514/485/410
f 6514/485/410 6509/481/9 6513/488/9
s 0
f 6513/488/9 6509/481/9 809/295/9
s 1
f 6519/491/86 6517/490/107 6518/489/140
f 6517/490/107 6519/491/86 6497/470/24
f 6497/470/24 6519/491/86 6498/469/18
f 848/334/114 6520/493/84 837/323/87
f 6520/493/84 848/334/114 6522/492/18
f 6522/492/18 848/334/114 6521/494/415
s 0
f 6522/492/18 831/318/18 6504/477/18
s 1
f 831/318/18 6522/492/18 832/317/40
f 832/317/40 6522/492/18 6521/494/415
f 808/296/39 6513/488/9 809/295/9
f 6513/488/9 808/296/39 6508/479/9
f 6508/479/9 808/296/39 6506/480/39
f 6523/495/116 6498/469/18 6519/491/86
f 6498/469/18 6523/495/116 6524/496/100
f 6498/469/18 6524/496/100 6525/497/119
f 6498/469/18 6525/497/119 6526/498/103
f 6498/469/18 6526/498/103 6487/461/84
f 6498/469/18 6487/461/84 6491/459/18
f 6499/472/9 6530/499/115 6510/482/85
f 6530/499/115 6499/472/9 6529/500/417
f 6529/500/417 6499/472/9 6528/501/118
f 6528/501/118 6499/472/9 6527/502/102
f 6527/502/102 6499/472/9 6495/465/82
f 6495/465/82 6499/472/9 6496/467/9
f 6531/503/116 6490/463/18 6489/462/416
f 6490/463/18 6531/503/116 6532/504/100
f 6490/463/18 6532/504/100 6533/505/119
f 6490/463/18 6533/505/119 6534/506/103
f 6490/463/18 6534/506/103 6501/473/84
f 6490/463/18 6501/473/84 6505/476/18
f 6492/468/9 6538/507/115 6493/464/410
f 6538/507/115 6492/468/9 6537/508/99
f 6537/508/99 6492/468/9 6536/509/118
f 6536/509/118 6492/468/9 6535/510/102
f 6535/510/102 6492/468/9 6516/486/82
f 6516/486/82 6492/468/9 6509/481/9
f 6513/488/9 6542/511/115 6514/485/410
f 6542/511/115 6513/488/9 6541/512/99
f 6541/512/99 6513/488/9 6540/513/118
f 6540/513/118 6513/488/9 6539/514/102
f 6539/514/102 6513/488/9 6507/478/409
f 6507/478/409 6513/488/9 6508/479/9
f 6543/515/116 6504/477/18 6503/474/416
f 6504/477/18 6543/515/116 6544/516/100
f 6504/477/18 6544/516/100 6545/517/119
f 6504/477/18 6545/517/119 6546/518/103
f 6504/477/18 6546/518/103 6520/493/84
f 6504/477/18 6520/493/84 6522/492/18
f 6548/459/18 6551/460/55 6547/461/48
f 6551/460/55 6548/459/18 6550/462/51
f 6550/462/51 6548/459/18 6549/463/18
s 0
f 6549/463/18 6548/459/18 903/309/18
s 1
f 6555/464/394 6553/465/395 6554/466/44
f 6553/465/395 6555/464/394 6552/467/9
f 6552/467/9 6555/464/394 6556/468/9
s 0
f 6552/467/9 6556/468/9 894/300/9
s 1
f 904/310/20 6557/469/18 6558/470/20
f 6557/469/18 904/310/20 6548/459/18
f 6548/459/18 904/310/20 903/309/18
f 6552/467/9 6559/471/23 6560/472/9
f 6559/471/23 6552/467/9 893/299/23
f 893/299/23 6552/467/9 894/300/9
f 6561/473/414 6564/474/51 6565/475/55
f 6564/474/51 6561/473/414 6562/476/18
f 6564/474/51 6562/476/18 6563/477/18
s 0
f 6563/477/18 6562/476/18 912/318/18
f 900/306/18 6549/463/18 903/309/18
f 6549/463/18 900/306/18 6562/476/18
f 6562/476/18 900/306/18 912/318/18
s 1
f 927/333/56 6568/478/395 918/324/53
f 6568/478/395 927/333/56 6567/479/9
f 6567/479/9 927/333/56 6566/480/39
s 0
f 6569/481/9 894/300/9 6556/468/9
f 894/300/9 6569/481/9 888/294/9
f 888/294/9 6569/481/9 889/295/9
s 1
f 6572/482/50 6570/483/77 6571/484/44
f 6570/483/77 6572/482/50 6559/471/23
f 6559/471/23 6572/482/50 6560/472/9
f 6575/485/394 6573/486/395 6574/487/44
f 6573/486/395 6575/485/394 6569/481/9
f 6569/481/9 6575/485/394 6576/488/9
s 0
f 6569/481/9 6576/488/9 889/295/9
s 1
f 6558/470/20 6578/489/107 6579/490/87
f 6578/489/107 6558/470/20 6577/491/51
f 6577/491/51 6558/470/20 6557/469/18
f 6581/492/18 917/323/52 6580/493/414
f 917/323/52 6581/492/18 928/334/57
f 928/334/57 6581/492/18 6582/494/40
f 911/317/40 6563/477/18 912/318/18
f 6563/477/18 911/317/40 6581/492/18
f 6581/492/18 911/317/40 6582/494/40
s 0
f 6567/479/9 889/295/9 6576/488/9
s 1
f 889/295/9 6567/479/9 890/296/39
f 890/296/39 6567/479/9 6566/480/39
f 6557/469/18 6586/495/399 6577/491/51
f 6586/495/399 6557/469/18 6585/496/406
f 6585/496/406 6557/469/18 6584/497/67
f 6584/497/67 6557/469/18 6583/498/124
f 6583/498/124 6557/469/18 6547/461/48
f 6547/461/48 6557/469/18 6548/459/18
f 6587/499/401 6560/472/9 6572/482/50
f 6560/472/9 6587/499/401 6588/500/402
f 6560/472/9 6588/500/402 6589/501/403
f 6560/472/9 6589/501/403 6590/502/69
f 6560/472/9 6590/502/69 6553/465/395
f 6560/472/9 6553/465/395 6552/467/9
f 6549/463/18 6594/503/399 6550/462/51
f 6594/503/399 6549/463/18 6593/504/406
f 6593/504/406 6549/463/18 6592/505/67
f 6592/505/67 6549/463/18 6591/506/124
f 6591/506/124 6549/463/18 6561/473/414
f 6561/473/414 6549/463/18 6562/476/18
f 6595/507/401 6556/468/9 6555/464/394
f 6556/468/9 6595/507/401 6596/508/402
f 6556/468/9 6596/508/402 6597/509/403
f 6556/468/9 6597/509/403 6598/510/69
f 6556/468/9 6598/510/69 6573/486/395
f 6556/468/9 6573/486/395 6569/481/9
f 6599/511/401 6576/488/9 6575/485/394
f 6576/488/9 6599/511/401 6600/512/402
f 6576/488/9 6600/512/402 6601/513/403
f 6576/488/9 6601/513/403 6602/514/69
f 6576/488/9 6602/514/69 6568/478/395
f 6576/488/9 6568/478/395 6567/479/9
f 6563/477/18 6606/515/399 6564/474/51
f 6606/515/399 6563/477/18 6605/516/406
f 6605/516/406 6563/477/18 6604/517/67
f 6604/517/67 6563/477/18 6603/518/124
f 6603/518/124 6563/477/18 6580/493/414
f 6580/493/414 6563/477/18 6581/492/18
f 6609/462/407 6607/461/84 6608/460/140
f 6607/461/84 6609/462/407 6611/459/18
f 6611/459/18 6609/462/407 6610/463/18
s 0
f 6611/459/18 6610/463/18 984/309/18
s 1
f 6616/467/9 6614/466/77 6615/465/82
f 6614/466/77 6616/467/9 6613/464/410
f 6613/464/410 6616/467/9 6612/468/9
s 0
f 6612/468/9 6616/467/9 973/300/9
s 1
f 6611/459/18 6617/470/24 6618/469/18
f 6617/470/24 6611/459/18 983/310/24
f 983/310/24 6611/459/18 984/309/18
f 974/299/19 6619/472/9 6620/471/19
f 6619/472/9 974/299/19 6616/467/9
f 6616/467/9 974/299/19 973/300/9
f 6623/474/416 6621/473/84 6622/475/87
f 6621/473/84 6623/474/416 6625/476/18
f 6625/476/18 6623/474/416 6624/477/18
s 0
f 6625/476/18 6624/477/18 991/318/18
f 6625/476/18 984/309/18 6610/463/18
f 984/309/18 6625/476/18 982/306/18
f 982/306/18 6625/476/18 991/318/18
s 1
f 6628/479/9 996/324/41 6627/478/409
f 996/324/41 6628/479/9 1007/333/88
f 1007/333/88 6628/479/9 6626/480/39
s 0
f 970/294/9 6612/468/9 973/300/9
f 6612/468/9 970/294/9 6629/481/9
f 6629/481/9 970/294/9 969/295/9
s 1
f 6620/471/19 6631/484/77 6632/483/44
f 6631/484/77 6620/471/19 6630/482/410
f 6630/482/410 6620/471/19 6619/472/9
f 6629/481/9 6635/487/77 6636/486/82
f 6635/487/77 6629/481/9 6634/485/85
f 6634/485/85 6629/481/9 6633/488/9
s 0
f 6633/488/9 6629/481/9 969/295/9
s 1
f 6639/491/418 6637/490/107 6638/489/87
f 6637/490/107 6639/491/418 6617/470/24
f 6617/470/24 6639/491/418 6618/469/18
f 1008/334/37 6640/493/408 997/323/87
f 6640/493/408 1008/334/37 6642/492/18
f 6642/492/18 1008/334/37 6641/494/40
s 0
f 6642/492/18 991/318/18 6624/477/18
s 1
f 991/318/18 6642/492/18 992/317/40
f 992/317/40 6642/492/18 6641/494/40
f 968/296/39 6633/488/9 969/295/9
f 6633/488/9 968/296/39 6628/479/9
f 6628/479/9 968/296/39 6626/480/39
f 6643/495/411 6618/469/18 6639/491/418
f 6618/469/18 6643/495/411 6644/496/100
f 6618/469/18 6644/496/100 6645/497/119
f 6618/469/18 6645/497/119 6646/498/103
f 6618/469/18 6646/498/103 6607/461/84
f 6618/469/18 6607/461/84 6611/459/18
f 6619/472/9 6650/499/115 6630/482/410
f 6650/499/115 6619/472/9 6649/500/99
f 6649/500/99 6619/472/9 6648/501/118
f 6648/501/118 6619/472/9 6647/502/413
f 6647/502/413 6619/472/9 6615/465/82
f 6615/465/82 6619/472/9 6616/467/9
f 6651/503/116 6610/463/18 6609/462/407
f 6610/463/18 6651/503/116 6652/504/100
f 6610/463/18 6652/504/100 6653/505/419
f 6610/463/18 6653/505/419 6654/506/103
f 6610/463/18 6654/506/103 6621/473/84
f 6610/463/18 6621/473/84 6625/476/18
f 6612/468/9 6658/507/115 6613/464/410
f 6658/507/115 6612/468/9 6657/508/99
f 6657/508/99 6612/468/9 6656/509/118
f 6656/509/118 6612/468/9 6655/510/102
f 6655/510/102 6612/468/9 6636/486/82
f 6636/486/82 6612/468/9 6629/481/9
f 6633/488/9 6662/511/115 6634/485/85
f 6662/511/115 6633/488/9 6661/512/99
f 6661/512/99 6633/488/9 6660/513/118
f 6660/513/118 6633/488/9 6659/514/413
f 6659/514/413 6633/488/9 6627/478/409
f 6627/478/409 6633/488/9 6628/479/9
f 6663/515/116 6624/477/18 6623/474/416
f 6624/477/18 6663/515/116 6664/516/100
f 6624/477/18 6664/516/100 6665/517/412
f 6624/477/18 6665/517/412 6666/518/103
f 6624/477/18 6666/518/103 6640/493/408
f 6624/477/18 6640/493/408 6642/492/18
f 6668/459/18 6671/460/107 6667/461/48
f 6671/460/107 6668/459/18 6670/462/396
f 6670/462/396 6668/459/18 6669/463/18
s 0
f 6669/463/18 6668/459/18 1063/309/18
s 1
f 6675/464/394 6673/465/47 6674/466/44
f 6673/465/47 6675/464/394 6672/467/9
f 6672/467/9 6675/464/394 6676/468/9
s 0
f 6672/467/9 6676/468/9 1054/300/9
s 1
f 1064/310/20 6677/469/18 6678/470/20
f 6677/469/18 1064/310/20 6668/459/18
f 6668/459/18 1064/310/20 1063/309/18
f 6672/467/9 6679/471/23 6680/472/9
f 6679/471/23 6672/467/9 1053/299/23
f 1053/299/23 6672/467/9 1054/300/9
f 6681/473/414 6684/474/396 6685/475/107
f 6684/474/396 6681/473/414 6682/476/18
f 6684/474/396 6682/476/18 6683/477/18
s 0
f 6683/477/18 6682/476/18 1072/318/18
f 1060/306/18 6669/463/18 1063/309/18
f 6669/463/18 1060/306/18 6682/476/18
f 6682/476/18 1060/306/18 1072/318/18
s 1
f 1087/333/56 6688/478/395 1078/324/53
f 6688/478/395 1087/333/56 6687/479/9
f 6687/479/9 1087/333/56 6686/480/39
s 0
f 6689/481/9 1054/300/9 6676/468/9
f 1054/300/9 6689/481/9 1048/294/9
f 1048/294/9 6689/481/9 1049/295/9
s 1
f 6692/482/50 6690/483/77 6691/484/44
f 6690/483/77 6692/482/50 6679/471/23
f 6679/471/23 6692/482/50 6680/472/9
f 6695/485/394 6693/486/395 6694/487/44
f 6693/486/395 6695/485/394 6689/481/9
f 6689/481/9 6695/485/394 6696/488/9
s 0
f 6689/481/9 6696/488/9 1049/295/9
s 1
f 6678/470/20 6698/489/107 6699/490/87
f 6698/489/107 6678/470/20 6697/491/396
f 6697/491/396 6678/470/20 6677/469/18
f 6701/492/18 1077/323/52 6700/493/414
f 1077/323/52 6701/492/18 1088/334/57
f 1088/334/57 6701/492/18 6702/494/40
f 1071/317/40 6683/477/18 1072/318/18
f 6683/477/18 1071/317/40 6701/492/18
f 6701/492/18 1071/317/40 6702/494/40
s 0
f 6687/479/9 1049/295/9 6696/488/9
s 1
f 1049/295/9 6687/479/9 1050/296/39
f 1050/296/39 6687/479/9 6686/480/39
f 6677/469/18 6706/495/399 6697/491/396
f 6706/495/399 6677/469/18 6705/496/406
f 6705/496/406 6677/469/18 6704/497/67
f 6704/497/67 6677/469/18 6703/498/124
f 6703/498/124 6677/469/18 6667/461/48
f 6667/461/48 6677/469/18 6668/459/18
f 6707/499/401 6680/472/9 6692/482/50
f 6680/472/9 6707/499/401 6708/500/402
f 6680/472/9 6708/500/402 6709/501/403
f 6680/472/9 6709/501/403 6710/502/69
f 6680/472/9 6710/502/69 6673/465/47
f 6680/472/9 6673/465/47 6672/467/9
f 6669/463/18 6714/503/399 6670/462/396
f 6714/503/399 6669/463/18 6713/504/406
f 6713/504/406 6669/463/18 6712/505/67
f 6712/505/67 6669/463/18 6711/506/124
f 6711/506/124 6669/463/18 6681/473/414
f 6681/473/414 6669/463/18 6682/476/18
f 6715/507/401 6676/468/9 6675/464/394
f 6676/468/9 6715/507/401 6716/508/402
f 6676/468/9 6716/508/402 6717/509/403
f 6676/468/9 6717/509/403 6718/510/69
f 6676/468/9 6718/510/69 6693/486/395
f 6676/468/9 6693/486/395 6689/481/9
f 6719/511/401 6696/488/9 6695/485/394
f 6696/488/9 6719/511/401 6720/512/402
f 6696/488/9 6720/512/402 6721/513/403
f 6696/488/9 6721/513/403 6722/514/69
f 6696/488/9 6722/514/69 6688/478/395
f 6696/488/9 6688/478/395 6687/479/9
f 6683/477/18 6726/515/399 6684/474/396
f 6726/515/399 6683/477/18 6725/516/400
f 6725/516/400 6683/477/18 6724/517/67
f 6724/517/67 6683/477/18 6723/518/124
f 6723/518/124 6683/477/18 6700/493/414
f 6700/493/414 6683/477/18 6701/492/18
f 6729/462/416 6727/461/84 6728/460/87
f 6727/461/84 6729/462/416 6731/459/18
f 6731/459/18 6729/462/416 6730/463/18
s 0
f 6731/459/18 6730/463/18 1144/309/18
s 1
f 6736/467/9 6734/466/77 6735/465/82
f 6734/466/77 6736/467/9 6733/464/410
f 6733/464/410 6736/467/9 6732/468/9
s 0
f 6732/468/9 6736/467/9 1133/300/9
s 1
f 6731/459/18 6737/470/24 6738/469/18
f 6737/470/24 6731/459/18 1143/310/24
f 1143/310/24 6731/459/18 1144/309/18
f 1134/299/19 6739/472/9 6740/471/19
f 6739/472/9 1134/299/19 6736/467/9
f 6736/467/9 1134/299/19 1133/300/9
f 6743/474/416 6741/473/84 6742/475/87
f 6741/473/84 6743/474/416 6745/476/18
f 6745/476/18 6743/474/416 6744/477/18
s 0
f 6745/476/18 6744/477/18 1151/318/18
f 6745/476/18 1144/309/18 6730/463/18
f 1144/309/18 6745/476/18 1142/306/18
f 1142/306/18 6745/476/18 1151/318/18
s 1
f 6748/479/9 1156/324/41 6747/478/409
f 1156/324/41 6748/479/9 1167/333/88
f 1167/333/88 6748/479/9 6746/480/39
s 0
f 1130/294/9 6732/468/9 1133/300/9
f 6732/468/9 1130/294/9 6749/481/9
f 6749/481/9 1130/294/9 1129/295/9
s 1
f 6740/471/19 6751/484/77 6752/483/44
f 6751/484/77 6740/471/19 6750/482/85
f 6750/482/85 6740/471/19 6739/472/9
f 6749/481/9 6755/487/77 6756/486/82
f 6755/487/77 6749/481/9 6754/485/410
f 6754/485/410 6749/481/9 6753/488/9
s 0
f 6753/488/9 6749/481/9 1129/295/9
s 1
f 6759/491/86 6757/490/107 6758/489/87
f 6757/490/107 6759/491/86 6737/470/24
f 6737/470/24 6759/491/86 6738/469/18
f 1168/334/114 6760/493/408 1157/323/87
f 6760/493/408 1168/334/114 6762/492/18
f 6762/492/18 1168/334/114 6761/494/40
s 0
f 6762/492/18 1151/318/18 6744/477/18
s 1
f 1151/318/18 6762/492/18 1152/317/40
f 1152/317/40 6762/492/18 6761/494/40
f 1128/296/39 6753/488/9 1129/295/9
f 6753/488/9 1128/296/39 6748/479/9
f 6748/479/9 1128/296/39 6746/480/39
f 6763/495/411 6738/469/18 6759/491/86
f 6738/469/18 6763/495/411 6764/496/100
f 6738/469/18 6764/496/100 6765/497/119
f 6738/469/18 6765/497/119 6766/498/103
f 6738/469/18 6766/498/103 6727/461/84
f 6738/469/18 6727/461/84 6731/459/18
f 6739/472/9 6770/499/115 6750/482/85
f 6770/499/115 6739/472/9 6769/500/99
f 6769/500/99 6739/472/9 6768/501/118
f 6768/501/118 6739/472/9 6767/502/413
f 6767/502/413 6739/472/9 6735/465/82
f 6735/465/82 6739/472/9 6736/467/9
f 6771/503/411 6730/463/18 6729/462/416
f 6730/463/18 6771/503/411 6772/504/100
f 6730/463/18 6772/504/100 6773/505/412
f 6730/463/18 6773/505/412 6774/506/103
f 6730/463/18 6774/506/103 6741/473/84
f 6730/463/18 6741/473/84 6745/476/18
f 6732/468/9 6778/507/115 6733/464/410
f 6778/507/115 6732/468/9 6777/508/99
f 6777/508/99 6732/468/9 6776/509/118
f 6776/509/118 6732/468/9 6775/510/102
f 6775/510/102 6732/468/9 6756/486/82
f 6756/486/82 6732/468/9 6749/481/9
f 6753/488/9 6782/511/115 6754/485/410
f 6782/511/115 6753/488/9 6781/512/99
f 6781/512/99 6753/488/9 6780/513/118
f 6780/513/118 6753/488/9 6779/514/102
f 6779/514/102 6753/488/9 6747/478/409
f 6747/478/409 6753/488/9 6748/479/9
f 6783/515/411 6744/477/18 6743/474/416
f 6744/477/18 6783/515/411 6784/516/100
f 6744/477/18 6784/516/100 6785/517/412
f 6744/477/18 6785/517/412 6786/518/103
f 6744/477/18 6786/518/103 6760/493/408
f 6744/477/18 6760/493/408 6762/492/18
f 6788/459/18 6791/460/107 6787/461/414
f 6791/460/107 6788/459/18 6790/462/396
f 6790/462/396 6788/459/18 6789/463/18
s 0
f 6789/463/18 6788/459/18 1223/309/18
s 1
f 6795/464/394 6793/465/395 6794/466/44
f 6793/465/395 6795/464/394 6792/467/9
f 6792/467/9 6795/464/394 6796/468/9
s 0
f 6792/467/9 6796/468/9 1214/300/9
s 1
f 1224/310/20 6797/469/18 6798/470/20
f 6797/469/18 1224/310/20 6788/459/18
f 6788/459/18 1224/310/20 1223/309/18
f 6792/467/9 6799/471/23 6800/472/9
f 6799/471/23 6792/467/9 1213/299/23
f 1213/299/23 6792/467/9 1214/300/9
f 6801/473/414 6804/474/396 6805/475/107
f 6804/474/396 6801/473/414 6802/476/18
f 6804/474/396 6802/476/18 6803/477/18
s 0
f 6803/477/18 6802/476/18 1232/318/18
f 1220/306/18 6789/463/18 1223/309/18
f 6789/463/18 1220/306/18 6802/476/18
f 6802/476/18 1220/306/18 1232/318/18
s 1
f 1247/333/56 6808/478/395 1238/324/53
f 6808/478/395 1247/333/56 6807/479/9
f 6807/479/9 1247/333/56 6806/480/39
s 0
f 6809/481/9 1214/300/9 6796/468/9
f 1214/300/9 6809/481/9 1208/294/9
f 1208/294/9 6809/481/9 1209/295/9
s 1
f 6812/482/50 6810/483/77 6811/484/44
f 6810/483/77 6812/482/50 6799/471/23
f 6799/471/23 6812/482/50 6800/472/9
f 6815/485/394 6813/486/395 6814/487/44
f 6813/486/395 6815/485/394 6809/481/9
f 6809/481/9 6815/485/394 6816/488/9
s 0
f 6809/481/9 6816/488/9 1209/295/9
s 1
f 6798/470/20 6818/489/107 6819/490/87
f 6818/489/107 6798/470/20 6817/491/51
f 6817/491/51 6798/470/20 6797/469/18
f 6821/492/18 1237/323/52 6820/493/48
f 1237/323/52 6821/492/18 1248/334/57
f 1248/334/57 6821/492/18 6822/494/40
f 1231/317/40 6803/477/18 1232/318/18
f 6803/477/18 1231/317/40 6821/492/18
f 6821/492/18 1231/317/40 6822/494/40
s 0
f 6807/479/9 1209/295/9 6816/488/9
s 1
f 1209/295/9 6807/479/9 1210/296/39
f 1210/296/39 6807/479/9 6806/480/39
f 6797/469/18 6826/495/399 6817/491/51
f 6826/495/399 6797/469/18 6825/496/404
f 6825/496/404 6797/469/18 6824/497/67
f 6824/497/67 6797/469/18 6823/498/124
f 6823/498/124 6797/469/18 6787/461/414
f 6787/461/414 6797/469/18 6788/459/18
f 6827/499/401 6800/472/9 6812/482/50
f 6800/472/9 6827/499/401 6828/500/402
f 6800/472/9 6828/500/402 6829/501/403
f 6800/472/9 6829/501/403 6830/502/69
f 6800/472/9 6830/502/69 6793/465/395
f 6800/472/9 6793/465/395 6792/467/9
f 6789/463/18 6834/503/399 6790/462/396
f 6834/503/399 6789/463/18 6833/504/404
f 6833/504/404 6789/463/18 6832/505/67
f 6832/505/67 6789/463/18 6831/506/124
f 6831/506/124 6789/463/18 6801/473/414
f 6801/473/414 6789/463/18 6802/476/18
f 6835/507/401 6796/468/9 6795/464/394
f 6796/468/9 6835/507/401 6836/508/402
f 6796/468/9 6836/508/402 6837/509/420
f 6796/468/9 6837/509/420 6838/510/69
f 6796/468/9 6838/510/69 6813/486/395
f 6796/468/9 6813/486/395 6809/481/9
f 6839/511/405 6816/488/9 6815/485/394
f 6816/488/9 6839/511/405 6840/512/402
f 6816/488/9 6840/512/402 6841/513/403
f 6816/488/9 6841/513/403 6842/514/69
f 6816/488/9 6842/514/69 6808/478/395
f 6816/488/9 6808/478/395 6807/479/9
f 6803/477/18 6846/515/399 6804/474/396
f 6846/515/399 6803/477/18 6845/516/406
f 6845/516/406 6803/477/18 6844/517/67
f 6844/517/67 6803/477/18 6843/518/124
f 6843/518/124 6803/477/18 6820/493/48
f 6820/493/48 6803/477/18 6821/492/18
f 6849/462/416 6847/461/408 6848/460/87
f 6847/461/408 6849/462/416 6851/459/18
f 6851/459/18 6849/462/416 6850/463/18
s 0
f 6851/459/18 6850/463/18 1304/309/18
s 1
f 6856/467/9 6854/466/77 6855/465/409
f 6854/466/77 6856/467/9 6853/464/410
f 6853/464/410 6856/467/9 6852/468/9
s 0
f 6852/468/9 6856/467/9 1293/300/9
s 1
f 6851/459/18 6857/470/24 6858/469/18
f 6857/470/24 6851/459/18 1303/310/24
f 1303/310/24 6851/459/18 1304/309/18
f 1294/299/19 6859/472/9 6860/471/19
f 6859/472/9 1294/299/19 6856/467/9
f 6856/467/9 1294/299/19 1293/300/9
f 6863/474/407 6861/473/408 6862/475/87
f 6861/473/408 6863/474/407 6865/476/18
f 6865/476/18 6863/474/407 6864/477/18
s 0
f 6865/476/18 6864/477/18 1311/318/18
f 6865/476/18 1304/309/18 6850/463/18
f 1304/309/18 6865/476/18 1302/306/18
f 1302/306/18 6865/476/18 1311/318/18
s 1
f 6868/479/9 1316/324/41 6867/478/409
f 1316/324/41 6868/479/9 1327/333/88
f 1327/333/88 6868/479/9 6866/480/39
s 0
f 1290/294/9 6852/468/9 1293/300/9
f 6852/468/9 1290/294/9 6869/481/9
f 6869/481/9 1290/294/9 1289/295/9
s 1
f 6860/471/19 6871/484/77 6872/483/44
f 6871/484/77 6860/471/19 6870/482/85
f 6870/482/85 6860/471/19 6859/472/9
f 6869/481/9 6875/487/77 6876/486/409
f 6875/487/77 6869/481/9 6874/485/410
f 6874/485/410 6869/481/9 6873/488/9
s 0
f 6873/488/9 6869/481/9 1289/295/9
s 1
f 6879/491/86 6877/490/107 6878/489/87
f 6877/490/107 6879/491/86 6857/470/24
f 6857/470/24 6879/491/86 6858/469/18
f 1328/334/46 6880/493/84 1317/323/87
f 6880/493/84 1328/334/46 6882/492/18
f 6882/492/18 1328/334/46 6881/494/40
s 0
f 6882/492/18 1311/318/18 6864/477/18
s 1
f 1311/318/18 6882/492/18 1312/317/40
f 1312/317/40 6882/492/18 6881/494/40
f 1288/296/39 6873/488/9 1289/295/9
f 6873/488/9 1288/296/39 6868/479/9
f 6868/479/9 1288/296/39 6866/480/39
f 6883/495/116 6858/469/18 6879/491/86
f 6858/469/18 6883/495/116 6884/496/100
f 6858/469/18 6884/496/100 6885/497/119
f 6858/469/18 6885/497/119 6886/498/103
f 6858/469/18 6886/498/103 6847/461/408
f 6858/469/18 6847/461/408 6851/459/18
f 6859/472/9 6890/499/115 6870/482/85
f 6890/499/115 6859/472/9 6889/500/130
f 6889/500/130 6859/472/9 6888/501/118
f 6888/501/118 6859/472/9 6887/502/413
f 6887/502/413 6859/472/9 6855/465/409
f 6855/465/409 6859/472/9 6856/467/9
f 6891/503/116 6850/463/18 6849/462/416
f 6850/463/18 6891/503/116 6892/504/100
f 6850/463/18 6892/504/100 6893/505/119
f 6850/463/18 6893/505/119 6894/506/103
f 6850/463/18 6894/506/103 6861/473/408
f 6850/463/18 6861/473/408 6865/476/18
f 6852/468/9 6898/507/115 6853/464/410
f 6898/507/115 6852/468/9 6897/508/99
f 6897/508/99 6852/468/9 6896/509/118
f 6896/509/118 6852/468/9 6895/510/102
f 6895/510/102 6852/468/9 6876/486/409
f 6876/486/409 6852/468/9 6869/481/9
f 6873/488/9 6902/511/115 6874/485/410
f 6902/511/115 6873/488/9 6901/512/99
f 6901/512/99 6873/488/9 6900/513/118
f 6900/513/118 6873/488/9 6899/514/102
f 6899/514/102 6873/488/9 6867/478/409
f 6867/478/409 6873/488/9 6868/479/9
f 6903/515/411 6864/477/18 6863/474/407
f 6864/477/18 6903/515/411 6904/516/100
f 6864/477/18 6904/516/100 6905/517/412
f 6864/477/18 6905/517/412 6906/518/103
f 6864/477/18 6906/518/103 6880/493/84
f 6864/477/18 6880/493/84 6882/492/18
f 6908/459/18 6911/460/107 6907/461/414
f 6911/460/107 6908/459/18 6910/462/396
f 6910/462/396 6908/459/18 6909/463/18
s 0
f 6909/463/18 6908/459/18 1383/309/18
s 1
f 6915/464/394 6913/465/395 6914/466/44
f 6913/465/395 6915/464/394 6912/467/9
f 6912/467/9 6915/464/394 6916/468/9
s 0
f 6912/467/9 6916/468/9 1374/300/9
s 1
f 1384/310/20 6917/469/18 6918/470/20
f 6917/469/18 1384/310/20 6908/459/18
f 6908/459/18 1384/310/20 1383/309/18
f 6912/467/9 6919/471/23 6920/472/9
f 6919/471/23 6912/467/9 1373/299/23
f 1373/299/23 6912/467/9 1374/300/9
f 6921/473/414 6924/474/396 6925/475/55
f 6924/474/396 6921/473/414 6922/476/18
f 6924/474/396 6922/476/18 6923/477/18
s 0
f 6923/477/18 6922/476/18 1392/318/18
f 1380/306/18 6909/463/18 1383/309/18
f 6909/463/18 1380/306/18 6922/476/18
f 6922/476/18 1380/306/18 1392/318/18
s 1
f 1407/333/56 6928/478/395 1398/324/53
f 6928/478/395 1407/333/56 6927/479/9
f 6927/479/9 1407/333/56 6926/480/39
s 0
f 6929/481/9 1374/300/9 6916/468/9
f 1374/300/9 6929/481/9 1368/294/9
f 1368/294/9 6929/481/9 1369/295/9
s 1
f 6932/482/421 6930/483/77 6931/484/44
f 6930/483/77 6932/482/421 6919/471/23
f 6919/471/23 6932/482/421 6920/472/9
f 6935/485/394 6933/486/395 6934/487/49
f 6933/486/395 6935/485/394 6929/481/9
f 6929/481/9 6935/485/394 6936/488/9
s 0
f 6929/481/9 6936/488/9 1369/295/9
s 1
f 6918/470/20 6938/489/55 6939/490/87
f 6938/489/55 6918/470/20 6937/491/51
f 6937/491/51 6918/470/20 6917/469/18
f 6941/492/18 1397/323/52 6940/493/398
f 1397/323/52 6941/492/18 1408/334/57
f 1408/334/57 6941/492/18 6942/494/415
s 0
f 1392/318/18 6941/492/18 6923/477/18
s 1
f 6941/492/18 1392/318/18 1391/317/40
f 6941/492/18 1391/317/40 6942/494/415
s 0
f 6927/479/9 1369/295/9 6936/488/9
s 1
f 1369/295/9 6927/479/9 1370/296/39
f 1370/296/39 6927/479/9 6926/480/39
f 6917/469/18 6946/495/399 6937/491/51
f 6946/495/399 6917/469/18 6945/496/406
f 6945/496/406 6917/469/18 6944/497/67
f 6944/497/67 6917/469/18 6943/498/124
f 6943/498/124 6917/469/18 6907/461/414
f 6907/461/414 6917/469/18 6908/459/18
f 6947/499/401 6920/472/9 6932/482/421
f 6920/472/9 6947/499/401 6948/500/402
f 6920/472/9 6948/500/402 6949/501/403
f 6920/472/9 6949/501/403 6950/502/69
f 6920/472/9 6950/502/69 6913/465/395
f 6920/472/9 6913/465/395 6912/467/9
f 6909/463/18 6954/503/399 6910/462/396
f 6954/503/399 6909/463/18 6953/504/406
f 6953/504/406 6909/463/18 6952/505/67
f 6952/505/67 6909/463/18 6951/506/124
f 6951/506/124 6909/463/18 6921/473/414
f 6921/473/414 6909/463/18 6922/476/18
f 6955/507/401 6916/468/9 6915/464/394
f 6916/468/9 6955/507/401 6956/508/402
f 6916/468/9 6956/508/402 6957/509/403
f 6916/468/9 6957/509/403 6958/510/69
f 6916/468/9 6958/510/69 6933/486/395
f 6916/468/9 6933/486/395 6929/481/9
f 6959/511/405 6936/488/9 6935/485/394
f 6936/488/9 6959/511/405 6960/512/402
f 6936/488/9 6960/512/402 6961/513/422
f 6936/488/9 6961/513/422 6962/514/69
f 6936/488/9 6962/514/69 6928/478/395
f 6936/488/9 6928/478/395 6927/479/9
f 6923/477/18 6966/515/399 6924/474/396
f 6966/515/399 6923/477/18 6965/516/406
f 6965/516/406 6923/477/18 6964/517/67
f 6964/517/67 6923/477/18 6963/518/124
f 6963/518/124 6923/477/18 6940/493/398
f 6940/493/398 6923/477/18 6941/492/18
f 6969/462/416 6967/461/408 6968/460/87
f 6967/461/408 6969/462/416 6971/459/18
f 6971/459/18 6969/462/416 6970/463/18
s 0
f 6971/459/18 6970/463/18 1464/309/18
s 1
f 6976/467/9 6974/466/77 6975/465/409
f 6974/466/77 6976/467/9 6973/464/410
f 6973/464/410 6976/467/9 6972/468/9
s 0
f 6972/468/9 6976/467/9 1453/300/9
s 1
f 6971/459/18 6977/470/24 6978/469/18
f 6977/470/24 6971/459/18 1463/310/24
f 1463/310/24 6971/459/18 1464/309/18
f 1454/299/19 6979/472/9 6980/471/19
f 6979/472/9 1454/299/19 6976/467/9
f 6976/467/9 1454/299/19 1453/300/9
f 6983/474/407 6981/473/408 6982/475/87
f 6981/473/408 6983/474/407 6985/476/18
f 6985/476/18 6983/474/407 6984/477/18
s 0
f 6985/476/18 6984/477/18 1471/318/18
f 6985/476/18 1464/309/18 6970/463/18
f 1464/309/18 6985/476/18 1462/306/18
f 1462/306/18 6985/476/18 1471/318/18
s 1
f 6988/479/9 1476/324/41 6987/478/409
f 1476/324/41 6988/479/9 1487/333/88
f 1487/333/88 6988/479/9 6986/480/39
s 0
f 1450/294/9 6972/468/9 1453/300/9
f 6972/468/9 1450/294/9 6989/481/9
f 6989/481/9 1450/294/9 1449/295/9
s 1
f 6980/471/19 6991/484/77 6992/483/44
f 6991/484/77 6980/471/19 6990/482/410
f 6990/482/410 6980/471/19 6979/472/9
f 6989/481/9 6995/487/77 6996/486/409
f 6995/487/77 6989/481/9 6994/485/410
f 6994/485/410 6989/481/9 6993/488/9
s 0
f 6993/488/9 6989/481/9 1449/295/9
s 1
f 6999/491/407 6997/490/107 6998/489/140
f 6997/490/107 6999/491/407 6977/470/24
f 6977/470/24 6999/491/407 6978/469/18
f 1488/334/46 7000/493/84 1477/323/87
f 7000/493/84 1488/334/46 7002/492/18
f 7002/492/18 1488/334/46 7001/494/415
s 0
f 7002/492/18 1471/318/18 6984/477/18
s 1
f 1471/318/18 7002/492/18 1472/317/40
f 1472/317/40 7002/492/18 7001/494/415
f 1448/296/39 6993/488/9 1449/295/9
f 6993/488/9 1448/296/39 6988/479/9
f 6988/479/9 1448/296/39 6986/480/39
f 7003/495/411 6978/469/18 6999/491/407
f 6978/469/18 7003/495/411 7004/496/100
f 6978/469/18 7004/496/100 7005/497/119
f 6978/469/18 7005/497/119 7006/498/103
f 6978/469/18 7006/498/103 6967/461/408
f 6978/469/18 6967/461/408 6971/459/18
f 6979/472/9 7010/499/115 6990/482/410
f 7010/499/115 6979/472/9 7009/500/99
f 7009/500/99 6979/472/9 7008/501/118
f 7008/501/118 6979/472/9 7007/502/102
f 7007/502/102 6979/472/9 6975/465/409
f 6975/465/409 6979/472/9 6976/467/9
f 7011/503/116 6970/463/18 6969/462/416
f 6970/463/18 7011/503/116 7012/504/100
f 6970/463/18 7012/504/100 7013/505/419
f 6970/463/18 7013/505/419 7014/506/103
f 6970/463/18 7014/506/103 6981/473/408
f 6970/463/18 6981/473/408 6985/476/18
f 6972/468/9 7018/507/115 6973/464/410
f 7018/507/115 6972/468/9 7017/508/99
f 7017/508/99 6972/468/9 7016/509/118
f 7016/509/118 6972/468/9 7015/510/102
f 7015/510/102 6972/468/9 6996/486/409
f 6996/486/409 6972/468/9 6989/481/9
f 6993/488/9 7022/511/115 6994/485/410
f 7022/511/115 6993/488/9 7021/512/99
f 7021/512/99 6993/488/9 7020/513/118
f 7020/513/118 6993/488/9 7019/514/413
f 7019/514/413 6993/488/9 6987/478/409
f 6987/478/409 6993/488/9 6988/479/9
f 7023/515/116 6984/477/18 6983/474/407
f 6984/477/18 7023/515/116 7024/516/100
f 6984/477/18 7024/516/100 7025/517/412
f 6984/477/18 7025/517/412 7026/518/103
f 6984/477/18 7026/518/103 7000/493/84
f 6984/477/18 7000/493/84 7002/492/18
f 7028/459/18 7031/460/107 7027/461/414
f 7031/460/107 7028/459/18 7030/462/396
f 7030/462/396 7028/459/18 7029/463/18
s 0
f 7029/463/18 7028/459/18 1543/309/18
s 1
f 7035/464/394 7033/465/395 7034/466/44
f 7033/465/395 7035/464/394 7032/467/9
f 7032/467/9 7035/464/394 7036/468/9
s 0
f 7032/467/9 7036/468/9 1534/300/9
s 1
f 1544/310/20 7037/469/18 7038/470/20
f 7037/469/18 1544/310/20 7028/459/18
f 7028/459/18 1544/310/20 1543/309/18
f 7032/467/9 7039/471/23 7040/472/9
f 7039/471/23 7032/467/9 1533/299/23
f 1533/299/23 7032/467/9 1534/300/9
f 7041/473/414 7044/474/396 7045/475/107
f 7044/474/396 7041/473/414 7042/476/18
f 7044/474/396 7042/476/18 7043/477/18
s 0
f 7043/477/18 7042/476/18 1552/318/18
f 1540/306/18 7029/463/18 1543/309/18
f 7029/463/18 1540/306/18 7042/476/18
f 7042/476/18 1540/306/18 1552/318/18
s 1
f 1567/333/56 7048/478/395 1558/324/53
f 7048/478/395 1567/333/56 7047/479/9
f 7047/479/9 1567/333/56 7046/480/39
s 0
f 7049/481/9 1534/300/9 7036/468/9
f 1534/300/9 7049/481/9 1528/294/9
f 1528/294/9 7049/481/9 1529/295/9
s 1
f 7052/482/394 7050/483/77 7051/484/44
f 7050/483/77 7052/482/394 7039/471/23
f 7039/471/23 7052/482/394 7040/472/9
f 7055/485/423 7053/486/395 7054/487/44
f 7053/486/395 7055/485/423 7049/481/9
f 7049/481/9 7055/485/423 7056/488/9
s 0
f 7049/481/9 7056/488/9 1529/295/9
s 1
f 7038/470/20 7058/489/107 7059/490/87
f 7058/489/107 7038/470/20 7057/491/396
f 7057/491/396 7038/470/20 7037/469/18
f 7061/492/18 1557/323/52 7060/493/398
f 1557/323/52 7061/492/18 1568/334/57
f 1568/334/57 7061/492/18 7062/494/40
s 0
f 1552/318/18 7061/492/18 7043/477/18
s 1
f 7061/492/18 1552/318/18 1551/317/40
f 7061/492/18 1551/317/40 7062/494/40
s 0
f 7047/479/9 1529/295/9 7056/488/9
s 1
f 1529/295/9 7047/479/9 1530/296/39
f 1530/296/39 7047/479/9 7046/480/39
f 7037/469/18 7066/495/399 7057/491/396
f 7066/495/399 7037/469/18 7065/496/406
f 7065/496/406 7037/469/18 7064/497/67
f 7064/497/67 7037/469/18 7063/498/124
f 7063/498/124 7037/469/18 7027/461/414
f 7027/461/414 7037/469/18 7028/459/18
f 7067/499/401 7040/472/9 7052/482/394
f 7040/472/9 7067/499/401 7068/500/402
f 7040/472/9 7068/500/402 7069/501/403
f 7040/472/9 7069/501/403 7070/502/69
f 7040/472/9 7070/502/69 7033/465/395
f 7040/472/9 7033/465/395 7032/467/9
f 7029/463/18 7074/503/399 7030/462/396
f 7074/503/399 7029/463/18 7073/504/406
f 7073/504/406 7029/463/18 7072/505/67
f 7072/505/67 7029/463/18 7071/506/124
f 7071/506/124 7029/463/18 7041/473/414
f 7041/473/414 7029/463/18 7042/476/18
f 7075/507/401 7036/468/9 7035/464/394
f 7036/468/9 7075/507/401 7076/508/402
f 7036/468/9 7076/508/402 7077/509/403
f 7036/468/9 7077/509/403 7078/510/69
f 7036/468/9 7078/510/69 7053/486/395
f 7036/468/9 7053/486/395 7049/481/9
f 7079/511/401 7056/488/9 7055/485/423
f 7056/488/9 7079/511/401 7080/512/402
f 7056/488/9 7080/512/402 7081/513/422
f 7056/488/9 7081/513/422 7082/514/69
f 7056/488/9 7082/514/69 7048/478/395
f 7056/488/9 7048/478/395 7047/479/9
f 7043/477/18 7086/515/399 7044/474/396
f 7086/515/399 7043/477/18 7085/516/406
f 7085/516/406 7043/477/18 7084/517/67
f 7084/517/67 7043/477/18 7083/518/124
f 7083/518/124 7043/477/18 7060/493/398
f 7060/493/398 7043/477/18 7061/492/18
f 7089/462/407 7087/461/408 7088/460/87
f 7087/461/408 7089/462/407 7091/459/18
f 7091/459/18 7089/462/407 7090/463/18
s 0
f 7091/459/18 7090/463/18 1624/309/18
s 1
f 7096/467/9 7094/466/77 7095/465/409
f 7094/466/77 7096/467/9 7093/464/410
f 7093/464/410 7096/467/9 7092/468/9
s 0
f 7092/468/9 7096/467/9 1613/300/9
s 1
f 7091/459/18 7097/470/24 7098/469/18
f 7097/470/24 7091/459/18 1623/310/24
f 1623/310/24 7091/459/18 1624/309/18
f 1614/299/19 7099/472/9 7100/471/19
f 7099/472/9 1614/299/19 7096/467/9
f 7096/467/9 1614/299/19 1613/300/9
f 7103/474/416 7101/473/408 7102/475/87
f 7101/473/408 7103/474/416 7105/476/18
f 7105/476/18 7103/474/416 7104/477/18
s 0
f 7105/476/18 7104/477/18 1631/318/18
f 7105/476/18 1624/309/18 7090/463/18
f 1624/309/18 7105/476/18 1622/306/18
f 1622/306/18 7105/476/18 1631/318/18
s 1
f 7108/479/9 1636/324/41 7107/478/409
f 1636/324/41 7108/479/9 1647/333/88
f 1647/333/88 7108/479/9 7106/480/39
s 0
f 1610/294/9 7092/468/9 1613/300/9
f 7092/468/9 1610/294/9 7109/481/9
f 7109/481/9 1610/294/9 1609/295/9
s 1
f 7100/471/19 7111/484/77 7112/483/44
f 7111/484/77 7100/471/19 7110/482/410
f 7110/482/410 7100/471/19 7099/472/9
f 7109/481/9 7115/487/77 7116/486/409
f 7115/487/77 7109/481/9 7114/485/410
f 7114/485/410 7109/481/9 7113/488/9
s 0
f 7113/488/9 7109/481/9 1609/295/9
s 1
f 7119/491/86 7117/490/107 7118/489/87
f 7117/490/107 7119/491/86 7097/470/24
f 7097/470/24 7119/491/86 7098/469/18
f 1648/334/46 7120/493/408 1637/323/87
f 7120/493/408 1648/334/46 7122/492/18
f 7122/492/18 1648/334/46 7121/494/40
s 0
f 7122/492/18 1631/318/18 7104/477/18
s 1
f 1631/318/18 7122/492/18 1632/317/40
f 1632/317/40 7122/492/18 7121/494/40
f 1608/296/39 7113/488/9 1609/295/9
f 7113/488/9 1608/296/39 7108/479/9
f 7108/479/9 1608/296/39 7106/480/39
f 7123/495/411 7098/469/18 7119/491/86
f 7098/469/18 7123/495/411 7124/496/100
f 7098/469/18 7124/496/100 7125/497/119
f 7098/469/18 7125/497/119 7126/498/103
f 7098/469/18 7126/498/103 7087/461/408
f 7098/469/18 7087/461/408 7091/459/18
f 7099/472/9 7130/499/115 7110/482/410
f 7130/499/115 7099/472/9 7129/500/99
f 7129/500/99 7099/472/9 7128/501/118
f 7128/501/118 7099/472/9 7127/502/102
f 7127/502/102 7099/472/9 7095/465/409
f 7095/465/409 7099/472/9 7096/467/9
f 7131/503/116 7090/463/18 7089/462/407
f 7090/463/18 7131/503/116 7132/504/100
f 7090/463/18 7132/504/100 7133/505/419
f 7090/463/18 7133/505/419 7134/506/103
f 7090/463/18 7134/506/103 7101/473/408
f 7090/463/18 7101/473/408 7105/476/18
f 7092/468/9 7138/507/115 7093/464/410
f 7138/507/115 7092/468/9 7137/508/99
f 7137/508/99 7092/468/9 7136/509/118
f 7136/509/118 7092/468/9 7135/510/102
f 7135/510/102 7092/468/9 7116/486/409
f 7116/486/409 7092/468/9 7109/481/9
f 7113/488/9 7142/511/115 7114/485/410
f 7142/511/115 7113/488/9 7141/512/99
f 7141/512/99 7113/488/9 7140/513/118
f 7140/513/118 7113/488/9 7139/514/413
f 7139/514/413 7113/488/9 7107/478/409
f 7107/478/409 7113/488/9 7108/479/9
f 7143/515/116 7104/477/18 7103/474/416
f 7104/477/18 7143/515/116 7144/516/100
f 7104/477/18 7144/516/100 7145/517/412
f 7104/477/18 7145/517/412 7146/518/103
f 7104/477/18 7146/518/103 7120/493/408
f 7104/477/18 7120/493/408 7122/492/18
s 0
f 7149/463/22 7148/459/22 1703/309/22
s 1
f 7148/459/22 7149/463/22 7147/461/142
f 7147/461/142 7149/463/22 7150/462/424
f 7147/461/142 7150/462/424 7151/460/35
f 7153/465/141 1694/300/21 7152/467/21
f 1694/300/21 7153/465/141 7156/468/21
f 7156/468/21 7153/465/141 7155/464/425
f 7155/464/425 7153/465/141 7154/466/43
f 1703/309/22 7158/470/23 1704/310/23
f 7158/470/23 1703/309/22 7157/469/22
s 0
f 7157/469/22 1703/309/22 7148/459/22
s 1
f 7160/472/21 1693/299/19 7159/471/19
f 1693/299/19 7160/472/21 1694/300/21
s 0
f 1694/300/21 7160/472/21 7152/467/21
f 7163/477/22 7162/476/22 1712/318/22
s 1
f 7162/476/22 7163/477/22 7161/473/426
f 7161/473/426 7163/477/22 7164/474/424
f 7161/473/426 7164/474/424 7165/475/147
s 0
f 1712/318/22 1703/309/22 1700/306/22
f 1703/309/22 1712/318/22 7149/463/22
f 7149/463/22 1712/318/22 7162/476/22
s 1
f 7168/478/427 7166/480/138 7167/479/21
f 7166/480/138 7168/478/427 1727/333/148
f 1727/333/148 7168/478/427 1718/324/145
s 0
f 7156/468/21 1688/294/21 1694/300/21
f 1688/294/21 7156/468/21 1689/295/21
f 1689/295/21 7156/468/21 7169/481/21
s 1
f 7171/484/73 7159/471/19 7170/483/72
f 7159/471/19 7171/484/73 7160/472/21
f 7160/472/21 7171/484/73 7172/482/425
s 0
f 7169/481/21 7176/488/21 1689/295/21
s 1
f 7176/488/21 7169/481/21 7173/486/427
f 7176/488/21 7173/486/427 7175/485/425
f 7175/485/425 7173/486/427 7174/487/73
f 7157/469/22 7179/490/83 7158/470/23
f 7179/490/83 7157/469/22 7178/489/147
f 7178/489/147 7157/469/22 7177/491/424
f 1728/334/149 7181/492/22 7182/494/139
f 7181/492/22 1728/334/149 7180/493/428
f 7180/493/428 1728/334/149 1717/323/87
f 7182/494/139 1712/318/22 1711/317/139
f 1712/318/22 7182/494/139 7163/477/22
f 7163/477/22 7182/494/139 7181/492/22
f 7176/488/21 1690/296/138 1689/295/21
f 1690/296/138 7176/488/21 7166/480/138
f 7166/480/138 7176/488/21 7167/479/21
f 7148/459/22 7177/491/424 7157/469/22
f 7177/491/424 7148/459/22 7186/495/210
f 7186/495/210 7148/459/22 7185/496/429
f 7185/496/429 7148/459/22 7184/497/187
f 7184/497/187 7148/459/22 7183/498/200
f 7183/498/200 7148/459/22 7147/461/142
f 7172/482/425 7152/467/21 7160/472/21
f 7152/467/21 7172/482/425 7187/499/430
f 7152/467/21 7187/499/430 7188/500/431
f 7152/467/21 7188/500/431 7189/501/432
f 7152/467/21 7189/501/432 7190/502/184
f 7152/467/21 7190/502/184 7153/465/141
f 7162/476/22 7150/462/424 7149/463/22
f 7150/462/424 7162/476/22 7194/503/210
f 7194/503/210 7162/476/22 7193/504/429
f 7193/504/429 7162/476/22 7192/505/187
f 7192/505/187 7162/476/22 7191/506/433
f 7191/506/433 7162/476/22 7161/473/426
f 7155/464/425 7169/481/21 7156/468/21
f 7169/481/21 7155/464/425 7195/507/430
f 7169/481/21 7195/507/430 7196/508/431
f 7169/481/21 7196/508/431 7197/509/432
f 7169/481/21 7197/509/432 7198/510/184
f 7169/481/21 7198/510/184 7173/486/427
f 7175/485/425 7167/479/21 7176/488/21
f 7167/479/21 7175/485/425 7199/511/434
f 7167/479/21 7199/511/434 7200/512/431
f 7167/479/21 7200/512/431 7201/513/432
f 7167/479/21 7201/513/432 7202/514/184
f 7167/479/21 7202/514/184 7168/478/427
f 7181/492/22 7164/474/424 7163/477/22
f 7164/474/424 7181/492/22 7206/515/210
f 7206/515/210 7181/492/22 7205/516/435
f 7205/516/435 7181/492/22 7204/517/187
f 7204/517/187 7181/492/22 7203/518/200
f 7203/518/200 7181/492/22 7180/493/428
f 7210/463/22 7208/460/36 7209/462/436
f 7208/460/36 7210/463/22 7207/461/165
f 7207/461/165 7210/463/22 7211/459/22
s 0
f 7211/459/22 7210/463/22 1784/309/22
s 1
f 7215/465/437 7213/464/438 7214/466/72
f 7213/464/438 7215/465/437 7212/468/21
f 7212/468/21 7215/465/437 7216/467/21
s 0
f 7212/468/21 7216/467/21 1773/300/21
s 1
f 1783/310/20 7211/459/22 1784/309/22
f 7211/459/22 1783/310/20 7218/469/22
f 7218/469/22 1783/310/20 7217/470/20
s 0
f 7219/472/21 1773/300/21 7216/467/21
s 1
f 1773/300/21 7219/472/21 1774/299/24
f 1774/299/24 7219/472/21 7220/471/24
f 7224/477/22 7222/475/36 7223/474/167
f 7222/475/36 7224/477/22 7221/473/165
f 7221/473/165 7224/477/22 7225/476/22
s 0
f 7225/476/22 7224/477/22 1791/318/22
f 1791/318/22 7210/463/22 7225/476/22
f 7210/463/22 1791/318/22 1782/306/22
f 7210/463/22 1782/306/22 1784/309/22
s 1
f 7227/478/437 1807/333/56 1796/324/53
f 1807/333/56 7227/478/437 7226/480/138
f 7226/480/138 7227/478/437 7228/479/21
s 0
f 7212/468/21 1769/295/21 7229/481/21
f 1769/295/21 7212/468/21 1770/294/21
f 1770/294/21 7212/468/21 1773/300/21
s 1
f 7232/483/73 7230/482/438 7231/484/72
f 7230/482/438 7232/483/73 7219/472/21
f 7219/472/21 7232/483/73 7220/471/24
f 7236/486/164 7234/485/166 7235/487/72
f 7234/485/166 7236/486/164 7233/488/21
f 7233/488/21 7236/486/164 7229/481/21
s 0
f 7233/488/21 7229/481/21 1769/295/21
s 1
f 7218/469/22 7238/489/36 7239/491/436
f 7238/489/36 7218/469/22 7237/490/35
f 7237/490/35 7218/469/22 7217/470/20
f 7241/494/139 1797/323/36 1808/334/168
f 1797/323/36 7241/494/139 7240/493/439
f 7240/493/439 7241/494/139 7242/492/22
f 1792/317/139 7242/492/22 7241/494/139
f 7242/492/22 1792/317/139 7224/477/22
f 7224/477/22 1792/317/139 1791/318/22
f 7233/488/21 7226/480/138 7228/479/21
f 7226/480/138 7233/488/21 1768/296/138
f 1768/296/138 7233/488/21 1769/295/21
f 7211/459/22 7246/498/179 7207/461/165
f 7246/498/179 7211/459/22 7245/497/440
f 7245/497/440 7211/459/22 7244/496/211
f 7244/496/211 7211/459/22 7243/495/441
f 7243/495/441 7211/459/22 7239/491/436
f 7239/491/436 7211/459/22 7218/469/22
f 7247/502/442 7216/467/21 7215/465/437
f 7216/467/21 7247/502/442 7248/501/443
f 7216/467/21 7248/501/443 7249/500/444
f 7216/467/21 7249/500/444 7250/499/196
f 7216/467/21 7250/499/196 7230/482/438
f 7216/467/21 7230/482/438 7219/472/21
f 7225/476/22 7254/506/179 7221/473/165
f 7254/506/179 7225/476/22 7253/505/445
f 7253/505/445 7225/476/22 7252/504/211
f 7252/504/211 7225/476/22 7251/503/441
f 7251/503/441 7225/476/22 7209/462/436
f 7209/462/436 7225/476/22 7210/463/22
f 7255/510/178 7229/481/21 7236/486/164
f 7229/481/21 7255/510/178 7256/509/443
f 7229/481/21 7256/509/443 7257/508/446
f 7229/481/21 7257/508/446 7258/507/196
f 7229/481/21 7258/507/196 7213/464/438
f 7229/481/21 7213/464/438 7212/468/21
f 7259/514/178 7228/479/21 7227/478/437
f 7228/479/21 7259/514/178 7260/513/443
f 7228/479/21 7260/513/443 7261/512/446
f 7228/479/21 7261/512/446 7262/511/196
f 7228/479/21 7262/511/196 7234/485/166
f 7228/479/21 7234/485/166 7233/488/21
f 7242/492/22 7266/518/179 7240/493/439
f 7266/518/179 7242/492/22 7265/517/445
f 7265/517/445 7242/492/22 7264/516/211
f 7264/516/211 7242/492/22 7263/515/441
f 7263/515/441 7242/492/22 7223/474/167
f 7223/474/167 7242/492/22 7224/477/22
s 0
f 7269/463/22 7268/459/22 1863/309/22
s 1
f 7268/459/22 7269/463/22 7267/461/426
f 7267/461/426 7269/463/22 7270/462/424
f 7267/461/426 7270/462/424 7271/460/35
f 7273/465/447 1854/300/21 7272/467/21
f 1854/300/21 7273/465/447 7276/468/21
f 7276/468/21 7273/465/447 7275/464/425
f 7275/464/425 7273/465/447 7274/466/43
f 1863/309/22 7278/470/23 1864/310/23
f 7278/470/23 1863/309/22 7277/469/22
s 0
f 7277/469/22 1863/309/22 7268/459/22
s 1
f 7280/472/21 1853/299/19 7279/471/19
f 1853/299/19 7280/472/21 1854/300/21
s 0
f 1854/300/21 7280/472/21 7272/467/21
f 7283/477/22 7282/476/22 1872/318/22
s 1
f 7282/476/22 7283/477/22 7281/473/142
f 7281/473/142 7283/477/22 7284/474/424
f 7281/473/142 7284/474/424 7285/475/35
s 0
f 1872/318/22 1863/309/22 1860/306/22
f 1863/309/22 1872/318/22 7269/463/22
f 7269/463/22 1872/318/22 7282/476/22
s 1
f 7288/478/141 7286/480/138 7287/479/21
f 7286/480/138 7288/478/141 1887/333/148
f 1887/333/148 7288/478/141 1878/324/145
s 0
f 7276/468/21 1848/294/21 1854/300/21
f 1848/294/21 7276/468/21 1849/295/21
f 1849/295/21 7276/468/21 7289/481/21
s 1
f 7291/484/43 7279/471/19 7290/483/72
f 7279/471/19 7291/484/43 7280/472/21
f 7280/472/21 7291/484/43 7292/482/425
s 0
f 7289/481/21 7296/488/21 1849/295/21
s 1
f 7296/488/21 7289/481/21 7293/486/447
f 7296/488/21 7293/486/447 7295/485/425
f 7295/485/425 7293/486/447 7294/487/43
f 7277/469/22 7299/490/36 7278/470/23
f 7299/490/36 7277/469/22 7298/489/35
f 7298/489/35 7277/469/22 7297/491/424
f 1888/334/161 7301/492/22 7302/494/139
f 7301/492/22 1888/334/161 7300/493/142
f 7300/493/142 1888/334/161 1877/323/87
f 7302/494/139 1872/318/22 1871/317/139
f 1872/318/22 7302/494/139 7283/477/22
f 7283/477/22 7302/494/139 7301/492/22
f 7296/488/21 1850/296/138 1849/295/21
f 1850/296/138 7296/488/21 7286/480/138
f 7286/480/138 7296/488/21 7287/479/21
f 7268/459/22 7297/491/424 7277/469/22
f 7297/491/424 7268/459/22 7306/495/210
f 7306/495/210 7268/459/22 7305/496/429
f 7305/496/429 7268/459/22 7304/497/187
f 7304/497/187 7268/459/22 7303/498/200
f 7303/498/200 7268/459/22 7267/461/426
f 7292/482/425 7272/467/21 7280/472/21
f 7272/467/21 7292/482/425 7307/499/430
f 7272/467/21 7307/499/430 7308/500/431
f 7272/467/21 7308/500/431 7309/501/432
f 7272/467/21 7309/501/432 7310/502/184
f 7272/467/21 7310/502/184 7273/465/447
f 7282/476/22 7270/462/424 7269/463/22
f 7270/462/424 7282/476/22 7314/503/210
f 7314/503/210 7282/476/22 7313/504/429
f 7313/504/429 7282/476/22 7312/505/187
f 7312/505/187 7282/476/22 7311/506/200
f 7311/506/200 7282/476/22 7281/473/142
f 7275/464/425 7289/481/21 7276/468/21
f 7289/481/21 7275/464/425 7315/507/430
f 7289/481/21 7315/507/430 7316/508/431
f 7289/481/21 7316/508/431 7317/509/432
f 7289/481/21 7317/509/432 7318/510/184
f 7289/481/21 7318/510/184 7293/486/447
f 7295/485/425 7287/479/21 7296/488/21
f 7287/479/21 7295/485/425 7319/511/434
f 7287/479/21 7319/511/434 7320/512/431
f 7287/479/21 7320/512/431 7321/513/448
f 7287/479/21 7321/513/448 7322/514/184
f 7287/479/21 7322/514/184 7288/478/141
f 7301/492/22 7284/474/424 7283/477/22
f 7284/474/424 7301/492/22 7326/515/210
f 7326/515/210 7301/492/22 7325/516/435
f 7325/516/435 7301/492/22 7324/517/187
f 7324/517/187 7301/492/22 7323/518/200
f 7323/518/200 7301/492/22 7300/493/142
f 7330/463/22 7328/460/36 7329/462/436
f 7328/460/36 7330/463/22 7327/461/439
f 7327/461/439 7330/463/22 7331/459/22
s 0
f 7331/459/22 7330/463/22 1944/309/22
s 1
f 7335/465/164 7333/464/438 7334/466/72
f 7333/464/438 7335/465/164 7332/468/21
f 7332/468/21 7335/465/164 7336/467/21
s 0
f 7332/468/21 7336/467/21 1933/300/21
s 1
f 1943/310/20 7331/459/22 1944/309/22
f 7331/459/22 1943/310/20 7338/469/22
f 7338/469/22 1943/310/20 7337/470/20
s 0
f 7339/472/21 1933/300/21 7336/467/21
s 1
f 1933/300/21 7339/472/21 1934/299/24
f 1934/299/24 7339/472/21 7340/471/24
f 7344/477/22 7342/475/36 7343/474/436
f 7342/475/36 7344/477/22 7341/473/165
f 7341/473/165 7344/477/22 7345/476/22
s 0
f 7345/476/22 7344/477/22 1951/318/22
f 1951/318/22 7330/463/22 7345/476/22
f 7330/463/22 1951/318/22 1942/306/22
f 7330/463/22 1942/306/22 1944/309/22
s 1
f 7347/478/437 1967/333/56 1956/324/76
f 1967/333/56 7347/478/437 7346/480/138
f 7346/480/138 7347/478/437 7348/479/21
s 0
f 7332/468/21 1929/295/21 7349/481/21
f 1929/295/21 7332/468/21 1930/294/21
f 1930/294/21 7332/468/21 1933/300/21
s 1
f 7352/483/73 7350/482/438 7351/484/72
f 7350/482/438 7352/483/73 7339/472/21
f 7339/472/21 7352/483/73 7340/471/24
f 7356/486/164 7354/485/438 7355/487/72
f 7354/485/438 7356/486/164 7353/488/21
f 7353/488/21 7356/486/164 7349/481/21
s 0
f 7353/488/21 7349/481/21 1929/295/21
s 1
f 7338/469/22 7358/489/36 7359/491/436
f 7358/489/36 7338/469/22 7357/490/35
f 7357/490/35 7338/469/22 7337/470/20
f 7361/494/139 1957/323/36 1968/334/189
f 1957/323/36 7361/494/139 7360/493/439
f 7360/493/439 7361/494/139 7362/492/22
f 1952/317/139 7362/492/22 7361/494/139
f 7362/492/22 1952/317/139 7344/477/22
f 7344/477/22 1952/317/139 1951/318/22
f 7353/488/21 7346/480/138 7348/479/21
f 7346/480/138 7353/488/21 1928/296/138
f 1928/296/138 7353/488/21 1929/295/21
f 7331/459/22 7366/498/179 7327/461/439
f 7366/498/179 7331/459/22 7365/497/445
f 7365/497/445 7331/459/22 7364/496/449
f 7364/496/449 7331/459/22 7363/495/441
f 7363/495/441 7331/459/22 7359/491/436
f 7359/491/436 7331/459/22 7338/469/22
f 7367/502/178 7336/467/21 7335/465/164
f 7336/467/21 7367/502/178 7368/501/443
f 7336/467/21 7368/501/443 7369/500/444
f 7336/467/21 7369/500/444 7370/499/196
f 7336/467/21 7370/499/196 7350/482/438
f 7336/467/21 7350/482/438 7339/472/21
f 7345/476/22 7374/506/179 7341/473/165
f 7374/506/179 7345/476/22 7373/505/445
f 7373/505/445 7345/476/22 7372/504/211
f 7372/504/211 7345/476/22 7371/503/450
f 7371/503/450 7345/476/22 7329/462/436
f 7329/462/436 7345/476/22 7330/463/22
f 7375/510/178 7349/481/21 7356/486/164
f 7349/481/21 7375/510/178 7376/509/443
f 7349/481/21 7376/509/443 7377/508/444
f 7349/481/21 7377/508/444 7378/507/196
f 7349/481/21 7378/507/196 7333/464/438
f 7349/481/21 7333/464/438 7332/468/21
f 7379/514/178 7348/479/21 7347/478/437
f 7348/479/21 7379/514/178 7380/513/443
f 7348/479/21 7380/513/443 7381/512/446
f 7348/479/21 7381/512/446 7382/511/196
f 7348/479/21 7382/511/196 7354/485/438
f 7348/479/21 7354/485/438 7353/488/21
f 7362/492/22 7386/518/179 7360/493/439
f 7386/518/179 7362/492/22 7385/517/445
f 7385/517/445 7362/492/22 7384/516/211
f 7384/516/211 7362/492/22 7383/515/441
f 7383/515/441 7362/492/22 7343/474/436
f 7343/474/436 7362/492/22 7344/477/22
s 0
f 7389/463/22 7388/459/22 2023/309/22
s 1
f 7388/459/22 7389/463/22 7387/461/142
f 7387/461/142 7389/463/22 7390/462/424
f 7387/461/142 7390/462/424 7391/460/35
f 7393/465/141 2014/300/21 7392/467/21
f 2014/300/21 7393/465/141 7396/468/21
f 7396/468/21 7393/465/141 7395/464/425
f 7395/464/425 7393/465/141 7394/466/73
f 2023/309/22 7398/470/23 2024/310/23
f 7398/470/23 2023/309/22 7397/469/22
s 0
f 7397/469/22 2023/309/22 7388/459/22
s 1
f 7400/472/21 2013/299/19 7399/471/19
f 2013/299/19 7400/472/21 2014/300/21
s 0
f 2014/300/21 7400/472/21 7392/467/21
f 7403/477/22 7402/476/22 2032/318/22
s 1
f 7402/476/22 7403/477/22 7401/473/142
f 7401/473/142 7403/477/22 7404/474/424
f 7401/473/142 7404/474/424 7405/475/35
s 0
f 2032/318/22 2023/309/22 2020/306/22
f 2023/309/22 2032/318/22 7389/463/22
f 7389/463/22 2032/318/22 7402/476/22
s 1
f 7408/478/141 7406/480/138 7407/479/21
f 7406/480/138 7408/478/141 2047/333/148
f 2047/333/148 7408/478/141 2038/324/145
s 0
f 7396/468/21 2008/294/21 2014/300/21
f 2008/294/21 7396/468/21 2009/295/21
f 2009/295/21 7396/468/21 7409/481/21
s 1
f 7411/484/73 7399/471/19 7410/483/72
f 7399/471/19 7411/484/73 7400/472/21
f 7400/472/21 7411/484/73 7412/482/425
s 0
f 7409/481/21 7416/488/21 2009/295/21
s 1
f 7416/488/21 7409/481/21 7413/486/141
f 7416/488/21 7413/486/141 7415/485/425
f 7415/485/425 7413/486/141 7414/487/73
f 7397/469/22 7419/490/36 7398/470/23
f 7419/490/36 7397/469/22 7418/489/35
f 7418/489/35 7397/469/22 7417/491/424
f 2048/334/149 7421/492/22 7422/494/139
f 7421/492/22 2048/334/149 7420/493/428
f 7420/493/428 2048/334/149 2037/323/87
f 7422/494/139 2032/318/22 2031/317/139
f 2032/318/22 7422/494/139 7403/477/22
f 7403/477/22 7422/494/139 7421/492/22
f 7416/488/21 2010/296/138 2009/295/21
f 2010/296/138 7416/488/21 7406/480/138
f 7406/480/138 7416/488/21 7407/479/21
f 7388/459/22 7417/491/424 7397/469/22
f 7417/491/424 7388/459/22 7426/495/210
f 7426/495/210 7388/459/22 7425/496/435
f 7425/496/435 7388/459/22 7424/497/187
f 7424/497/187 7388/459/22 7423/498/200
f 7423/498/200 7388/459/22 7387/461/142
f 7412/482/425 7392/467/21 7400/472/21
f 7392/467/21 7412/482/425 7427/499/434
f 7392/467/21 7427/499/434 7428/500/431
f 7392/467/21 7428/500/431 7429/501/432
f 7392/467/21 7429/501/432 7430/502/184
f 7392/467/21 7430/502/184 7393/465/141
f 7402/476/22 7390/462/424 7389/463/22
f 7390/462/424 7402/476/22 7434/503/210
f 7434/503/210 7402/476/22 7433/504/435
f 7433/504/435 7402/476/22 7432/505/187
f 7432/505/187 7402/476/22 7431/506/200
f 7431/506/200 7402/476/22 7401/473/142
f 7395/464/425 7409/481/21 7396/468/21
f 7409/481/21 7395/464/425 7435/507/430
f 7409/481/21 7435/507/430 7436/508/431
f 7409/481/21 7436/508/431 7437/509/432
f 7409/481/21 7437/509/432 7438/510/184
f 7409/481/21 7438/510/184 7413/486/141
f 7415/485/425 7407/479/21 7416/488/21
f 7407/479/21 7415/485/425 7439/511/434
f 7407/479/21 7439/511/434 7440/512/431
f 7407/479/21 7440/512/431 7441/513/432
f 7407/479/21 7441/513/432 7442/514/184
f 7407/479/21 7442/514/184 7408/478/141
f 7421/492/22 7404/474/424 7403/477/22
f 7404/474/424 7421/492/22 7446/515/210
f 7446/515/210 7421/492/22 7445/516/435
f 7445/516/435 7421/492/22 7444/517/187
f 7444/517/187 7421/492/22 7443/518/433
f 7443/518/433 7421/492/22 7420/493/428
f 7450/463/22 7448/460/36 7449/462/436
f 7448/460/36 7450/463/22 7447/461/165
f 7447/461/165 7450/463/22 7451/459/22
s 0
f 7451/459/22 7450/463/22 2104/309/22
s 1
f 7455/465/451 7453/464/438 7454/466/72
f 7453/464/438 7455/465/451 7452/468/21
f 7452/468/21 7455/465/451 7456/467/21
s 0
f 7452/468/21 7456/467/21 2093/300/21
s 1
f 2103/310/20 7451/459/22 2104/309/22
f 7451/459/22 2103/310/20 7458/469/22
f 7458/469/22 2103/310/20 7457/470/20
s 0
f 7459/472/21 2093/300/21 7456/467/21
s 1
f 2093/300/21 7459/472/21 2094/299/24
f 2094/299/24 7459/472/21 7460/471/24
f 7464/477/22 7462/475/36 7463/474/436
f 7462/475/36 7464/477/22 7461/473/165
f 7461/473/165 7464/477/22 7465/476/22
s 0
f 7465/476/22 7464/477/22 2111/318/22
f 2111/318/22 7450/463/22 7465/476/22
f 7450/463/22 2111/318/22 2102/306/22
f 7450/463/22 2102/306/22 2104/309/22
s 1
f 7467/478/437 2127/333/56 2116/324/53
f 2127/333/56 7467/478/437 7466/480/138
f 7466/480/138 7467/478/437 7468/479/21
s 0
f 7452/468/21 2089/295/21 7469/481/21
f 2089/295/21 7452/468/21 2090/294/21
f 2090/294/21 7452/468/21 2093/300/21
s 1
f 7472/483/73 7470/482/166 7471/484/72
f 7470/482/166 7472/483/73 7459/472/21
f 7459/472/21 7472/483/73 7460/471/24
f 7476/486/164 7474/485/438 7475/487/72
f 7474/485/438 7476/486/164 7473/488/21
f 7473/488/21 7476/486/164 7469/481/21
s 0
f 7473/488/21 7469/481/21 2089/295/21
s 1
f 7458/469/22 7478/489/36 7479/491/436
f 7478/489/36 7458/469/22 7477/490/35
f 7477/490/35 7458/469/22 7457/470/20
f 7481/494/139 2117/323/36 2128/334/168
f 2117/323/36 7481/494/139 7480/493/165
f 7480/493/165 7481/494/139 7482/492/22
f 2112/317/139 7482/492/22 7481/494/139
f 7482/492/22 2112/317/139 7464/477/22
f 7464/477/22 2112/317/139 2111/318/22
f 7473/488/21 7466/480/138 7468/479/21
f 7466/480/138 7473/488/21 2088/296/138
f 2088/296/138 7473/488/21 2089/295/21
f 7451/459/22 7486/498/179 7447/461/165
f 7486/498/179 7451/459/22 7485/497/445
f 7485/497/445 7451/459/22 7484/496/211
f 7484/496/211 7451/459/22 7483/495/441
f 7483/495/441 7451/459/22 7479/491/436
f 7479/491/436 7451/459/22 7458/469/22
f 7487/502/442 7456/467/21 7455/465/451
f 7456/467/21 7487/502/442 7488/501/443
f 7456/467/21 7488/501/443 7489/500/452
f 7456/467/21 7489/500/452 7490/499/196
f 7456/467/21 7490/499/196 7470/482/166
f 7456/467/21 7470/482/166 7459/472/21
f 7465/476/22 7494/506/179 7461/473/165
f 7494/506/179 7465/476/22 7493/505/445
f 7493/505/445 7465/476/22 7492/504/211
f 7492/504/211 7465/476/22 7491/503/450
f 7491/503/450 7465/476/22 7449/462/436
f 7449/462/436 7465/476/22 7450/463/22
f 7495/510/178 7469/481/21 7476/486/164
f 7469/481/21 7495/510/178 7496/509/443
f 7469/481/21 7496/509/443 7497/508/446
f 7469/481/21 7497/508/446 7498/507/196
f 7469/481/21 7498/507/196 7453/464/438
f 7469/481/21 7453/464/438 7452/468/21
f 7499/514/442 7468/479/21 7467/478/437
f 7468/479/21 7499/514/442 7500/513/443
f 7468/479/21 7500/513/443 7501/512/446
f 7468/479/21 7501/512/446 7502/511/196
f 7468/479/21 7502/511/196 7474/485/438
f 7468/479/21 7474/485/438 7473/488/21
f 7482/492/22 7506/518/179 7480/493/165
f 7506/518/179 7482/492/22 7505/517/445
f 7505/517/445 7482/492/22 7504/516/211
f 7504/516/211 7482/492/22 7503/515/441
f 7503/515/441 7482/492/22 7463/474/436
f 7463/474/436 7482/492/22 7464/477/22
s 0
f 7509/463/22 7508/459/22 2183/309/22
s 1
f 7508/459/22 7509/463/22 7507/461/142
f 7507/461/142 7509/463/22 7510/462/424
f 7507/461/142 7510/462/424 7511/460/35
f 7513/465/141 2174/300/21 7512/467/21
f 2174/300/21 7513/465/141 7516/468/21
f 7516/468/21 7513/465/141 7515/464/425
f 7515/464/425 7513/465/141 7514/466/73
f 2183/309/22 7518/470/23 2184/310/23
f 7518/470/23 2183/309/22 7517/469/22
s 0
f 7517/469/22 2183/309/22 7508/459/22
s 1
f 7520/472/21 2173/299/19 7519/471/19
f 2173/299/19 7520/472/21 2174/300/21
s 0
f 2174/300/21 7520/472/21 7512/467/21
f 7523/477/22 7522/476/22 2192/318/22
s 1
f 7522/476/22 7523/477/22 7521/473/142
f 7521/473/142 7523/477/22 7524/474/144
f 7521/473/142 7524/474/144 7525/475/35
s 0
f 2192/318/22 2183/309/22 2180/306/22
f 2183/309/22 2192/318/22 7509/463/22
f 7509/463/22 2192/318/22 7522/476/22
s 1
f 7528/478/427 7526/480/138 7527/479/21
f 7526/480/138 7528/478/427 2207/333/148
f 2207/333/148 7528/478/427 2198/324/52
s 0
f 7516/468/21 2168/294/21 2174/300/21
f 2168/294/21 7516/468/21 2169/295/21
f 2169/295/21 7516/468/21 7529/481/21
s 1
f 7531/484/73 7519/471/19 7530/483/72
f 7519/471/19 7531/484/73 7520/472/21
f 7520/472/21 7531/484/73 7532/482/425
s 0
f 7529/481/21 7536/488/21 2169/295/21
s 1
f 7536/488/21 7529/481/21 7533/486/141
f 7536/488/21 7533/486/141 7535/485/143
f 7535/485/143 7533/486/141 7534/487/73
f 7517/469/22 7539/490/36 7518/470/23
f 7539/490/36 7517/469/22 7538/489/35
f 7538/489/35 7517/469/22 7537/491/424
f 2208/334/161 7541/492/22 7542/494/139
f 7541/492/22 2208/334/161 7540/493/453
f 7540/493/453 2208/334/161 2197/323/87
f 7542/494/139 2192/318/22 2191/317/204
f 2192/318/22 7542/494/139 7523/477/22
f 7523/477/22 7542/494/139 7541/492/22
f 7536/488/21 2170/296/138 2169/295/21
f 2170/296/138 7536/488/21 7526/480/138
f 7526/480/138 7536/488/21 7527/479/21
f 7508/459/22 7537/491/424 7517/469/22
f 7537/491/424 7508/459/22 7546/495/210
f 7546/495/210 7508/459/22 7545/496/435
f 7545/496/435 7508/459/22 7544/497/187
f 7544/497/187 7508/459/22 7543/498/200
f 7543/498/200 7508/459/22 7507/461/142
f 7532/482/425 7512/467/21 7520/472/21
f 7512/467/21 7532/482/425 7547/499/434
f 7512/467/21 7547/499/434 7548/500/431
f 7512/467/21 7548/500/431 7549/501/432
f 7512/467/21 7549/501/432 7550/502/184
f 7512/467/21 7550/502/184 7513/465/141
f 7522/476/22 7510/462/424 7509/463/22
f 7510/462/424 7522/476/22 7554/503/210
f 7554/503/210 7522/476/22 7553/504/435
f 7553/504/435 7522/476/22 7552/505/187
f 7552/505/187 7522/476/22 7551/506/200
f 7551/506/200 7522/476/22 7521/473/142
f 7515/464/425 7529/481/21 7516/468/21
f 7529/481/21 7515/464/425 7555/507/434
f 7529/481/21 7555/507/434 7556/508/431
f 7529/481/21 7556/508/431 7557/509/432
f 7529/481/21 7557/509/432 7558/510/184
f 7529/481/21 7558/510/184 7533/486/141
f 7535/485/143 7527/479/21 7536/488/21
f 7527/479/21 7535/485/143 7559/511/434
f 7527/479/21 7559/511/434 7560/512/431
f 7527/479/21 7560/512/431 7561/513/432
f 7527/479/21 7561/513/432 7562/514/184
f 7527/479/21 7562/514/184 7528/478/427
f 7541/492/22 7524/474/144 7523/477/22
f 7524/474/144 7541/492/22 7566/515/210
f 7566/515/210 7541/492/22 7565/516/435
f 7565/516/435 7541/492/22 7564/517/187
f 7564/517/187 7541/492/22 7563/518/200
f 7563/518/200 7541/492/22 7540/493/453
f 7570/463/22 7568/460/36 7569/462/436
f 7568/460/36 7570/463/22 7567/461/165
f 7567/461/165 7570/463/22 7571/459/22
s 0
f 7571/459/22 7570/463/22 2264/309/22
s 1
f 7575/465/164 7573/464/438 7574/466/72
f 7573/464/438 7575/465/164 7572/468/21
f 7572/468/21 7575/465/164 7576/467/21
s 0
f 7572/468/21 7576/467/21 2253/300/21
s 1
f 2263/310/20 7571/459/22 2264/309/22
f 7571/459/22 2263/310/20 7578/469/22
f 7578/469/22 2263/310/20 7577/470/20
s 0
f 7579/472/21 2253/300/21 7576/467/21
s 1
f 2253/300/21 7579/472/21 2254/299/24
f 2254/299/24 7579/472/21 7580/471/24
f 7584/477/22 7582/475/36 7583/474/167
f 7582/475/36 7584/477/22 7581/473/165
f 7581/473/165 7584/477/22 7585/476/22
s 0
f 7585/476/22 7584/477/22 2271/318/22
f 2271/318/22 7570/463/22 7585/476/22
f 7570/463/22 2271/318/22 2262/306/22
f 7570/463/22 2262/306/22 2264/309/22
s 1
f 7587/478/437 2287/333/56 2276/324/53
f 2287/333/56 7587/478/437 7586/480/138
f 7586/480/138 7587/478/437 7588/479/21
s 0
f 7572/468/21 2249/295/21 7589/481/21
f 2249/295/21 7572/468/21 2250/294/21
f 2250/294/21 7572/468/21 2253/300/21
s 1
f 7592/483/73 7590/482/438 7591/484/72
f 7590/482/438 7592/483/73 7579/472/21
f 7579/472/21 7592/483/73 7580/471/24
f 7596/486/164 7594/485/166 7595/487/72
f 7594/485/166 7596/486/164 7593/488/21
f 7593/488/21 7596/486/164 7589/481/21
s 0
f 7593/488/21 7589/481/21 2249/295/21
s 1
f 7578/469/22 7598/489/36 7599/491/436
f 7598/489/36 7578/469/22 7597/490/35
f 7597/490/35 7578/469/22 7577/470/20
f 7601/494/139 2277/323/36 2288/334/168
f 2277/323/36 7601/494/139 7600/493/439
f 7600/493/439 7601/494/139 7602/492/22
f 2272/317/139 7602/492/22 7601/494/139
f 7602/492/22 2272/317/139 7584/477/22
f 7584/477/22 2272/317/139 2271/318/22
f 7593/488/21 7586/480/138 7588/479/21
f 7586/480/138 7593/488/21 2248/296/138
f 2248/296/138 7593/488/21 2249/295/21
f 7571/459/22 7606/498/179 7567/461/165
f 7606/498/179 7571/459/22 7605/497/445
f 7605/497/445 7571/459/22 7604/496/211
f 7604/496/211 7571/459/22 7603/495/441
f 7603/495/441 7571/459/22 7599/491/436
f 7599/491/436 7571/459/22 7578/469/22
f 7607/502/442 7576/467/21 7575/465/164
f 7576/467/21 7607/502/442 7608/501/443
f 7576/467/21 7608/501/443 7609/500/444
f 7576/467/21 7609/500/444 7610/499/196
f 7576/467/21 7610/499/196 7590/482/438
f 7576/467/21 7590/482/438 7579/472/21
f 7585/476/22 7614/506/179 7581/473/165
f 7614/506/179 7585/476/22 7613/505/445
f 7613/505/445 7585/476/22 7612/504/211
f 7612/504/211 7585/476/22 7611/503/441
f 7611/503/441 7585/476/22 7569/462/436
f 7569/462/436 7585/476/22 7570/463/22
f 7615/510/178 7589/481/21 7596/486/164
f 7589/481/21 7615/510/178 7616/509/443
f 7589/481/21 7616/509/443 7617/508/446
f 7589/481/21 7617/508/446 7618/507/196
f 7589/481/21 7618/507/196 7573/464/438
f 7589/481/21 7573/464/438 7572/468/21
f 7619/514/178 7588/479/21 7587/478/437
f 7588/479/21 7619/514/178 7620/513/443
f 7588/479/21 7620/513/443 7621/512/446
f 7588/479/21 7621/512/446 7622/511/196
f 7588/479/21 7622/511/196 7594/485/166
f 7588/479/21 7594/485/166 7593/488/21
f 7602/492/22 7626/518/179 7600/493/439
f 7626/518/179 7602/492/22 7625/517/445
f 7625/517/445 7602/492/22 7624/516/211
f 7624/516/211 7602/492/22 7623/515/441
f 7623/515/441 7602/492/22 7583/474/167
f 7583/474/167 7602/492/22 7584/477/22
s 0
f 7629/463/22 7628/459/22 2343/309/22
s 1
f 7628/459/22 7629/463/22 7627/461/428
f 7627/461/428 7629/463/22 7630/462/424
f 7627/461/428 7630/462/424 7631/460/35
f 7633/465/427 2334/300/21 7632/467/21
f 2334/300/21 7633/465/427 7636/468/21
f 7636/468/21 7633/465/427 7635/464/425
f 7635/464/425 7633/465/427 7634/466/73
f 2343/309/22 7638/470/23 2344/310/23
f 7638/470/23 2343/309/22 7637/469/22
s 0
f 7637/469/22 2343/309/22 7628/459/22
s 1
f 7640/472/21 2333/299/19 7639/471/19
f 2333/299/19 7640/472/21 2334/300/21
s 0
f 2334/300/21 7640/472/21 7632/467/21
f 7643/477/22 7642/476/22 2352/318/22
s 1
f 7642/476/22 7643/477/22 7641/473/428
f 7641/473/428 7643/477/22 7644/474/424
f 7641/473/428 7644/474/424 7645/475/35
s 0
f 2352/318/22 2343/309/22 2340/306/22
f 2343/309/22 2352/318/22 7629/463/22
f 7629/463/22 2352/318/22 7642/476/22
s 1
f 7648/478/427 7646/480/138 7647/479/21
f 7646/480/138 7648/478/427 2367/333/148
f 2367/333/148 7648/478/427 2358/324/145
s 0
f 7636/468/21 2328/294/21 2334/300/21
f 2328/294/21 7636/468/21 2329/295/21
f 2329/295/21 7636/468/21 7649/481/21
s 1
f 7651/484/73 7639/471/19 7650/483/72
f 7639/471/19 7651/484/73 7640/472/21
f 7640/472/21 7651/484/73 7652/482/425
s 0
f 7649/481/21 7656/488/21 2329/295/21
s 1
f 7656/488/21 7649/481/21 7653/486/427
f 7656/488/21 7653/486/427 7655/485/425
f 7655/485/425 7653/486/427 7654/487/73
f 7637/469/22 7659/490/36 7638/470/23
f 7659/490/36 7637/469/22 7658/489/35
f 7658/489/35 7637/469/22 7657/491/424
f 2368/334/161 7661/492/22 7662/494/139
f 7661/492/22 2368/334/161 7660/493/426
f 7660/493/426 2368/334/161 2357/323/87
f 7662/494/139 2352/318/22 2351/317/139
f 2352/318/22 7662/494/139 7643/477/22
f 7643/477/22 7662/494/139 7661/492/22
f 7656/488/21 2330/296/138 2329/295/21
f 2330/296/138 7656/488/21 7646/480/138
f 7646/480/138 7656/488/21 7647/479/21
f 7628/459/22 7657/491/424 7637/469/22
f 7657/491/424 7628/459/22 7666/495/210
f 7666/495/210 7628/459/22 7665/496/429
f 7665/496/429 7628/459/22 7664/497/187
f 7664/497/187 7628/459/22 7663/498/200
f 7663/498/200 7628/459/22 7627/461/428
f 7652/482/425 7632/467/21 7640/472/21
f 7632/467/21 7652/482/425 7667/499/430
f 7632/467/21 7667/499/430 7668/500/431
f 7632/467/21 7668/500/431 7669/501/432
f 7632/467/21 7669/501/432 7670/502/184
f 7632/467/21 7670/502/184 7633/465/427
f 7642/476/22 7630/462/424 7629/463/22
f 7630/462/424 7642/476/22 7674/503/210
f 7674/503/210 7642/476/22 7673/504/429
f 7673/504/429 7642/476/22 7672/505/187
f 7672/505/187 7642/476/22 7671/506/200
f 7671/506/200 7642/476/22 7641/473/428
f 7635/464/425 7649/481/21 7636/468/21
f 7649/481/21 7635/464/425 7675/507/430
f 7649/481/21 7675/507/430 7676/508/431
f 7649/481/21 7676/508/431 7677/509/432
f 7649/481/21 7677/509/432 7678/510/184
f 7649/481/21 7678/510/184 7653/486/427
f 7655/485/425 7647/479/21 7656/488/21
f 7647/479/21 7655/485/425 7679/511/434
f 7647/479/21 7679/511/434 7680/512/431
f 7647/479/21 7680/512/431 7681/513/448
f 7647/479/21 7681/513/448 7682/514/184
f 7647/479/21 7682/514/184 7648/478/427
f 7661/492/22 7644/474/424 7643/477/22
f 7644/474/424 7661/492/22 7686/515/210
f 7686/515/210 7661/492/22 7685/516/435
f 7685/516/435 7661/492/22 7684/517/187
f 7684/517/187 7661/492/22 7683/518/200
f 7683/518/200 7661/492/22 7660/493/426
f 7690/463/22 7688/460/36 7689/462/436
f 7688/460/36 7690/463/22 7687/461/439
f 7687/461/439 7690/463/22 7691/459/22
s 0
f 7691/459/22 7690/463/22 2424/309/22
s 1
f 7695/465/437 7693/464/438 7694/466/72
f 7693/464/438 7695/465/437 7692/468/21
f 7692/468/21 7695/465/437 7696/467/21
s 0
f 7692/468/21 7696/467/21 2413/300/21
s 1
f 2423/310/20 7691/459/22 2424/309/22
f 7691/459/22 2423/310/20 7698/469/22
f 7698/469/22 2423/310/20 7697/470/20
s 0
f 7699/472/21 2413/300/21 7696/467/21
s 1
f 2413/300/21 7699/472/21 2414/299/24
f 2414/299/24 7699/472/21 7700/471/24
f 7704/477/22 7702/475/36 7703/474/436
f 7702/475/36 7704/477/22 7701/473/439
f 7701/473/439 7704/477/22 7705/476/22
s 0
f 7705/476/22 7704/477/22 2431/318/22
f 2431/318/22 7690/463/22 7705/476/22
f 7690/463/22 2431/318/22 2422/306/22
f 7690/463/22 2422/306/22 2424/309/22
s 1
f 7707/478/437 2447/333/56 2436/324/53
f 2447/333/56 7707/478/437 7706/480/138
f 7706/480/138 7707/478/437 7708/479/21
s 0
f 7692/468/21 2409/295/21 7709/481/21
f 2409/295/21 7692/468/21 2410/294/21
f 2410/294/21 7692/468/21 2413/300/21
s 1
f 7712/483/73 7710/482/438 7711/484/72
f 7710/482/438 7712/483/73 7699/472/21
f 7699/472/21 7712/483/73 7700/471/24
f 7716/486/437 7714/485/438 7715/487/72
f 7714/485/438 7716/486/437 7713/488/21
f 7713/488/21 7716/486/437 7709/481/21
s 0
f 7713/488/21 7709/481/21 2409/295/21
s 1
f 7698/469/22 7718/489/36 7719/491/436
f 7718/489/36 7698/469/22 7717/490/35
f 7717/490/35 7698/469/22 7697/470/20
f 7721/494/139 2437/323/36 2448/334/168
f 2437/323/36 7721/494/139 7720/493/439
f 7720/493/439 7721/494/139 7722/492/22
f 2432/317/139 7722/492/22 7721/494/139
f 7722/492/22 2432/317/139 7704/477/22
f 7704/477/22 2432/317/139 2431/318/22
f 7713/488/21 7706/480/138 7708/479/21
f 7706/480/138 7713/488/21 2408/296/138
f 2408/296/138 7713/488/21 2409/295/21
f 7691/459/22 7726/498/179 7687/461/439
f 7726/498/179 7691/459/22 7725/497/445
f 7725/497/445 7691/459/22 7724/496/211
f 7724/496/211 7691/459/22 7723/495/441
f 7723/495/441 7691/459/22 7719/491/436
f 7719/491/436 7691/459/22 7698/469/22
f 7727/502/442 7696/467/21 7695/465/437
f 7696/467/21 7727/502/442 7728/501/443
f 7696/467/21 7728/501/443 7729/500/444
f 7696/467/21 7729/500/444 7730/499/196
f 7696/467/21 7730/499/196 7710/482/438
f 7696/467/21 7710/482/438 7699/472/21
f 7705/476/22 7734/506/179 7701/473/439
f 7734/506/179 7705/476/22 7733/505/445
f 7733/505/445 7705/476/22 7732/504/211
f 7732/504/211 7705/476/22 7731/503/441
f 7731/503/441 7705/476/22 7689/462/436
f 7689/462/436 7705/476/22 7690/463/22
f 7735/510/178 7709/481/21 7716/486/437
f 7709/481/21 7735/510/178 7736/509/443
f 7709/481/21 7736/509/443 7737/508/444
f 7709/481/21 7737/508/444 7738/507/196
f 7709/481/21 7738/507/196 7693/464/438
f 7709/481/21 7693/464/438 7692/468/21
f 7739/514/178 7708/479/21 7707/478/437
f 7708/479/21 7739/514/178 7740/513/443
f 7708/479/21 7740/513/443 7741/512/446
f 7708/479/21 7741/512/446 7742/511/196
f 7708/479/21 7742/511/196 7714/485/438
f 7708/479/21 7714/485/438 7713/488/21
f 7722/492/22 7746/518/179 7720/493/439
f 7746/518/179 7722/492/22 7745/517/445
f 7745/517/445 7722/492/22 7744/516/211
f 7744/516/211 7722/492/22 7743/515/441
f 7743/515/441 7722/492/22 7703/474/436
f 7703/474/436 7722/492/22 7704/477/22
s 0
f 7749/463/22 7748/459/22 2503/309/22
s 1
f 7748/459/22 7749/463/22 7747/461/428
f 7747/461/428 7749/463/22 7750/462/424
f 7747/461/428 7750/462/424 7751/460/35
f 7753/465/427 2494/300/21 7752/467/21
f 2494/300/21 7753/465/427 7756/468/21
f 7756/468/21 7753/465/427 7755/464/425
f 7755/464/425 7753/465/427 7754/466/73
f 2503/309/22 7758/470/23 2504/310/23
f 7758/470/23 2503/309/22 7757/469/22
s 0
f 7757/469/22 2503/309/22 7748/459/22
s 1
f 7760/472/21 2493/299/207 7759/471/19
f 2493/299/207 7760/472/21 2494/300/21
s 0
f 2494/300/21 7760/472/21 7752/467/21
f 7763/477/22 7762/476/22 2512/318/22
s 1
f 7762/476/22 7763/477/22 7761/473/453
f 7761/473/453 7763/477/22 7764/474/424
f 7761/473/453 7764/474/424 7765/475/35
s 0
f 2512/318/22 2503/309/22 2500/306/22
f 2503/309/22 2512/318/22 7749/463/22
f 7749/463/22 2512/318/22 7762/476/22
s 1
f 7768/478/427 7766/480/138 7767/479/21
f 7766/480/138 7768/478/427 2527/333/148
f 2527/333/148 7768/478/427 2518/324/145
s 0
f 7756/468/21 2488/294/21 2494/300/21
f 2488/294/21 7756/468/21 2489/295/21
f 2489/295/21 7756/468/21 7769/481/21
s 1
f 7771/484/43 7759/471/19 7770/483/72
f 7759/471/19 7771/484/43 7760/472/21
f 7760/472/21 7771/484/43 7772/482/143
s 0
f 7769/481/21 7776/488/21 2489/295/21
s 1
f 7776/488/21 7769/481/21 7773/486/141
f 7776/488/21 7773/486/141 7775/485/425
f 7775/485/425 7773/486/141 7774/487/73
f 7757/469/22 7779/490/83 7758/470/23
f 7779/490/83 7757/469/22 7778/489/147
f 7778/489/147 7757/469/22 7777/491/144
f 2528/334/161 7781/492/22 7782/494/139
f 7781/492/22 2528/334/161 7780/493/428
f 7780/493/428 2528/334/161 2517/323/87
f 7782/494/139 2512/318/22 2511/317/139
f 2512/318/22 7782/494/139 7763/477/22
f 7763/477/22 7782/494/139 7781/492/22
f 7776/488/21 2490/296/138 2489/295/21
f 2490/296/138 7776/488/21 7766/480/138
f 7766/480/138 7776/488/21 7767/479/21
f 7748/459/22 7777/491/144 7757/469/22
f 7777/491/144 7748/459/22 7786/495/210
f 7786/495/210 7748/459/22 7785/496/435
f 7785/496/435 7748/459/22 7784/497/187
f 7784/497/187 7748/459/22 7783/498/200
f 7783/498/200 7748/459/22 7747/461/428
f 7772/482/143 7752/467/21 7760/472/21
f 7752/467/21 7772/482/143 7787/499/430
f 7752/467/21 7787/499/430 7788/500/431
f 7752/467/21 7788/500/431 7789/501/432
f 7752/467/21 7789/501/432 7790/502/454
f 7752/467/21 7790/502/454 7753/465/427
f 7762/476/22 7750/462/424 7749/463/22
f 7750/462/424 7762/476/22 7794/503/210
f 7794/503/210 7762/476/22 7793/504/435
f 7793/504/435 7762/476/22 7792/505/187
f 7792/505/187 7762/476/22 7791/506/200
f 7791/506/200 7762/476/22 7761/473/453
f 7755/464/425 7769/481/21 7756/468/21
f 7769/481/21 7755/464/425 7795/507/434
f 7769/481/21 7795/507/434 7796/508/431
f 7769/481/21 7796/508/431 7797/509/432
f 7769/481/21 7797/509/432 7798/510/184
f 7769/481/21 7798/510/184 7773/486/141
f 7775/485/425 7767/479/21 7776/488/21
f 7767/479/21 7775/485/425 7799/511/434
f 7767/479/21 7799/511/434 7800/512/431
f 7767/479/21 7800/512/431 7801/513/432
f 7767/479/21 7801/513/432 7802/514/184
f 7767/479/21 7802/514/184 7768/478/427
f 7781/492/22 7764/474/424 7763/477/22
f 7764/474/424 7781/492/22 7806/515/210
f 7806/515/210 7781/492/22 7805/516/435
f 7805/516/435 7781/492/22 7804/517/187
f 7804/517/187 7781/492/22 7803/518/433
f 7803/518/433 7781/492/22 7780/493/428
f 7810/463/22 7808/460/83 7809/462/436
f 7808/460/83 7810/463/22 7807/461/165
f 7807/461/165 7810/463/22 7811/459/22
s 0
f 7811/459/22 7810/463/22 2584/309/22
s 1
f 7815/465/437 7813/464/438 7814/466/72
f 7813/464/438 7815/465/437 7812/468/21
f 7812/468/21 7815/465/437 7816/467/21
s 0
f 7812/468/21 7816/467/21 2573/300/21
s 1
f 2583/310/20 7811/459/22 2584/309/22
f 7811/459/22 2583/310/20 7818/469/22
f 7818/469/22 2583/310/20 7817/470/20
s 0
f 7819/472/21 2573/300/21 7816/467/21
s 1
f 2573/300/21 7819/472/21 2574/299/24
f 2574/299/24 7819/472/21 7820/471/24
f 7824/477/22 7822/475/36 7823/474/436
f 7822/475/36 7824/477/22 7821/473/439
f 7821/473/439 7824/477/22 7825/476/22
s 0
f 7825/476/22 7824/477/22 2591/318/22
f 2591/318/22 7810/463/22 7825/476/22
f 7810/463/22 2591/318/22 2582/306/22
f 7810/463/22 2582/306/22 2584/309/22
s 1
f 7827/478/437 2607/333/56 2596/324/53
f 2607/333/56 7827/478/437 7826/480/138
f 7826/480/138 7827/478/437 7828/479/21
s 0
f 7812/468/21 2569/295/21 7829/481/21
f 2569/295/21 7812/468/21 2570/294/21
f 2570/294/21 7812/468/21 2573/300/21
s 1
f 7832/483/73 7830/482/438 7831/484/72
f 7830/482/438 7832/483/73 7819/472/21
f 7819/472/21 7832/483/73 7820/471/24
f 7836/486/437 7834/485/438 7835/487/72
f 7834/485/438 7836/486/437 7833/488/21
f 7833/488/21 7836/486/437 7829/481/21
s 0
f 7833/488/21 7829/481/21 2569/295/21
s 1
f 7818/469/22 7838/489/36 7839/491/436
f 7838/489/36 7818/469/22 7837/490/35
f 7837/490/35 7818/469/22 7817/470/20
f 7841/494/139 2597/323/36 2608/334/168
f 2597/323/36 7841/494/139 7840/493/165
f 7840/493/165 7841/494/139 7842/492/22
f 2592/317/139 7842/492/22 7841/494/139
f 7842/492/22 2592/317/139 7824/477/22
f 7824/477/22 2592/317/139 2591/318/22
f 7833/488/21 7826/480/138 7828/479/21
f 7826/480/138 7833/488/21 2568/296/138
f 2568/296/138 7833/488/21 2569/295/21
f 7811/459/22 7846/498/179 7807/461/165
f 7846/498/179 7811/459/22 7845/497/445
f 7845/497/445 7811/459/22 7844/496/211
f 7844/496/211 7811/459/22 7843/495/441
f 7843/495/441 7811/459/22 7839/491/436
f 7839/491/436 7811/459/22 7818/469/22
f 7847/502/178 7816/467/21 7815/465/437
f 7816/467/21 7847/502/178 7848/501/443
f 7816/467/21 7848/501/443 7849/500/446
f 7816/467/21 7849/500/446 7850/499/196
f 7816/467/21 7850/499/196 7830/482/438
f 7816/467/21 7830/482/438 7819/472/21
f 7825/476/22 7854/506/455 7821/473/439
f 7854/506/455 7825/476/22 7853/505/445
f 7853/505/445 7825/476/22 7852/504/211
f 7852/504/211 7825/476/22 7851/503/441
f 7851/503/441 7825/476/22 7809/462/436
f 7809/462/436 7825/476/22 7810/463/22
f 7855/510/178 7829/481/21 7836/486/437
f 7829/481/21 7855/510/178 7856/509/443
f 7829/481/21 7856/509/443 7857/508/446
f 7829/481/21 7857/508/446 7858/507/196
f 7829/481/21 7858/507/196 7813/464/438
f 7829/481/21 7813/464/438 7812/468/21
f 7859/514/442 7828/479/21 7827/478/437
f 7828/479/21 7859/514/442 7860/513/443
f 7828/479/21 7860/513/443 7861/512/446
f 7828/479/21 7861/512/446 7862/511/196
f 7828/479/21 7862/511/196 7834/485/438
f 7828/479/21 7834/485/438 7833/488/21
f 7842/492/22 7866/518/179 7840/493/165
f 7866/518/179 7842/492/22 7865/517/445
f 7865/517/445 7842/492/22 7864/516/211
f 7864/516/211 7842/492/22 7863/515/441
f 7863/515/441 7842/492/22 7823/474/436
f 7823/474/436 7842/492/22 7824/477/22
s 0
f 7869/463/22 7868/459/22 2663/309/22
s 1
f 7868/459/22 7869/463/22 7867/461/453
f 7867/461/453 7869/463/22 7870/462/424
f 7867/461/453 7870/462/424 7871/460/147
f 7873/465/427 2654/300/21 7872/467/21
f 2654/300/21 7873/465/427 7876/468/21
f 7876/468/21 7873/465/427 7875/464/425
f 7875/464/425 7873/465/427 7874/466/73
f 2663/309/22 7878/470/23 2664/310/23
f 7878/470/23 2663/309/22 7877/469/22
s 0
f 7877/469/22 2663/309/22 7868/459/22
s 1
f 7880/472/21 2653/299/19 7879/471/19
f 2653/299/19 7880/472/21 2654/300/21
s 0
f 2654/300/21 7880/472/21 7872/467/21
f 7883/477/22 7882/476/22 2672/318/22
s 1
f 7882/476/22 7883/477/22 7881/473/428
f 7881/473/428 7883/477/22 7884/474/144
f 7881/473/428 7884/474/144 7885/475/147
s 0
f 2672/318/22 2663/309/22 2660/306/22
f 2663/309/22 2672/318/22 7869/463/22
f 7869/463/22 2672/318/22 7882/476/22
s 1
f 7888/478/427 7886/480/138 7887/479/21
f 7886/480/138 7888/478/427 2687/333/148
f 2687/333/148 7888/478/427 2678/324/73
s 0
f 7876/468/21 2648/294/21 2654/300/21
f 2648/294/21 7876/468/21 2649/295/21
f 2649/295/21 7876/468/21 7889/481/21
s 1
f 7891/484/73 7879/471/19 7890/483/72
f 7879/471/19 7891/484/73 7880/472/21
f 7880/472/21 7891/484/73 7892/482/425
s 0
f 7889/481/21 7896/488/21 2649/295/21
s 1
f 7896/488/21 7889/481/21 7893/486/427
f 7896/488/21 7893/486/427 7895/485/143
f 7895/485/143 7893/486/427 7894/487/73
f 7877/469/22 7899/490/83 7878/470/23
f 7899/490/83 7877/469/22 7898/489/147
f 7898/489/147 7877/469/22 7897/491/424
f 2688/334/161 7901/492/22 7902/494/139
f 7901/492/22 2688/334/161 7900/493/428
f 7900/493/428 2688/334/161 2677/323/87
f 7902/494/139 2672/318/22 2671/317/139
f 2672/318/22 7902/494/139 7883/477/22
f 7883/477/22 7902/494/139 7901/492/22
f 7896/488/21 2650/296/138 2649/295/21
f 2650/296/138 7896/488/21 7886/480/138
f 7886/480/138 7896/488/21 7887/479/21
f 7868/459/22 7897/491/424 7877/469/22
f 7897/491/424 7868/459/22 7906/495/210
f 7906/495/210 7868/459/22 7905/496/435
f 7905/496/435 7868/459/22 7904/497/187
f 7904/497/187 7868/459/22 7903/498/433
f 7903/498/433 7868/459/22 7867/461/453
f 7892/482/425 7872/467/21 7880/472/21
f 7872/467/21 7892/482/425 7907/499/434
f 7872/467/21 7907/499/434 7908/500/431
f 7872/467/21 7908/500/431 7909/501/432
f 7872/467/21 7909/501/432 7910/502/184
f 7872/467/21 7910/502/184 7873/465/427
f 7882/476/22 7870/462/424 7869/463/22
f 7870/462/424 7882/476/22 7914/503/210
f 7914/503/210 7882/476/22 7913/504/435
f 7913/504/435 7882/476/22 7912/505/187
f 7912/505/187 7882/476/22 7911/506/200
f 7911/506/200 7882/476/22 7881/473/428
f 7875/464/425 7889/481/21 7876/468/21
f 7889/481/21 7875/464/425 7915/507/430
f 7889/481/21 7915/507/430 7916/508/431
f 7889/481/21 7916/508/431 7917/509/432
f 7889/481/21 7917/509/432 7918/510/184
f 7889/481/21 7918/510/184 7893/486/427
f 7895/485/143 7887/479/21 7896/488/21
f 7887/479/21 7895/485/143 7919/511/434
f 7887/479/21 7919/511/434 7920/512/431
f 7887/479/21 7920/512/431 7921/513/448
f 7887/479/21 7921/513/448 7922/514/184
f 7887/479/21 7922/514/184 7888/478/427
f 7901/492/22 7884/474/144 7883/477/22
f 7884/474/144 7901/492/22 7926/515/210
f 7926/515/210 7901/492/22 7925/516/435
f 7925/516/435 7901/492/22 7924/517/187
f 7924/517/187 7901/492/22 7923/518/200
f 7923/518/200 7901/492/22 7900/493/428
f 7930/463/22 7928/460/83 7929/462/436
f 7928/460/83 7930/463/22 7927/461/439
f 7927/461/439 7930/463/22 7931/459/22
s 0
f 7931/459/22 7930/463/22 2744/309/22
s 1
f 7935/465/437 7933/464/438 7934/466/72
f 7933/464/438 7935/465/437 7932/468/21
f 7932/468/21 7935/465/437 7936/467/21
s 0
f 7932/468/21 7936/467/21 2733/300/21
s 1
f 2743/310/20 7931/459/22 2744/309/22
f 7931/459/22 2743/310/20 7938/469/22
f 7938/469/22 2743/310/20 7937/470/20
s 0
f 7939/472/21 2733/300/21 7936/467/21
s 1
f 2733/300/21 7939/472/21 2734/299/24
f 2734/299/24 7939/472/21 7940/471/24
f 7944/477/22 7942/475/83 7943/474/167
f 7942/475/83 7944/477/22 7941/473/439
f 7941/473/439 7944/477/22 7945/476/22
s 0
f 7945/476/22 7944/477/22 2751/318/22
f 2751/318/22 7930/463/22 7945/476/22
f 7930/463/22 2751/318/22 2742/306/22
f 7930/463/22 2742/306/22 2744/309/22
s 1
f 7947/478/437 2767/333/56 2756/324/44
f 2767/333/56 7947/478/437 7946/480/138
f 7946/480/138 7947/478/437 7948/479/21
s 0
f 7932/468/21 2729/295/21 7949/481/21
f 2729/295/21 7932/468/21 2730/294/21
f 2730/294/21 7932/468/21 2733/300/21
s 1
f 7952/483/73 7950/482/438 7951/484/72
f 7950/482/438 7952/483/73 7939/472/21
f 7939/472/21 7952/483/73 7940/471/24
f 7956/486/437 7954/485/166 7955/487/72
f 7954/485/166 7956/486/437 7953/488/21
f 7953/488/21 7956/486/437 7949/481/21
s 0
f 7953/488/21 7949/481/21 2729/295/21
s 1
f 7938/469/22 7958/489/83 7959/491/436
f 7958/489/83 7938/469/22 7957/490/147
f 7957/490/147 7938/469/22 7937/470/20
f 7961/494/139 2757/323/36 2768/334/168
f 2757/323/36 7961/494/139 7960/493/439
f 7960/493/439 7961/494/139 7962/492/22
f 2752/317/139 7962/492/22 7961/494/139
f 7962/492/22 2752/317/139 7944/477/22
f 7944/477/22 2752/317/139 2751/318/22
f 7953/488/21 7946/480/138 7948/479/21
f 7946/480/138 7953/488/21 2728/296/138
f 2728/296/138 7953/488/21 2729/295/21
f 7931/459/22 7966/498/179 7927/461/439
f 7966/498/179 7931/459/22 7965/497/445
f 7965/497/445 7931/459/22 7964/496/211
f 7964/496/211 7931/459/22 7963/495/450
f 7963/495/450 7931/459/22 7959/491/436
f 7959/491/436 7931/459/22 7938/469/22
f 7967/502/178 7936/467/21 7935/465/437
f 7936/467/21 7967/502/178 7968/501/443
f 7936/467/21 7968/501/443 7969/500/452
f 7936/467/21 7969/500/452 7970/499/196
f 7936/467/21 7970/499/196 7950/482/438
f 7936/467/21 7950/482/438 7939/472/21
f 7945/476/22 7974/506/455 7941/473/439
f 7974/506/455 7945/476/22 7973/505/445
f 7973/505/445 7945/476/22 7972/504/211
f 7972/504/211 7945/476/22 7971/503/450
f 7971/503/450 7945/476/22 7929/462/436
f 7929/462/436 7945/476/22 7930/463/22
f 7975/510/178 7949/481/21 7956/486/437
f 7949/481/21 7975/510/178 7976/509/443
f 7949/481/21 7976/509/443 7977/508/446
f 7949/481/21 7977/508/446 7978/507/196
f 7949/481/21 7978/507/196 7933/464/438
f 7949/481/21 7933/464/438 7932/468/21
f 7979/514/178 7948/479/21 7947/478/437
f 7948/479/21 7979/514/178 7980/513/443
f 7948/479/21 7980/513/443 7981/512/446
f 7948/479/21 7981/512/446 7982/511/196
f 7948/479/21 7982/511/196 7954/485/166
f 7948/479/21 7954/485/166 7953/488/21
f 7962/492/22 7986/518/179 7960/493/439
f 7986/518/179 7962/492/22 7985/517/445
f 7985/517/445 7962/492/22 7984/516/211
f 7984/516/211 7962/492/22 7983/515/441
f 7983/515/441 7962/492/22 7943/474/167
f 7943/474/167 7962/492/22 7944/477/22
