# Blender 5.1.2
# www.blender.org
mtllib barraca_macarrao.mtl
o defaultMaterial
v 0.527454 0.718596 0.007368
v 0.527454 0.718596 0.009137
v 0.527454 0.788662 0.009137
v 0.527454 0.788662 0.007368
v 0.527454 0.718596 0.009137
v 0.528987 0.718596 0.010022
v 0.528987 0.788662 0.010022
v 0.527454 0.788662 0.009137
v 0.530519 0.718596 0.009137
v 0.530519 0.788662 0.009137
v 0.530519 0.718596 0.007368
v 0.530519 0.788662 0.007368
v 0.528987 0.718596 0.006484
v 0.528987 0.788662 0.006484
v 0.527454 0.788662 0.009137
v 0.528987 0.788662 0.010022
v 0.534880 0.797674 0.010022
v 0.533348 0.797674 0.009137
v 0.530519 0.788662 0.009137
v 0.536412 0.797674 0.009137
v 0.530519 0.788662 0.009137
v 0.530519 0.788662 0.007368
v 0.536412 0.797674 0.007368
v 0.536412 0.797674 0.009137
v 0.530519 0.788662 0.007368
v 0.528987 0.788662 0.006484
v 0.534880 0.797674 0.006484
v 0.536412 0.797674 0.007368
v 0.527454 0.788662 0.007368
v 0.533348 0.797674 0.007368
v 0.527454 0.788662 0.007368
v 0.527454 0.788662 0.009137
v 0.533348 0.797674 0.009137
v 0.533348 0.797674 0.007368
v 0.378943 -0.245076 0.088379
v 0.352051 -0.245076 0.115272
v 0.352051 -0.098132 0.115272
v 0.378943 -0.098132 0.088379
v 0.342207 -0.245076 0.152008
v 0.342207 -0.098132 0.152008
v 0.342207 -0.245076 0.152008
v 0.352051 -0.245076 0.188743
v 0.352051 -0.098132 0.188743
v 0.342207 -0.098132 0.152008
v 0.378943 -0.245076 0.215636
v 0.378943 -0.098132 0.215636
v 0.415679 -0.245076 0.225479
v 0.415679 -0.098132 0.225479
v 0.452415 -0.245076 0.215636
v 0.452415 -0.098132 0.215636
v 0.479308 -0.245076 0.188743
v 0.479308 -0.098132 0.188743
v 0.489151 -0.245076 0.152008
v 0.489151 -0.098132 0.152008
v 0.479308 -0.245076 0.115272
v 0.479308 -0.098132 0.115272
v 0.452415 -0.245076 0.088379
v 0.452415 -0.098132 0.088379
v 0.415679 -0.245076 0.078536
v 0.415679 -0.098132 0.078536
v 0.415679 -0.060037 0.152008
v 0.337277 -0.060037 0.152008
v 0.347781 -0.060037 0.191208
v 0.376478 -0.060037 0.219905
v 0.415679 -0.060037 0.230409
v 0.454880 -0.060037 0.219905
v 0.483577 -0.060037 0.191208
v 0.494081 -0.060037 0.152008
v 0.483577 -0.060037 0.112807
v 0.454880 -0.060037 0.084110
v 0.415679 -0.060037 0.073606
v 0.376478 -0.060037 0.084110
v 0.347781 -0.060037 0.112807
v 0.378943 -0.098132 0.088379
v 0.352051 -0.098132 0.115272
v 0.360589 -0.088608 0.120201
v 0.383873 -0.088608 0.096918
v 0.342207 -0.098132 0.152008
v 0.352067 -0.088608 0.152008
v 0.342207 -0.098132 0.152008
v 0.352051 -0.098132 0.188743
v 0.360589 -0.088608 0.183814
v 0.352067 -0.088608 0.152008
v 0.378943 -0.098132 0.215636
v 0.383873 -0.088608 0.207097
v 0.415679 -0.098132 0.225479
v 0.415679 -0.088608 0.215620
v 0.452415 -0.098132 0.215636
v 0.447485 -0.088608 0.207097
v 0.479308 -0.098132 0.188743
v 0.470769 -0.088608 0.183814
v 0.489151 -0.098132 0.152008
v 0.479291 -0.088608 0.152008
v 0.479308 -0.098132 0.115272
v 0.470769 -0.088608 0.120201
v 0.452415 -0.098132 0.088379
v 0.447485 -0.088608 0.096918
v 0.415679 -0.098132 0.078536
v 0.415679 -0.088608 0.088395
v 0.383873 -0.088608 0.096918
v 0.360589 -0.088608 0.120201
v 0.347781 -0.074322 0.112807
v 0.376478 -0.074322 0.084110
v 0.352067 -0.088608 0.152008
v 0.337277 -0.074322 0.152008
v 0.352067 -0.088608 0.152008
v 0.360589 -0.088608 0.183814
v 0.347781 -0.074322 0.191208
v 0.337277 -0.074322 0.152008
v 0.383873 -0.088608 0.207097
v 0.376478 -0.074322 0.219905
v 0.415679 -0.088608 0.215620
v 0.415679 -0.074322 0.230409
v 0.447485 -0.088608 0.207097
v 0.454880 -0.074322 0.219905
v 0.470769 -0.088608 0.183814
v 0.483577 -0.074322 0.191208
v 0.479291 -0.088608 0.152008
v 0.494081 -0.074322 0.152008
v 0.470769 -0.088608 0.120201
v 0.483577 -0.074322 0.112807
v 0.447485 -0.088608 0.096918
v 0.454880 -0.074322 0.084110
v 0.415679 -0.088608 0.088395
v 0.415679 -0.074322 0.073606
v 0.376478 -0.074322 0.084110
v 0.347781 -0.074322 0.112807
v 0.347781 -0.060037 0.112807
v 0.376478 -0.060037 0.084110
v 0.337277 -0.074322 0.152008
v 0.337277 -0.060037 0.152008
v 0.337277 -0.074322 0.152008
v 0.347781 -0.074322 0.191208
v 0.347781 -0.060037 0.191208
v 0.337277 -0.060037 0.152008
v 0.376478 -0.074322 0.219905
v 0.376478 -0.060037 0.219905
v 0.415679 -0.074322 0.230409
v 0.415679 -0.060037 0.230409
v 0.454880 -0.074322 0.219905
v 0.454880 -0.060037 0.219905
v 0.483577 -0.074322 0.191208
v 0.483577 -0.060037 0.191208
v 0.494081 -0.074322 0.152008
v 0.494081 -0.060037 0.152008
v 0.483577 -0.074322 0.112807
v 0.483577 -0.060037 0.112807
v 0.454880 -0.074322 0.084110
v 0.454880 -0.060037 0.084110
v 0.415679 -0.074322 0.073606
v 0.415679 -0.060037 0.073606
v 0.197697 -0.245076 0.088379
v 0.170805 -0.245076 0.115272
v 0.170805 -0.098132 0.115272
v 0.197697 -0.098132 0.088379
v 0.160961 -0.245076 0.152008
v 0.160961 -0.098132 0.152008
v 0.160961 -0.245076 0.152008
v 0.170805 -0.245076 0.188743
v 0.170805 -0.098132 0.188743
v 0.160961 -0.098132 0.152008
v 0.197697 -0.245076 0.215636
v 0.197697 -0.098132 0.215636
v 0.234433 -0.245076 0.225479
v 0.234433 -0.098132 0.225479
v 0.271169 -0.245076 0.215636
v 0.271169 -0.098132 0.215636
v 0.298062 -0.245076 0.188743
v 0.298062 -0.098132 0.188743
v 0.307905 -0.245076 0.152008
v 0.307905 -0.098132 0.152008
v 0.298062 -0.245076 0.115272
v 0.298062 -0.098132 0.115272
v 0.271169 -0.245076 0.088379
v 0.271169 -0.098132 0.088379
v 0.234433 -0.245076 0.078536
v 0.234433 -0.098132 0.078536
v 0.234433 -0.060037 0.152008
v 0.156031 -0.060037 0.152008
v 0.166535 -0.060037 0.191208
v 0.195232 -0.060037 0.219905
v 0.234433 -0.060037 0.230409
v 0.273634 -0.060037 0.219905
v 0.302331 -0.060037 0.191208
v 0.312835 -0.060037 0.152008
v 0.302331 -0.060037 0.112807
v 0.273634 -0.060037 0.084110
v 0.234433 -0.060037 0.073606
v 0.195232 -0.060037 0.084110
v 0.166535 -0.060037 0.112807
v 0.197697 -0.098132 0.088379
v 0.170805 -0.098132 0.115272
v 0.179344 -0.088608 0.120201
v 0.202627 -0.088608 0.096918
v 0.160961 -0.098132 0.152008
v 0.170821 -0.088608 0.152008
v 0.160961 -0.098132 0.152008
v 0.170805 -0.098132 0.188743
v 0.179344 -0.088608 0.183814
v 0.170821 -0.088608 0.152008
v 0.197697 -0.098132 0.215636
v 0.202627 -0.088608 0.207097
v 0.234433 -0.098132 0.225479
v 0.234433 -0.088608 0.215620
v 0.271169 -0.098132 0.215636
v 0.266239 -0.088608 0.207097
v 0.298062 -0.098132 0.188743
v 0.289523 -0.088608 0.183814
v 0.307905 -0.098132 0.152008
v 0.298046 -0.088608 0.152008
v 0.298062 -0.098132 0.115272
v 0.289523 -0.088608 0.120201
v 0.271169 -0.098132 0.088379
v 0.266239 -0.088608 0.096918
v 0.234433 -0.098132 0.078536
v 0.234433 -0.088608 0.088395
v 0.202627 -0.088608 0.096918
v 0.179344 -0.088608 0.120201
v 0.166535 -0.074322 0.112807
v 0.195232 -0.074322 0.084110
v 0.170821 -0.088608 0.152008
v 0.156031 -0.074322 0.152008
v 0.170821 -0.088608 0.152008
v 0.179344 -0.088608 0.183814
v 0.166535 -0.074322 0.191208
v 0.156031 -0.074322 0.152008
v 0.202627 -0.088608 0.207097
v 0.195232 -0.074322 0.219905
v 0.234433 -0.088608 0.215620
v 0.234433 -0.074322 0.230409
v 0.266239 -0.088608 0.207097
v 0.273634 -0.074322 0.219905
v 0.289523 -0.088608 0.183814
v 0.302331 -0.074322 0.191208
v 0.298046 -0.088608 0.152008
v 0.312835 -0.074322 0.152008
v 0.289523 -0.088608 0.120201
v 0.302331 -0.074322 0.112807
v 0.266239 -0.088608 0.096918
v 0.273634 -0.074322 0.084110
v 0.234433 -0.088608 0.088395
v 0.234433 -0.074322 0.073606
v 0.195232 -0.074322 0.084110
v 0.166535 -0.074322 0.112807
v 0.166535 -0.060037 0.112807
v 0.195232 -0.060037 0.084110
v 0.156031 -0.074322 0.152008
v 0.156031 -0.060037 0.152008
v 0.156031 -0.074322 0.152008
v 0.166535 -0.074322 0.191208
v 0.166535 -0.060037 0.191208
v 0.156031 -0.060037 0.152008
v 0.195232 -0.074322 0.219905
v 0.195232 -0.060037 0.219905
v 0.234433 -0.074322 0.230409
v 0.234433 -0.060037 0.230409
v 0.273634 -0.074322 0.219905
v 0.273634 -0.060037 0.219905
v 0.302331 -0.074322 0.191208
v 0.302331 -0.060037 0.191208
v 0.312835 -0.074322 0.152008
v 0.312835 -0.060037 0.152008
v 0.302331 -0.074322 0.112807
v 0.302331 -0.060037 0.112807
v 0.273634 -0.074322 0.084110
v 0.273634 -0.060037 0.084110
v 0.234433 -0.074322 0.073606
v 0.234433 -0.060037 0.073606
v 0.302573 -0.234084 0.783782
v 0.302573 -0.234084 0.434756
v 0.302573 -0.171492 0.434756
v 0.302573 -0.171492 0.783782
v 0.302573 -0.165685 0.783782
v 0.302573 -0.165685 0.434756
v 0.161026 -0.165685 0.434756
v 0.161026 -0.165685 0.783782
v 0.161026 -0.171492 0.783782
v 0.161026 -0.171492 0.434756
v 0.161026 -0.234084 0.434756
v 0.161026 -0.234084 0.783782
v 0.302573 -0.234084 0.434756
v 0.161026 -0.234084 0.434756
v 0.161026 -0.171492 0.434756
v 0.302573 -0.171492 0.434756
v 0.161026 -0.234084 0.783782
v 0.302573 -0.234084 0.783782
v 0.302573 -0.171492 0.783782
v 0.161026 -0.171492 0.783782
v 0.311347 -0.172228 0.805417
v 0.311347 -0.172228 0.413121
v 0.311347 -0.158881 0.413121
v 0.311347 -0.158881 0.805417
v 0.311347 -0.172228 0.413121
v 0.152252 -0.172228 0.413121
v 0.152252 -0.158881 0.413121
v 0.311347 -0.158881 0.413121
v 0.152252 -0.172228 0.413121
v 0.152252 -0.172228 0.805417
v 0.152252 -0.158881 0.805417
v 0.152252 -0.158881 0.413121
v 0.152252 -0.172228 0.805417
v 0.311347 -0.172228 0.805417
v 0.311347 -0.158881 0.805417
v 0.152252 -0.158881 0.805417
v 0.302573 -0.171492 0.783782
v 0.302573 -0.171492 0.434756
v 0.311347 -0.172228 0.413121
v 0.311347 -0.172228 0.805417
v 0.302573 -0.165685 0.434756
v 0.302573 -0.165685 0.783782
v 0.311347 -0.158881 0.805417
v 0.311347 -0.158881 0.413121
v 0.302573 -0.171492 0.434756
v 0.161026 -0.171492 0.434756
v 0.152252 -0.172228 0.413121
v 0.311347 -0.172228 0.413121
v 0.161026 -0.165685 0.434756
v 0.302573 -0.165685 0.434756
v 0.311347 -0.158881 0.413121
v 0.152252 -0.158881 0.413121
v 0.161026 -0.171492 0.434756
v 0.161026 -0.171492 0.783782
v 0.152252 -0.172228 0.805417
v 0.152252 -0.172228 0.413121
v 0.161026 -0.165685 0.783782
v 0.161026 -0.165685 0.434756
v 0.152252 -0.158881 0.413121
v 0.152252 -0.158881 0.805417
v 0.161026 -0.171492 0.783782
v 0.302573 -0.171492 0.783782
v 0.311347 -0.172228 0.805417
v 0.152252 -0.172228 0.805417
v 0.302573 -0.165685 0.783782
v 0.161026 -0.165685 0.783782
v 0.152252 -0.158881 0.805417
v 0.311347 -0.158881 0.805417
v 0.036860 -0.237773 -0.541723
v 0.036860 -0.237773 -0.869368
v 0.036860 -0.111949 -0.869368
v 0.036860 -0.111949 -0.541723
v 0.036860 -0.088139 -0.541723
v 0.036860 -0.088139 -0.869368
v -0.115739 -0.088139 -0.869368
v -0.115739 -0.088139 -0.541723
v -0.115739 -0.111949 -0.541723
v -0.115739 -0.111949 -0.869368
v -0.115739 -0.237773 -0.869368
v -0.115739 -0.237773 -0.541723
v 0.036860 -0.237773 -0.869368
v -0.115739 -0.237773 -0.869368
v -0.115739 -0.111949 -0.869368
v 0.036860 -0.111949 -0.869368
v -0.115739 -0.237773 -0.541723
v 0.036860 -0.237773 -0.541723
v 0.036860 -0.111949 -0.541723
v -0.115739 -0.111949 -0.541723
v 0.060670 -0.107187 -0.517913
v 0.060670 -0.107187 -0.893178
v 0.060670 -0.092901 -0.893178
v 0.060670 -0.092901 -0.517913
v 0.060670 -0.107187 -0.893178
v -0.139549 -0.107187 -0.893178
v -0.139549 -0.092901 -0.893178
v 0.060670 -0.092901 -0.893178
v -0.139549 -0.107187 -0.893178
v -0.139549 -0.107187 -0.517913
v -0.139549 -0.092901 -0.517913
v -0.139549 -0.092901 -0.893178
v -0.139549 -0.107187 -0.517913
v 0.060670 -0.107187 -0.517913
v 0.060670 -0.092901 -0.517913
v -0.139549 -0.092901 -0.517913
v 0.036860 -0.111949 -0.541723
v 0.036860 -0.111949 -0.869368
v 0.060670 -0.107187 -0.893178
v 0.060670 -0.107187 -0.517913
v 0.060670 -0.092901 -0.517913
v 0.060670 -0.092901 -0.893178
v -0.115739 -0.111949 -0.869368
v -0.139549 -0.107187 -0.893178
v -0.139549 -0.092901 -0.893178
v -0.115739 -0.111949 -0.541723
v -0.139549 -0.107187 -0.517913
v -0.139549 -0.092901 -0.517913
v 0.493829 -0.239391 -0.156983
v 0.493829 -0.239391 -0.807713
v 0.493829 0.017674 -0.807713
v 0.493829 0.017674 -0.156983
v 0.493829 0.017674 -0.156983
v 0.493829 0.017674 -0.807713
v 0.322942 0.017675 -0.807713
v 0.322942 0.017675 -0.156983
v 0.143014 -0.162253 -0.156983
v 0.143014 -0.162254 -0.807713
v 0.143014 -0.239392 -0.807713
v 0.143014 -0.239392 -0.156983
v 0.143014 -0.162253 -0.156983
v 0.195714 -0.035026 -0.156983
v 0.195714 -0.035025 -0.807713
v 0.143014 -0.162254 -0.807713
v 0.195714 -0.035026 -0.156983
v 0.322942 0.017675 -0.156983
v 0.322942 0.017675 -0.807713
v 0.195714 -0.035025 -0.807713
v 0.143014 -0.162253 -0.156983
v 0.143014 -0.239392 -0.156983
v 0.493829 -0.239391 -0.156983
v 0.195714 -0.035026 -0.156983
v 0.493829 0.017674 -0.807713
v 0.493829 -0.239391 -0.807713
v 0.195714 -0.035025 -0.807713
v 0.322942 0.017675 -0.807713
v 0.143014 -0.239392 -0.807713
v 0.143014 -0.162254 -0.807713
v 0.493829 0.017674 -0.156983
v 0.322942 0.017675 -0.156983
v 0.293336 -0.236519 0.319288
v 0.293336 -0.236519 0.339098
v 0.293336 -0.186491 0.339098
v 0.293336 -0.186491 0.319288
v 0.293336 -0.236519 0.339098
v 0.310492 -0.236519 0.349004
v 0.310492 -0.186491 0.349004
v 0.293336 -0.186491 0.339098
v 0.327648 -0.236519 0.339098
v 0.327648 -0.186491 0.339098
v 0.327648 -0.236519 0.339098
v 0.327648 -0.236519 0.319288
v 0.327648 -0.186491 0.319288
v 0.327648 -0.186491 0.339098
v 0.327648 -0.236519 0.319288
v 0.310492 -0.236519 0.309383
v 0.310492 -0.186491 0.309383
v 0.327648 -0.186491 0.319288
v 0.293336 -0.236519 0.319288
v 0.293336 -0.186491 0.319288
v 0.310492 -0.186491 0.329193
v 0.293336 -0.186491 0.339098
v 0.310492 -0.186491 0.349004
v 0.327648 -0.186491 0.339098
v 0.327648 -0.186491 0.319288
v 0.310492 -0.186491 0.309383
v 0.293336 -0.186491 0.319288
v 0.293336 -0.236519 0.371889
v 0.293336 -0.236519 0.391700
v 0.293336 -0.186491 0.391700
v 0.293336 -0.186491 0.371889
v 0.293336 -0.236519 0.391700
v 0.310492 -0.236519 0.401605
v 0.310492 -0.186491 0.401605
v 0.293336 -0.186491 0.391700
v 0.327648 -0.236519 0.391700
v 0.327648 -0.186491 0.391700
v 0.327648 -0.236519 0.391700
v 0.327648 -0.236519 0.371889
v 0.327648 -0.186491 0.371889
v 0.327648 -0.186491 0.391700
v 0.327648 -0.236519 0.371889
v 0.310492 -0.236519 0.361984
v 0.310492 -0.186491 0.361984
v 0.327648 -0.186491 0.371889
v 0.293336 -0.236519 0.371889
v 0.293336 -0.186491 0.371889
v 0.310492 -0.186491 0.381795
v 0.293336 -0.186491 0.391700
v 0.310492 -0.186491 0.401605
v 0.327648 -0.186491 0.391700
v 0.327648 -0.186491 0.371889
v 0.310492 -0.186491 0.361984
v 0.293336 -0.186491 0.371889
v 0.293336 -0.236519 0.268639
v 0.293336 -0.236519 0.288449
v 0.293336 -0.186491 0.288449
v 0.293336 -0.186491 0.268639
v 0.293336 -0.236519 0.288449
v 0.310492 -0.236519 0.298355
v 0.310492 -0.186491 0.298355
v 0.293336 -0.186491 0.288449
v 0.327648 -0.236519 0.288449
v 0.327648 -0.186491 0.288449
v 0.327648 -0.236519 0.288449
v 0.327648 -0.236519 0.268639
v 0.327648 -0.186491 0.268639
v 0.327648 -0.186491 0.288449
v 0.327648 -0.236519 0.268639
v 0.310492 -0.236519 0.258734
v 0.310492 -0.186491 0.258734
v 0.327648 -0.186491 0.268639
v 0.293336 -0.236519 0.268639
v 0.293336 -0.186491 0.268639
v 0.310492 -0.186491 0.278544
v 0.293336 -0.186491 0.288449
v 0.310492 -0.186491 0.298355
v 0.327648 -0.186491 0.288449
v 0.327648 -0.186491 0.268639
v 0.310492 -0.186491 0.258734
v 0.293336 -0.186491 0.268639
v 0.129570 -0.236519 0.268639
v 0.129570 -0.236519 0.288449
v 0.129570 -0.186491 0.288449
v 0.129570 -0.186491 0.268639
v 0.129570 -0.236519 0.288449
v 0.146726 -0.236519 0.298355
v 0.146726 -0.186491 0.298355
v 0.129570 -0.186491 0.288449
v 0.163883 -0.236519 0.288449
v 0.163883 -0.186491 0.288449
v 0.163883 -0.236519 0.288449
v 0.163883 -0.236519 0.268639
v 0.163883 -0.186491 0.268639
v 0.163883 -0.186491 0.288449
v 0.163883 -0.236519 0.268639
v 0.146726 -0.236519 0.258734
v 0.146726 -0.186491 0.258734
v 0.163883 -0.186491 0.268639
v 0.129570 -0.236519 0.268639
v 0.129570 -0.186491 0.268639
v 0.146726 -0.186491 0.278544
v 0.129570 -0.186491 0.288449
v 0.146726 -0.186491 0.298355
v 0.163883 -0.186491 0.288449
v 0.163883 -0.186491 0.268639
v 0.146726 -0.186491 0.258734
v 0.129570 -0.186491 0.268639
v 0.129570 -0.236519 0.319288
v 0.129570 -0.236519 0.339098
v 0.129570 -0.186491 0.339098
v 0.129570 -0.186491 0.319288
v 0.129570 -0.236519 0.339098
v 0.146726 -0.236519 0.349004
v 0.146726 -0.186491 0.349004
v 0.129570 -0.186491 0.339098
v 0.163883 -0.236519 0.339098
v 0.163883 -0.186491 0.339098
v 0.163883 -0.236519 0.339098
v 0.163883 -0.236519 0.319288
v 0.163883 -0.186491 0.319288
v 0.163883 -0.186491 0.339098
v 0.163883 -0.236519 0.319288
v 0.146726 -0.236519 0.309383
v 0.146726 -0.186491 0.309383
v 0.163883 -0.186491 0.319288
v 0.129570 -0.236519 0.319288
v 0.129570 -0.186491 0.319288
v 0.146726 -0.186491 0.329193
v 0.129570 -0.186491 0.339098
v 0.146726 -0.186491 0.349004
v 0.163883 -0.186491 0.339098
v 0.163883 -0.186491 0.319288
v 0.146726 -0.186491 0.309383
v 0.129570 -0.186491 0.319288
v 0.245370 -0.236519 0.319288
v 0.245370 -0.236519 0.339098
v 0.245370 -0.186491 0.339098
v 0.245370 -0.186491 0.319288
v 0.245370 -0.236519 0.339098
v 0.262526 -0.236519 0.349004
v 0.262526 -0.186491 0.349004
v 0.245370 -0.186491 0.339098
v 0.279682 -0.236519 0.339098
v 0.279682 -0.186491 0.339098
v 0.279682 -0.236519 0.339098
v 0.279682 -0.236519 0.319288
v 0.279682 -0.186491 0.319288
v 0.279682 -0.186491 0.339098
v 0.279682 -0.236519 0.319288
v 0.262526 -0.236519 0.309383
v 0.262526 -0.186491 0.309383
v 0.279682 -0.186491 0.319288
v 0.245370 -0.236519 0.319288
v 0.245370 -0.186491 0.319288
v 0.262526 -0.186491 0.329193
v 0.245370 -0.186491 0.339098
v 0.262526 -0.186491 0.349004
v 0.279682 -0.186491 0.339098
v 0.279682 -0.186491 0.319288
v 0.262526 -0.186491 0.309383
v 0.245370 -0.186491 0.319288
v 0.245370 -0.236519 0.371889
v 0.245370 -0.236519 0.391700
v 0.245370 -0.186491 0.391700
v 0.245370 -0.186491 0.371889
v 0.245370 -0.236519 0.391700
v 0.262526 -0.236519 0.401605
v 0.262526 -0.186491 0.401605
v 0.245370 -0.186491 0.391700
v 0.279682 -0.236519 0.391700
v 0.279682 -0.186491 0.391700
v 0.279682 -0.236519 0.391700
v 0.279682 -0.236519 0.371889
v 0.279682 -0.186491 0.371889
v 0.279682 -0.186491 0.391700
v 0.279682 -0.236519 0.371889
v 0.262526 -0.236519 0.361984
v 0.262526 -0.186491 0.361984
v 0.279682 -0.186491 0.371889
v 0.245370 -0.236519 0.371889
v 0.245370 -0.186491 0.371889
v 0.262526 -0.186491 0.381795
v 0.245370 -0.186491 0.391700
v 0.262526 -0.186491 0.401605
v 0.279682 -0.186491 0.391700
v 0.279682 -0.186491 0.371889
v 0.262526 -0.186491 0.361984
v 0.245370 -0.186491 0.371889
v 0.129570 -0.236519 0.371889
v 0.129570 -0.236519 0.391700
v 0.129570 -0.186491 0.391700
v 0.129570 -0.186491 0.371889
v 0.129570 -0.236519 0.391700
v 0.146726 -0.236519 0.401605
v 0.146726 -0.186491 0.401605
v 0.129570 -0.186491 0.391700
v 0.163883 -0.236519 0.391700
v 0.163883 -0.186491 0.391700
v 0.163883 -0.236519 0.391700
v 0.163883 -0.236519 0.371889
v 0.163883 -0.186491 0.371889
v 0.163883 -0.186491 0.391700
v 0.163883 -0.236519 0.371889
v 0.146726 -0.236519 0.361984
v 0.146726 -0.186491 0.361984
v 0.163883 -0.186491 0.371889
v 0.129570 -0.236519 0.371889
v 0.129570 -0.186491 0.371889
v 0.146726 -0.186491 0.381795
v 0.129570 -0.186491 0.391700
v 0.146726 -0.186491 0.401605
v 0.163883 -0.186491 0.391700
v 0.163883 -0.186491 0.371889
v 0.146726 -0.186491 0.361984
v 0.129570 -0.186491 0.371889
v 0.702178 0.858670 1.000000
v 0.700533 0.849708 0.996339
v 0.700533 0.849708 -0.996339
v 0.702178 0.858670 -1.000000
v 0.700533 0.849708 0.996339
v 0.693032 0.844537 0.987501
v 0.693032 0.844537 -0.987501
v 0.700533 0.849708 -0.996339
v 0.683057 0.891100 0.987501
v 0.692018 0.889454 0.996339
v 0.692018 0.889454 -0.996339
v 0.683057 0.891100 -0.987501
v 0.692018 0.889454 0.996339
v 0.697190 0.881954 1.000000
v 0.697190 0.881954 -1.000000
v 0.692018 0.889454 -0.996339
v 0.683057 0.891100 0.987501
v 0.683057 0.891100 -0.987501
v -0.702178 0.594329 -0.987501
v -0.702178 0.594329 0.987501
v 0.693032 0.844537 0.987501
v -0.692203 0.547767 0.987501
v -0.692203 0.547767 -0.987501
v 0.693032 0.844537 -0.987501
v 0.702178 0.858670 -1.000000
v -0.694697 0.559406 -1.000000
v -0.699684 0.582690 -1.000000
v 0.697190 0.881954 -1.000000
v -0.694697 0.559406 1.000000
v 0.702178 0.858670 1.000000
v 0.697190 0.881954 1.000000
v -0.699684 0.582690 1.000000
v -0.692933 0.551176 -0.996339
v -0.692203 0.547767 -0.987501
v -0.692203 0.547767 0.987501
v -0.692933 0.551176 0.996339
v 0.693032 0.844537 0.987501
v 0.700533 0.849708 0.996339
v -0.692933 0.551176 0.996339
v -0.692203 0.547767 0.987501
v 0.700533 0.849708 0.996339
v -0.692933 0.551176 0.996339
v 0.700533 0.849708 -0.996339
v -0.692933 0.551176 -0.996339
v 0.700533 0.849708 -0.996339
v 0.693032 0.844537 -0.987501
v -0.692203 0.547767 -0.987501
v -0.692933 0.551176 -0.996339
v 0.692018 0.889454 0.996339
v -0.701448 0.590920 0.996339
v 0.692018 0.889454 0.996339
v 0.683057 0.891100 0.987501
v -0.702178 0.594329 0.987501
v -0.701448 0.590920 0.996339
v 0.683057 0.891100 -0.987501
v 0.692018 0.889454 -0.996339
v -0.701448 0.590920 -0.996339
v -0.702178 0.594329 -0.987501
v 0.692018 0.889454 -0.996339
v -0.701448 0.590920 -0.996339
v -0.701448 0.590920 -0.996339
v -0.701448 0.590920 0.996339
v -0.702178 0.594329 0.987501
v -0.702178 0.594329 -0.987501
v -0.699684 0.582690 -1.000000
v -0.699684 0.582690 1.000000
v -0.694697 0.559406 -1.000000
v -0.694697 0.559406 1.000000
v 0.648588 0.031486 0.605396
v 0.648588 0.031486 0.531797
v 0.648588 0.298720 0.531797
v 0.648588 0.298720 0.605396
v 0.648588 0.298720 0.605396
v 0.648588 0.298720 0.531797
v 0.645048 0.298720 0.531797
v 0.645048 0.298720 0.605396
v 0.645048 0.298720 0.605396
v 0.645048 0.298720 0.531797
v 0.645048 0.031486 0.531797
v 0.645048 0.031486 0.605396
v 0.645048 0.031486 0.605396
v 0.645048 0.031486 0.531797
v 0.648588 0.031486 0.531797
v 0.648588 0.031486 0.605396
v 0.648588 0.031486 0.531797
v 0.645048 0.031486 0.531797
v 0.645048 0.298720 0.531797
v 0.648588 0.298720 0.531797
v 0.645048 0.031486 0.605396
v 0.648588 0.031486 0.605396
v 0.648588 0.298720 0.605396
v 0.645048 0.298720 0.605396
v 0.492411 -0.234084 0.783782
v 0.492411 -0.234084 0.434756
v 0.492411 -0.171492 0.434756
v 0.492411 -0.171492 0.783782
v 0.492411 -0.165685 0.783782
v 0.492411 -0.165685 0.434756
v 0.350864 -0.165685 0.434756
v 0.350864 -0.165685 0.783782
v 0.350864 -0.171492 0.783782
v 0.350864 -0.171492 0.434756
v 0.350864 -0.234084 0.434756
v 0.350864 -0.234084 0.783782
v 0.492411 -0.234084 0.434756
v 0.350864 -0.234084 0.434756
v 0.350864 -0.171492 0.434756
v 0.492411 -0.171492 0.434756
v 0.350864 -0.234084 0.783782
v 0.492411 -0.234084 0.783782
v 0.492411 -0.171492 0.783782
v 0.350864 -0.171492 0.783782
v 0.501185 -0.172228 0.805417
v 0.501185 -0.172228 0.413121
v 0.501185 -0.158881 0.413121
v 0.501185 -0.158881 0.805417
v 0.501185 -0.172228 0.413121
v 0.342090 -0.172228 0.413121
v 0.342090 -0.158881 0.413121
v 0.501185 -0.158881 0.413121
v 0.342090 -0.172228 0.413121
v 0.342090 -0.172228 0.805417
v 0.342090 -0.158881 0.805417
v 0.342090 -0.158881 0.413121
v 0.342090 -0.172228 0.805417
v 0.501185 -0.172228 0.805417
v 0.501185 -0.158881 0.805417
v 0.342090 -0.158881 0.805417
v 0.492411 -0.171492 0.783782
v 0.492411 -0.171492 0.434756
v 0.501185 -0.172228 0.413121
v 0.501185 -0.172228 0.805417
v 0.492411 -0.165685 0.434756
v 0.492411 -0.165685 0.783782
v 0.501185 -0.158881 0.805417
v 0.501185 -0.158881 0.413121
v 0.492411 -0.171492 0.434756
v 0.350864 -0.171492 0.434756
v 0.342090 -0.172228 0.413121
v 0.501185 -0.172228 0.413121
v 0.350864 -0.165685 0.434756
v 0.492411 -0.165685 0.434756
v 0.501185 -0.158881 0.413121
v 0.342090 -0.158881 0.413121
v 0.350864 -0.171492 0.434756
v 0.350864 -0.171492 0.783782
v 0.342090 -0.172228 0.805417
v 0.342090 -0.172228 0.413121
v 0.350864 -0.165685 0.783782
v 0.350864 -0.165685 0.434756
v 0.342090 -0.158881 0.413121
v 0.342090 -0.158881 0.805417
v 0.350864 -0.171492 0.783782
v 0.492411 -0.171492 0.783782
v 0.501185 -0.172228 0.805417
v 0.342090 -0.172228 0.805417
v 0.492411 -0.165685 0.783782
v 0.350864 -0.165685 0.783782
v 0.342090 -0.158881 0.805417
v 0.501185 -0.158881 0.805417
v 0.036860 -0.237773 0.874476
v 0.036860 -0.237773 0.546830
v 0.036860 -0.111949 0.546830
v 0.036860 -0.111949 0.874476
v 0.036860 -0.088139 0.874476
v 0.036860 -0.088139 0.546830
v -0.115739 -0.088139 0.546830
v -0.115739 -0.088139 0.874476
v -0.115739 -0.111949 0.874476
v -0.115739 -0.111949 0.546830
v -0.115739 -0.237773 0.546830
v -0.115739 -0.237773 0.874476
v 0.036860 -0.237773 0.546830
v -0.115739 -0.237773 0.546830
v -0.115739 -0.111949 0.546830
v 0.036860 -0.111949 0.546830
v -0.115739 -0.237773 0.874476
v 0.036860 -0.237773 0.874476
v 0.036860 -0.111949 0.874476
v -0.115739 -0.111949 0.874476
v 0.060670 -0.107187 0.898285
v 0.060670 -0.107187 0.523020
v 0.060670 -0.092901 0.523020
v 0.060670 -0.092901 0.898285
v 0.060670 -0.107187 0.523020
v -0.139549 -0.107187 0.523020
v -0.139549 -0.092901 0.523020
v 0.060670 -0.092901 0.523020
v -0.139549 -0.107187 0.523020
v -0.139549 -0.107187 0.898285
v -0.139549 -0.092901 0.898285
v -0.139549 -0.092901 0.523020
v -0.139549 -0.107187 0.898285
v 0.060670 -0.107187 0.898285
v 0.060670 -0.092901 0.898285
v -0.139549 -0.092901 0.898285
v 0.036860 -0.111949 0.874476
v 0.036860 -0.111949 0.546830
v 0.060670 -0.107187 0.523020
v 0.060670 -0.107187 0.898285
v 0.060670 -0.092901 0.898285
v 0.060670 -0.092901 0.523020
v -0.115739 -0.111949 0.546830
v -0.139549 -0.107187 0.523020
v -0.139549 -0.092901 0.523020
v -0.115739 -0.111949 0.874476
v -0.139549 -0.107187 0.898285
v -0.139549 -0.092901 0.898285
v 0.558898 -0.877887 -0.942064
v 0.558898 -0.877887 -0.918225
v 0.558898 -0.890069 -0.918225
v 0.558898 -0.890069 -0.942064
v 0.558898 -0.890069 -0.942064
v 0.558898 -0.890069 -0.918225
v 0.535060 -0.890069 -0.918225
v 0.535060 -0.890069 -0.942064
v 0.535060 -0.890069 -0.942064
v 0.535060 -0.890069 -0.918225
v 0.535060 -0.877887 -0.918225
v 0.535060 -0.877887 -0.942064
v 0.558898 -0.877887 -0.918225
v 0.535060 -0.877887 -0.918225
v 0.535060 -0.890069 -0.918225
v 0.558898 -0.890069 -0.918225
v 0.535060 -0.877887 -0.942064
v 0.558898 -0.877887 -0.942064
v 0.558898 -0.890069 -0.942064
v 0.535060 -0.890069 -0.942064
v 0.535060 -0.877887 -0.942064
v 0.535060 -0.877887 -0.918225
v 0.537441 -0.877887 -0.920607
v 0.537441 -0.877887 -0.939682
v 0.535060 -0.877887 -0.918225
v 0.558898 -0.877887 -0.918225
v 0.556517 -0.877887 -0.920607
v 0.537441 -0.877887 -0.920607
v 0.558898 -0.877887 -0.918225
v 0.558898 -0.877887 -0.942064
v 0.556517 -0.877887 -0.939682
v 0.556517 -0.877887 -0.920607
v 0.558898 -0.877887 -0.942064
v 0.535060 -0.877887 -0.942064
v 0.537441 -0.877887 -0.939682
v 0.556517 -0.877887 -0.939682
v 0.537441 -0.877887 -0.939682
v 0.537441 -0.877887 -0.920607
v 0.537441 -0.830267 -0.920607
v 0.537441 -0.830267 -0.939682
v 0.537441 -0.877887 -0.920607
v 0.556517 -0.877887 -0.920607
v 0.556517 -0.830267 -0.920607
v 0.537441 -0.830267 -0.920607
v 0.556517 -0.877887 -0.920607
v 0.556517 -0.877887 -0.939682
v 0.556517 -0.830267 -0.939682
v 0.556517 -0.830267 -0.920607
v 0.556517 -0.877887 -0.939682
v 0.537441 -0.877887 -0.939682
v 0.537441 -0.830267 -0.939682
v 0.556517 -0.830267 -0.939682
v -0.136312 -0.877887 -0.942064
v -0.136312 -0.877887 -0.918225
v -0.136312 -0.890069 -0.918225
v -0.136312 -0.890069 -0.942064
v -0.136312 -0.890069 -0.942064
v -0.136312 -0.890069 -0.918225
v -0.160150 -0.890069 -0.918225
v -0.160150 -0.890069 -0.942064
v -0.160150 -0.890069 -0.942064
v -0.160150 -0.890069 -0.918225
v -0.160150 -0.877887 -0.918225
v -0.160150 -0.877887 -0.942064
v -0.136312 -0.877887 -0.918225
v -0.160150 -0.877887 -0.918225
v -0.160150 -0.890069 -0.918225
v -0.136312 -0.890069 -0.918225
v -0.160150 -0.877887 -0.942064
v -0.136312 -0.877887 -0.942064
v -0.136312 -0.890069 -0.942064
v -0.160150 -0.890069 -0.942064
v -0.160150 -0.877887 -0.942064
v -0.160150 -0.877887 -0.918225
v -0.157769 -0.877887 -0.920607
v -0.157769 -0.877887 -0.939682
v -0.160150 -0.877887 -0.918225
v -0.136312 -0.877887 -0.918225
v -0.138693 -0.877887 -0.920607
v -0.157769 -0.877887 -0.920607
v -0.136312 -0.877887 -0.918225
v -0.136312 -0.877887 -0.942064
v -0.138693 -0.877887 -0.939682
v -0.138693 -0.877887 -0.920607
v -0.136312 -0.877887 -0.942064
v -0.160150 -0.877887 -0.942064
v -0.157769 -0.877887 -0.939682
v -0.138693 -0.877887 -0.939682
v -0.157769 -0.877887 -0.939682
v -0.157769 -0.877887 -0.920607
v -0.157769 -0.830267 -0.920607
v -0.157769 -0.830267 -0.939682
v -0.157769 -0.877887 -0.920607
v -0.138693 -0.877887 -0.920607
v -0.138693 -0.830267 -0.920607
v -0.157769 -0.830267 -0.920607
v -0.138693 -0.877887 -0.920607
v -0.138693 -0.877887 -0.939682
v -0.138693 -0.830267 -0.939682
v -0.138693 -0.830267 -0.920607
v -0.138693 -0.877887 -0.939682
v -0.157769 -0.877887 -0.939682
v -0.157769 -0.830267 -0.939682
v -0.138693 -0.830267 -0.939682
v 0.405967 -0.236519 0.268639
v 0.405967 -0.236519 0.288449
v 0.405967 -0.186491 0.288449
v 0.405967 -0.186491 0.268639
v 0.405967 -0.236519 0.288449
v 0.423124 -0.236519 0.298355
v 0.423124 -0.186491 0.298355
v 0.405967 -0.186491 0.288449
v 0.440280 -0.236519 0.288449
v 0.440280 -0.186491 0.288449
v 0.440280 -0.236519 0.288449
v 0.440280 -0.236519 0.268639
v 0.440280 -0.186491 0.268639
v 0.440280 -0.186491 0.288449
v 0.440280 -0.236519 0.268639
v 0.423124 -0.236519 0.258734
v 0.423124 -0.186491 0.258734
v 0.440280 -0.186491 0.268639
v 0.405967 -0.236519 0.268639
v 0.405967 -0.186491 0.268639
v 0.423124 -0.186491 0.278544
v 0.405967 -0.186491 0.288449
v 0.423124 -0.186491 0.298355
v 0.440280 -0.186491 0.288449
v 0.440280 -0.186491 0.268639
v 0.423124 -0.186491 0.258734
v 0.405967 -0.186491 0.268639
v 0.347311 -0.236519 0.319288
v 0.347311 -0.236519 0.339098
v 0.347311 -0.186491 0.339098
v 0.347311 -0.186491 0.319288
v 0.347311 -0.236519 0.339098
v 0.364467 -0.236519 0.349004
v 0.364467 -0.186491 0.349004
v 0.347311 -0.186491 0.339098
v 0.381623 -0.236519 0.339098
v 0.381623 -0.186491 0.339098
v 0.381623 -0.236519 0.339098
v 0.381623 -0.236519 0.319288
v 0.381623 -0.186491 0.319288
v 0.381623 -0.186491 0.339098
v 0.381623 -0.236519 0.319288
v 0.364467 -0.236519 0.309383
v 0.364467 -0.186491 0.309383
v 0.381623 -0.186491 0.319288
v 0.347311 -0.236519 0.319288
v 0.347311 -0.186491 0.319288
v 0.364467 -0.186491 0.329193
v 0.347311 -0.186491 0.339098
v 0.364467 -0.186491 0.349004
v 0.381623 -0.186491 0.339098
v 0.381623 -0.186491 0.319288
v 0.364467 -0.186491 0.309383
v 0.347311 -0.186491 0.319288
v 0.347311 -0.236519 0.268639
v 0.347311 -0.236519 0.288449
v 0.347311 -0.186491 0.288449
v 0.347311 -0.186491 0.268639
v 0.347311 -0.236519 0.288449
v 0.364467 -0.236519 0.298355
v 0.364467 -0.186491 0.298355
v 0.347311 -0.186491 0.288449
v 0.381623 -0.236519 0.288449
v 0.381623 -0.186491 0.288449
v 0.381623 -0.236519 0.288449
v 0.381623 -0.236519 0.268639
v 0.381623 -0.186491 0.268639
v 0.381623 -0.186491 0.288449
v 0.381623 -0.236519 0.268639
v 0.364467 -0.236519 0.258734
v 0.364467 -0.186491 0.258734
v 0.381623 -0.186491 0.268639
v 0.347311 -0.236519 0.268639
v 0.347311 -0.186491 0.268639
v 0.364467 -0.186491 0.278544
v 0.347311 -0.186491 0.288449
v 0.364467 -0.186491 0.298355
v 0.381623 -0.186491 0.288449
v 0.381623 -0.186491 0.268639
v 0.364467 -0.186491 0.258734
v 0.347311 -0.186491 0.268639
v 0.347311 -0.236519 0.371889
v 0.347311 -0.236519 0.391700
v 0.347311 -0.186491 0.391700
v 0.347311 -0.186491 0.371889
v 0.347311 -0.236519 0.391700
v 0.364467 -0.236519 0.401605
v 0.364467 -0.186491 0.401605
v 0.347311 -0.186491 0.391700
v 0.381623 -0.236519 0.391700
v 0.381623 -0.186491 0.391700
v 0.381623 -0.236519 0.391700
v 0.381623 -0.236519 0.371889
v 0.381623 -0.186491 0.371889
v 0.381623 -0.186491 0.391700
v 0.381623 -0.236519 0.371889
v 0.364467 -0.236519 0.361984
v 0.364467 -0.186491 0.361984
v 0.381623 -0.186491 0.371889
v 0.347311 -0.236519 0.371889
v 0.347311 -0.186491 0.371889
v 0.364467 -0.186491 0.381795
v 0.347311 -0.186491 0.391700
v 0.364467 -0.186491 0.401605
v 0.381623 -0.186491 0.391700
v 0.381623 -0.186491 0.371889
v 0.364467 -0.186491 0.361984
v 0.347311 -0.186491 0.371889
v 0.417650 -0.236519 0.833531
v 0.417650 -0.236519 0.853342
v 0.417650 -0.186491 0.853342
v 0.417650 -0.186491 0.833531
v 0.417650 -0.236519 0.853342
v 0.434806 -0.236519 0.863247
v 0.434806 -0.186491 0.863247
v 0.417650 -0.186491 0.853342
v 0.451962 -0.236519 0.853342
v 0.451962 -0.186491 0.853342
v 0.451962 -0.236519 0.853342
v 0.451962 -0.236519 0.833531
v 0.451962 -0.186491 0.833531
v 0.451962 -0.186491 0.853342
v 0.451962 -0.236519 0.833531
v 0.434806 -0.236519 0.823626
v 0.434806 -0.186491 0.823626
v 0.451962 -0.186491 0.833531
v 0.417650 -0.236519 0.833531
v 0.417650 -0.186491 0.833531
v 0.434806 -0.186491 0.843436
v 0.417650 -0.186491 0.853342
v 0.434806 -0.186491 0.863247
v 0.451962 -0.186491 0.853342
v 0.451962 -0.186491 0.833531
v 0.434806 -0.186491 0.823626
v 0.417650 -0.186491 0.833531
v 0.417650 -0.236519 0.884180
v 0.417650 -0.236519 0.903991
v 0.417650 -0.186491 0.903991
v 0.417650 -0.186491 0.884180
v 0.417650 -0.236519 0.903991
v 0.434806 -0.236519 0.913896
v 0.434806 -0.186491 0.913896
v 0.417650 -0.186491 0.903991
v 0.451962 -0.236519 0.903991
v 0.451962 -0.186491 0.903991
v 0.451962 -0.236519 0.903991
v 0.451962 -0.236519 0.884180
v 0.451962 -0.186491 0.884180
v 0.451962 -0.186491 0.903991
v 0.451962 -0.236519 0.884180
v 0.434806 -0.236519 0.874275
v 0.434806 -0.186491 0.874275
v 0.451962 -0.186491 0.884180
v 0.417650 -0.236519 0.884180
v 0.417650 -0.186491 0.884180
v 0.434806 -0.186491 0.894086
v 0.417650 -0.186491 0.903991
v 0.434806 -0.186491 0.913896
v 0.451962 -0.186491 0.903991
v 0.451962 -0.186491 0.884180
v 0.434806 -0.186491 0.874275
v 0.417650 -0.186491 0.884180
v 0.325187 -0.236519 0.833531
v 0.325187 -0.236519 0.853342
v 0.325187 -0.186491 0.853342
v 0.325187 -0.186491 0.833531
v 0.325187 -0.236519 0.853342
v 0.342344 -0.236519 0.863247
v 0.342344 -0.186491 0.863247
v 0.325187 -0.186491 0.853342
v 0.359500 -0.236519 0.853342
v 0.359500 -0.186491 0.853342
v 0.359500 -0.236519 0.853342
v 0.359500 -0.236519 0.833531
v 0.359500 -0.186491 0.833531
v 0.359500 -0.186491 0.853342
v 0.359500 -0.236519 0.833531
v 0.342344 -0.236519 0.823626
v 0.342344 -0.186491 0.823626
v 0.359500 -0.186491 0.833531
v 0.325187 -0.236519 0.833531
v 0.325187 -0.186491 0.833531
v 0.342344 -0.186491 0.843436
v 0.325187 -0.186491 0.853342
v 0.342344 -0.186491 0.863247
v 0.359500 -0.186491 0.853342
v 0.359500 -0.186491 0.833531
v 0.342344 -0.186491 0.823626
v 0.325187 -0.186491 0.833531
v 0.325187 -0.236519 0.884180
v 0.325187 -0.236519 0.903991
v 0.325187 -0.186491 0.903991
v 0.325187 -0.186491 0.884180
v 0.325187 -0.236519 0.903991
v 0.342344 -0.236519 0.913896
v 0.342344 -0.186491 0.913896
v 0.325187 -0.186491 0.903991
v 0.359500 -0.236519 0.903991
v 0.359500 -0.186491 0.903991
v 0.359500 -0.236519 0.903991
v 0.359500 -0.236519 0.884180
v 0.359500 -0.186491 0.884180
v 0.359500 -0.186491 0.903991
v 0.359500 -0.236519 0.884180
v 0.342344 -0.236519 0.874275
v 0.342344 -0.186491 0.874275
v 0.359500 -0.186491 0.884180
v 0.325187 -0.236519 0.884180
v 0.325187 -0.186491 0.884180
v 0.342344 -0.186491 0.894086
v 0.325187 -0.186491 0.903991
v 0.342344 -0.186491 0.913896
v 0.359500 -0.186491 0.903991
v 0.359500 -0.186491 0.884180
v 0.342344 -0.186491 0.874275
v 0.325187 -0.186491 0.884180
v 0.370648 -0.236519 0.833531
v 0.370648 -0.236519 0.853342
v 0.370648 -0.186491 0.853342
v 0.370648 -0.186491 0.833531
v 0.370648 -0.236519 0.853342
v 0.387804 -0.236519 0.863247
v 0.387804 -0.186491 0.863247
v 0.370648 -0.186491 0.853342
v 0.404961 -0.236519 0.853342
v 0.404961 -0.186491 0.853342
v 0.404961 -0.236519 0.853342
v 0.404961 -0.236519 0.833531
v 0.404961 -0.186491 0.833531
v 0.404961 -0.186491 0.853342
v 0.404961 -0.236519 0.833531
v 0.387804 -0.236519 0.823626
v 0.387804 -0.186491 0.823626
v 0.404961 -0.186491 0.833531
v 0.370648 -0.236519 0.833531
v 0.370648 -0.186491 0.833531
v 0.387804 -0.186491 0.843436
v 0.370648 -0.186491 0.853342
v 0.387804 -0.186491 0.863247
v 0.404961 -0.186491 0.853342
v 0.404961 -0.186491 0.833531
v 0.387804 -0.186491 0.823626
v 0.370648 -0.186491 0.833531
v 0.370648 -0.236519 0.884180
v 0.370648 -0.236519 0.903991
v 0.370648 -0.186491 0.903991
v 0.370648 -0.186491 0.884180
v 0.370648 -0.236519 0.903991
v 0.387804 -0.236519 0.913896
v 0.387804 -0.186491 0.913896
v 0.370648 -0.186491 0.903991
v 0.404961 -0.236519 0.903991
v 0.404961 -0.186491 0.903991
v 0.404961 -0.236519 0.903991
v 0.404961 -0.236519 0.884180
v 0.404961 -0.186491 0.884180
v 0.404961 -0.186491 0.903991
v 0.404961 -0.236519 0.884180
v 0.387804 -0.236519 0.874275
v 0.387804 -0.186491 0.874275
v 0.404961 -0.186491 0.884180
v 0.370648 -0.236519 0.884180
v 0.370648 -0.186491 0.884180
v 0.387804 -0.186491 0.894086
v 0.370648 -0.186491 0.903991
v 0.387804 -0.186491 0.913896
v 0.404961 -0.186491 0.903991
v 0.404961 -0.186491 0.884180
v 0.387804 -0.186491 0.874275
v 0.370648 -0.186491 0.884180
v -0.556293 0.555801 0.950968
v 0.534903 0.793680 0.950968
v 0.534903 0.809787 0.950968
v -0.556293 0.571908 0.950968
v -0.556293 0.571908 0.950968
v 0.534903 0.809787 0.950968
v 0.534903 0.809787 0.930258
v -0.556293 0.571908 0.930258
v -0.556293 0.571908 0.930258
v 0.534903 0.809787 0.930258
v 0.534903 0.793680 0.930258
v -0.556293 0.555801 0.930258
v -0.556293 0.555801 0.930258
v 0.534903 0.793680 0.930258
v 0.534903 0.793680 0.950968
v -0.556293 0.555801 0.950968
v 0.645373 0.298440 0.567391
v 0.645373 0.298440 0.569160
v 0.645373 0.368506 0.569160
v 0.645373 0.368506 0.567391
v 0.645373 0.298440 0.569160
v 0.646905 0.298440 0.570045
v 0.646905 0.368506 0.570045
v 0.645373 0.368506 0.569160
v 0.648438 0.298440 0.569160
v 0.648438 0.368506 0.569160
v 0.648438 0.298440 0.567391
v 0.648438 0.368506 0.567391
v 0.646905 0.298440 0.566507
v 0.646905 0.368506 0.566507
v 0.645373 0.368506 0.569160
v 0.646905 0.368506 0.570045
v 0.652799 0.377518 0.570045
v 0.651267 0.377518 0.569160
v 0.648438 0.368506 0.569160
v 0.654331 0.377518 0.569160
v 0.648438 0.368506 0.569160
v 0.648438 0.368506 0.567391
v 0.654331 0.377518 0.567391
v 0.654331 0.377518 0.569160
v 0.648438 0.368506 0.567391
v 0.646905 0.368506 0.566507
v 0.652799 0.377518 0.566507
v 0.654331 0.377518 0.567391
v 0.645373 0.368506 0.567391
v 0.651267 0.377518 0.567391
v 0.645373 0.368506 0.567391
v 0.645373 0.368506 0.569160
v 0.651267 0.377518 0.569160
v 0.651267 0.377518 0.567391
v 0.558898 -0.877887 0.930924
v 0.558898 -0.877887 0.954763
v 0.558898 -0.890069 0.954763
v 0.558898 -0.890069 0.930924
v 0.558898 -0.890069 0.930924
v 0.558898 -0.890069 0.954763
v 0.535060 -0.890069 0.954763
v 0.535060 -0.890069 0.930924
v 0.535060 -0.890069 0.930924
v 0.535060 -0.890069 0.954763
v 0.535060 -0.877887 0.954763
v 0.535060 -0.877887 0.930924
v 0.558898 -0.877887 0.954763
v 0.535060 -0.877887 0.954763
v 0.535060 -0.890069 0.954763
v 0.558898 -0.890069 0.954763
v 0.535060 -0.877887 0.930924
v 0.558898 -0.877887 0.930924
v 0.558898 -0.890069 0.930924
v 0.535060 -0.890069 0.930924
v 0.535060 -0.877887 0.930924
v 0.535060 -0.877887 0.954763
v 0.537441 -0.877887 0.952381
v 0.537441 -0.877887 0.933306
v 0.535060 -0.877887 0.954763
v 0.558898 -0.877887 0.954763
v 0.556517 -0.877887 0.952381
v 0.537441 -0.877887 0.952381
v 0.558898 -0.877887 0.954763
v 0.558898 -0.877887 0.930924
v 0.556517 -0.877887 0.933306
v 0.556517 -0.877887 0.952381
v 0.558898 -0.877887 0.930924
v 0.535060 -0.877887 0.930924
v 0.537441 -0.877887 0.933306
v 0.556517 -0.877887 0.933306
v 0.537441 -0.877887 0.933306
v 0.537441 -0.877887 0.952381
v 0.537441 -0.830267 0.952381
v 0.537441 -0.830267 0.933306
v 0.537441 -0.877887 0.952381
v 0.556517 -0.877887 0.952381
v 0.556517 -0.830267 0.952381
v 0.537441 -0.830267 0.952381
v 0.556517 -0.877887 0.952381
v 0.556517 -0.877887 0.933306
v 0.556517 -0.830267 0.933306
v 0.556517 -0.830267 0.952381
v 0.556517 -0.877887 0.933306
v 0.537441 -0.877887 0.933306
v 0.537441 -0.830267 0.933306
v 0.556517 -0.830267 0.933306
v -0.556293 0.555801 -0.917666
v 0.534903 0.793680 -0.917666
v 0.534903 0.809787 -0.917666
v -0.556293 0.571908 -0.917666
v -0.556293 0.571908 -0.917666
v 0.534903 0.809787 -0.917666
v 0.534903 0.809787 -0.938376
v -0.556293 0.571908 -0.938376
v -0.556293 0.571908 -0.938376
v 0.534903 0.809787 -0.938376
v 0.534903 0.793680 -0.938376
v -0.556293 0.555801 -0.938376
v -0.556293 0.555801 -0.938376
v 0.534903 0.793680 -0.938376
v 0.534903 0.793680 -0.917666
v -0.556293 0.555801 -0.917666
v 0.556517 -0.211220 -0.915872
v 0.556517 -0.211220 -0.939682
v 0.556517 -0.199315 -0.939682
v 0.556517 -0.199315 -0.915872
v 0.532707 -0.199315 -0.915872
v 0.532707 -0.199315 -0.939682
v 0.532707 -0.211220 -0.939682
v 0.532707 -0.211220 -0.915872
v 0.556517 -0.211220 -0.939682
v 0.532707 -0.211220 -0.939682
v 0.532707 -0.199315 -0.939682
v 0.556517 -0.199315 -0.939682
v 0.532707 -0.211220 -0.915872
v 0.556517 -0.211220 -0.915872
v 0.556517 -0.199315 -0.915872
v 0.532707 -0.199315 -0.915872
v 0.556517 -0.199315 -0.915872
v 0.556517 -0.199315 -0.939682
v 0.554136 -0.199315 -0.937301
v 0.554136 -0.199315 -0.918253
v 0.532707 -0.199315 -0.939682
v 0.535088 -0.199315 -0.937301
v 0.532707 -0.199315 -0.915872
v 0.535088 -0.199315 -0.918253
v 0.554136 -0.199315 -0.937301
v 0.535088 -0.199315 -0.937301
v 0.535088 0.848304 -0.937301
v 0.554136 0.848304 -0.937301
v 0.535088 -0.199315 -0.937301
v 0.535088 -0.199315 -0.918253
v 0.535088 0.848304 -0.918253
v 0.535088 0.848304 -0.937301
v 0.535088 -0.199315 -0.918253
v 0.554136 -0.199315 -0.918253
v 0.554136 0.848304 -0.918253
v 0.535088 0.848304 -0.918253
v 0.554136 -0.199315 -0.918253
v 0.554136 -0.199315 -0.937301
v 0.554136 0.848304 -0.937301
v 0.554136 0.848304 -0.918253
v 0.505384 0.579960 -0.049281
v 0.485392 0.579960 -0.035923
v 0.485392 0.686846 -0.035923
v 0.505384 0.686846 -0.049281
v 0.472036 0.579960 -0.015929
v 0.472036 0.686846 -0.015929
v 0.467343 0.579960 0.007655
v 0.467343 0.686846 0.007655
v 0.467343 0.579960 0.007655
v 0.472036 0.579960 0.031238
v 0.472036 0.686846 0.031238
v 0.467343 0.686846 0.007655
v 0.485392 0.579960 0.051230
v 0.485392 0.686846 0.051230
v 0.505384 0.579960 0.064590
v 0.505384 0.686846 0.064590
v 0.528971 0.579960 0.069280
v 0.528971 0.686846 0.069280
v 0.552555 0.579960 0.064590
v 0.552555 0.686846 0.064590
v 0.572546 0.579960 0.051230
v 0.572546 0.686846 0.051230
v 0.585907 0.579960 0.031238
v 0.585907 0.686846 0.031238
v 0.590596 0.579960 0.007655
v 0.590596 0.686846 0.007655
v 0.585907 0.579960 -0.015929
v 0.585907 0.686846 -0.015929
v 0.572546 0.579960 -0.035923
v 0.572546 0.686846 -0.035923
v 0.552555 0.579960 -0.049281
v 0.552555 0.686846 -0.049281
v 0.528971 0.579960 -0.053973
v 0.528971 0.686846 -0.053973
v 0.508258 0.548245 -0.013059
v 0.517759 0.548245 -0.019405
v 0.528971 0.548245 0.007655
v 0.501911 0.548245 -0.003557
v 0.499679 0.548245 0.007655
v 0.501911 0.548245 0.018864
v 0.508259 0.548245 0.028365
v 0.517759 0.548245 0.034715
v 0.528971 0.548245 0.036944
v 0.540178 0.548245 0.034715
v 0.549681 0.548245 0.028365
v 0.556031 0.548245 0.018864
v 0.558258 0.548245 0.007655
v 0.556031 0.548245 -0.003555
v 0.549681 0.548245 -0.013059
v 0.540178 0.548245 -0.019405
v 0.528971 0.548245 -0.021638
v 0.517759 0.718560 -0.019405
v 0.508259 0.718560 -0.013059
v 0.528971 0.718560 0.007655
v 0.501907 0.718560 -0.003555
v 0.499679 0.718560 0.007655
v 0.501907 0.718560 0.018864
v 0.508259 0.718560 0.028365
v 0.517759 0.718560 0.034715
v 0.528971 0.718560 0.036944
v 0.540178 0.718560 0.034715
v 0.549682 0.718560 0.028365
v 0.556031 0.718560 0.018864
v 0.558258 0.718560 0.007655
v 0.556031 0.718560 -0.003555
v 0.549682 0.718560 -0.013059
v 0.540178 0.718560 -0.019405
v 0.528971 0.718560 -0.021638
v 0.505384 0.686846 -0.049281
v 0.485392 0.686846 -0.035923
v 0.493013 0.697417 -0.028300
v 0.509509 0.697417 -0.039324
v 0.472036 0.686846 -0.015929
v 0.481992 0.697417 -0.011806
v 0.467343 0.686846 0.007655
v 0.478122 0.697417 0.007655
v 0.467343 0.686846 0.007655
v 0.472036 0.686846 0.031238
v 0.481992 0.697417 0.027112
v 0.478122 0.697417 0.007655
v 0.485392 0.686846 0.051230
v 0.493013 0.697417 0.043609
v 0.505384 0.686846 0.064590
v 0.509509 0.697417 0.054630
v 0.528971 0.686846 0.069280
v 0.528971 0.697417 0.058501
v 0.552555 0.686846 0.064590
v 0.548429 0.697417 0.054630
v 0.572546 0.686846 0.051230
v 0.564926 0.697417 0.043609
v 0.585907 0.686846 0.031238
v 0.575947 0.697417 0.027112
v 0.590596 0.686846 0.007655
v 0.579816 0.697417 0.007655
v 0.585907 0.686846 -0.015929
v 0.575947 0.697417 -0.011806
v 0.572546 0.686846 -0.035923
v 0.564926 0.697417 -0.028300
v 0.552555 0.686846 -0.049281
v 0.548429 0.697417 -0.039324
v 0.528971 0.686846 -0.053973
v 0.528971 0.697417 -0.043195
v 0.508259 0.707989 -0.013059
v 0.517759 0.707989 -0.019405
v 0.501907 0.707989 -0.003555
v 0.499679 0.707989 0.007655
v 0.501907 0.707989 0.018864
v 0.499679 0.707989 0.007655
v 0.508259 0.707989 0.028365
v 0.517759 0.707989 0.034715
v 0.528971 0.707989 0.036944
v 0.540178 0.707989 0.034715
v 0.549682 0.707989 0.028365
v 0.556031 0.707989 0.018864
v 0.558258 0.707989 0.007655
v 0.556031 0.707989 -0.003555
v 0.549682 0.707989 -0.013059
v 0.540178 0.707989 -0.019405
v 0.528971 0.707989 -0.021638
v 0.517759 0.707989 -0.019405
v 0.508259 0.707989 -0.013059
v 0.508259 0.718560 -0.013059
v 0.517759 0.718560 -0.019405
v 0.501907 0.707989 -0.003555
v 0.501907 0.718560 -0.003555
v 0.499679 0.707989 0.007655
v 0.499679 0.718560 0.007655
v 0.499679 0.707989 0.007655
v 0.501907 0.707989 0.018864
v 0.501907 0.718560 0.018864
v 0.499679 0.718560 0.007655
v 0.508259 0.707989 0.028365
v 0.508259 0.718560 0.028365
v 0.517759 0.707989 0.034715
v 0.517759 0.718560 0.034715
v 0.528971 0.707989 0.036944
v 0.528971 0.718560 0.036944
v 0.540178 0.707989 0.034715
v 0.540178 0.718560 0.034715
v 0.549682 0.707989 0.028365
v 0.549682 0.718560 0.028365
v 0.556031 0.707989 0.018864
v 0.556031 0.718560 0.018864
v 0.558258 0.707989 0.007655
v 0.558258 0.718560 0.007655
v 0.556031 0.707989 -0.003555
v 0.556031 0.718560 -0.003555
v 0.549682 0.707989 -0.013059
v 0.549682 0.718560 -0.013059
v 0.540178 0.707989 -0.019405
v 0.540178 0.718560 -0.019405
v 0.528971 0.707989 -0.021638
v 0.528971 0.718560 -0.021638
v 0.485392 0.579960 -0.035923
v 0.505384 0.579960 -0.049281
v 0.509509 0.569388 -0.039324
v 0.493014 0.569388 -0.028303
v 0.472036 0.579960 -0.015929
v 0.481993 0.569388 -0.011806
v 0.467343 0.579960 0.007655
v 0.478122 0.569388 0.007655
v 0.472036 0.579960 0.031238
v 0.467343 0.579960 0.007655
v 0.478122 0.569388 0.007655
v 0.481993 0.569388 0.027112
v 0.485392 0.579960 0.051230
v 0.493014 0.569388 0.043609
v 0.505384 0.579960 0.064590
v 0.509509 0.569388 0.054630
v 0.528971 0.579960 0.069280
v 0.528971 0.569388 0.058501
v 0.552555 0.579960 0.064590
v 0.548429 0.569388 0.054630
v 0.572546 0.579960 0.051230
v 0.564926 0.569388 0.043609
v 0.585907 0.579960 0.031238
v 0.575947 0.569388 0.027112
v 0.590596 0.579960 0.007655
v 0.579816 0.569388 0.007655
v 0.585907 0.579960 -0.015929
v 0.575947 0.569388 -0.011806
v 0.572546 0.579960 -0.035923
v 0.564926 0.569388 -0.028300
v 0.552555 0.579960 -0.049281
v 0.548429 0.569388 -0.039324
v 0.528971 0.579960 -0.053973
v 0.528971 0.569388 -0.043195
v 0.517759 0.558817 -0.019405
v 0.508258 0.558817 -0.013059
v 0.501911 0.558817 -0.003557
v 0.499679 0.558817 0.007655
v 0.499679 0.558817 0.007655
v 0.501911 0.558817 0.018864
v 0.508259 0.558817 0.028365
v 0.517759 0.558817 0.034715
v 0.528971 0.558817 0.036944
v 0.540178 0.558817 0.034715
v 0.549681 0.558817 0.028365
v 0.556031 0.558817 0.018864
v 0.558258 0.558817 0.007655
v 0.556031 0.558817 -0.003555
v 0.549681 0.558817 -0.013059
v 0.540178 0.558817 -0.019405
v 0.528971 0.558817 -0.021638
v 0.508258 0.558817 -0.013059
v 0.517759 0.558817 -0.019405
v 0.517759 0.548245 -0.019405
v 0.508258 0.548245 -0.013059
v 0.501911 0.558817 -0.003557
v 0.501911 0.548245 -0.003557
v 0.499679 0.558817 0.007655
v 0.499679 0.548245 0.007655
v 0.501911 0.558817 0.018864
v 0.499679 0.558817 0.007655
v 0.499679 0.548245 0.007655
v 0.501911 0.548245 0.018864
v 0.508259 0.558817 0.028365
v 0.508259 0.548245 0.028365
v 0.517759 0.558817 0.034715
v 0.517759 0.548245 0.034715
v 0.528971 0.558817 0.036944
v 0.528971 0.548245 0.036944
v 0.540178 0.558817 0.034715
v 0.540178 0.548245 0.034715
v 0.549681 0.558817 0.028365
v 0.549681 0.548245 0.028365
v 0.556031 0.558817 0.018864
v 0.556031 0.548245 0.018864
v 0.558258 0.558817 0.007655
v 0.558258 0.548245 0.007655
v 0.556031 0.558817 -0.003555
v 0.556031 0.548245 -0.003555
v 0.549681 0.558817 -0.013059
v 0.549681 0.548245 -0.013059
v 0.540178 0.558817 -0.019405
v 0.540178 0.548245 -0.019405
v 0.528971 0.558817 -0.021638
v 0.528971 0.548245 -0.021638
v 0.463110 -0.236519 0.884180
v 0.463110 -0.236519 0.903991
v 0.463110 -0.186491 0.903991
v 0.463110 -0.186491 0.884180
v 0.463110 -0.236519 0.903991
v 0.480267 -0.236519 0.913896
v 0.480267 -0.186491 0.913896
v 0.463110 -0.186491 0.903991
v 0.497423 -0.236519 0.903991
v 0.497423 -0.186491 0.903991
v 0.497423 -0.236519 0.903991
v 0.497423 -0.236519 0.884180
v 0.497423 -0.186491 0.884180
v 0.497423 -0.186491 0.903991
v 0.497423 -0.236519 0.884180
v 0.480267 -0.236519 0.874275
v 0.480267 -0.186491 0.874275
v 0.497423 -0.186491 0.884180
v 0.463110 -0.236519 0.884180
v 0.463110 -0.186491 0.884180
v 0.480267 -0.186491 0.894086
v 0.463110 -0.186491 0.903991
v 0.480267 -0.186491 0.913896
v 0.497423 -0.186491 0.903991
v 0.497423 -0.186491 0.884180
v 0.480267 -0.186491 0.874275
v 0.463110 -0.186491 0.884180
v 0.463110 -0.236519 0.319288
v 0.463110 -0.236519 0.339098
v 0.463110 -0.186491 0.339098
v 0.463110 -0.186491 0.319288
v 0.463110 -0.236519 0.339098
v 0.480267 -0.236519 0.349004
v 0.480267 -0.186491 0.349004
v 0.463110 -0.186491 0.339098
v 0.497423 -0.236519 0.339098
v 0.497423 -0.186491 0.339098
v 0.497423 -0.236519 0.339098
v 0.497423 -0.236519 0.319288
v 0.497423 -0.186491 0.319288
v 0.497423 -0.186491 0.339098
v 0.497423 -0.236519 0.319288
v 0.480267 -0.236519 0.309383
v 0.480267 -0.186491 0.309383
v 0.497423 -0.186491 0.319288
v 0.463110 -0.236519 0.319288
v 0.463110 -0.186491 0.319288
v 0.480267 -0.186491 0.329193
v 0.463110 -0.186491 0.339098
v 0.480267 -0.186491 0.349004
v 0.497423 -0.186491 0.339098
v 0.497423 -0.186491 0.319288
v 0.480267 -0.186491 0.309383
v 0.463110 -0.186491 0.319288
v 0.463110 -0.236519 0.833531
v 0.463110 -0.236519 0.853342
v 0.463110 -0.186491 0.853342
v 0.463110 -0.186491 0.833531
v 0.463110 -0.236519 0.853342
v 0.480267 -0.236519 0.863247
v 0.480267 -0.186491 0.863247
v 0.463110 -0.186491 0.853342
v 0.497423 -0.236519 0.853342
v 0.497423 -0.186491 0.853342
v 0.497423 -0.236519 0.853342
v 0.497423 -0.236519 0.833531
v 0.497423 -0.186491 0.833531
v 0.497423 -0.186491 0.853342
v 0.497423 -0.236519 0.833531
v 0.480267 -0.236519 0.823626
v 0.480267 -0.186491 0.823626
v 0.497423 -0.186491 0.833531
v 0.463110 -0.236519 0.833531
v 0.463110 -0.186491 0.833531
v 0.480267 -0.186491 0.843436
v 0.463110 -0.186491 0.853342
v 0.480267 -0.186491 0.863247
v 0.497423 -0.186491 0.853342
v 0.497423 -0.186491 0.833531
v 0.480267 -0.186491 0.823626
v 0.463110 -0.186491 0.833531
v 0.405967 -0.236519 0.371889
v 0.405967 -0.236519 0.391700
v 0.405967 -0.186491 0.391700
v 0.405967 -0.186491 0.371889
v 0.405967 -0.236519 0.391700
v 0.423124 -0.236519 0.401605
v 0.423124 -0.186491 0.401605
v 0.405967 -0.186491 0.391700
v 0.440280 -0.236519 0.391700
v 0.440280 -0.186491 0.391700
v 0.440280 -0.236519 0.391700
v 0.440280 -0.236519 0.371889
v 0.440280 -0.186491 0.371889
v 0.440280 -0.186491 0.391700
v 0.440280 -0.236519 0.371889
v 0.423124 -0.236519 0.361984
v 0.423124 -0.186491 0.361984
v 0.440280 -0.186491 0.371889
v 0.405967 -0.236519 0.371889
v 0.405967 -0.186491 0.371889
v 0.423124 -0.186491 0.381795
v 0.405967 -0.186491 0.391700
v 0.423124 -0.186491 0.401605
v 0.440280 -0.186491 0.391700
v 0.440280 -0.186491 0.371889
v 0.423124 -0.186491 0.361984
v 0.405967 -0.186491 0.371889
v 0.405967 -0.236519 0.319288
v 0.405967 -0.236519 0.339098
v 0.405967 -0.186491 0.339098
v 0.405967 -0.186491 0.319288
v 0.405967 -0.236519 0.339098
v 0.423124 -0.236519 0.349004
v 0.423124 -0.186491 0.349004
v 0.405967 -0.186491 0.339098
v 0.440280 -0.236519 0.339098
v 0.440280 -0.186491 0.339098
v 0.440280 -0.236519 0.339098
v 0.440280 -0.236519 0.319288
v 0.440280 -0.186491 0.319288
v 0.440280 -0.186491 0.339098
v 0.440280 -0.236519 0.319288
v 0.423124 -0.236519 0.309383
v 0.423124 -0.186491 0.309383
v 0.440280 -0.186491 0.319288
v 0.405967 -0.236519 0.319288
v 0.405967 -0.186491 0.319288
v 0.423124 -0.186491 0.329193
v 0.405967 -0.186491 0.339098
v 0.423124 -0.186491 0.349004
v 0.440280 -0.186491 0.339098
v 0.440280 -0.186491 0.319288
v 0.423124 -0.186491 0.309383
v 0.405967 -0.186491 0.319288
v 0.463110 -0.236519 0.371889
v 0.463110 -0.236519 0.391700
v 0.463110 -0.186491 0.391700
v 0.463110 -0.186491 0.371889
v 0.463110 -0.236519 0.391700
v 0.480267 -0.236519 0.401605
v 0.480267 -0.186491 0.401605
v 0.463110 -0.186491 0.391700
v 0.497423 -0.236519 0.391700
v 0.497423 -0.186491 0.391700
v 0.497423 -0.236519 0.391700
v 0.497423 -0.236519 0.371889
v 0.497423 -0.186491 0.371889
v 0.497423 -0.186491 0.391700
v 0.497423 -0.236519 0.371889
v 0.480267 -0.236519 0.361984
v 0.480267 -0.186491 0.361984
v 0.497423 -0.186491 0.371889
v 0.463110 -0.236519 0.371889
v 0.463110 -0.186491 0.371889
v 0.480267 -0.186491 0.381795
v 0.463110 -0.186491 0.391700
v 0.480267 -0.186491 0.401605
v 0.497423 -0.186491 0.391700
v 0.497423 -0.186491 0.371889
v 0.480267 -0.186491 0.361984
v 0.463110 -0.186491 0.371889
v 0.125537 -0.236519 0.884180
v 0.125537 -0.236519 0.903991
v 0.125537 -0.186491 0.903991
v 0.125537 -0.186491 0.884180
v 0.125537 -0.236519 0.903991
v 0.142693 -0.236519 0.913896
v 0.142693 -0.186491 0.913896
v 0.125537 -0.186491 0.903991
v 0.159850 -0.236519 0.903991
v 0.159850 -0.186491 0.903991
v 0.159850 -0.236519 0.903991
v 0.159850 -0.236519 0.884180
v 0.159850 -0.186491 0.884180
v 0.159850 -0.186491 0.903991
v 0.159850 -0.236519 0.884180
v 0.142693 -0.236519 0.874275
v 0.142693 -0.186491 0.874275
v 0.159850 -0.186491 0.884180
v 0.125537 -0.236519 0.884180
v 0.125537 -0.186491 0.884180
v 0.142693 -0.186491 0.894086
v 0.125537 -0.186491 0.903991
v 0.142693 -0.186491 0.913896
v 0.159850 -0.186491 0.903991
v 0.159850 -0.186491 0.884180
v 0.142693 -0.186491 0.874275
v 0.125537 -0.186491 0.884180
v 0.463110 -0.236519 0.268639
v 0.463110 -0.236519 0.288449
v 0.463110 -0.186491 0.288449
v 0.463110 -0.186491 0.268639
v 0.463110 -0.236519 0.288449
v 0.480267 -0.236519 0.298355
v 0.480267 -0.186491 0.298355
v 0.463110 -0.186491 0.288449
v 0.497423 -0.236519 0.288449
v 0.497423 -0.186491 0.288449
v 0.497423 -0.236519 0.288449
v 0.497423 -0.236519 0.268639
v 0.497423 -0.186491 0.268639
v 0.497423 -0.186491 0.288449
v 0.497423 -0.236519 0.268639
v 0.480267 -0.236519 0.258734
v 0.480267 -0.186491 0.258734
v 0.497423 -0.186491 0.268639
v 0.463110 -0.236519 0.268639
v 0.463110 -0.186491 0.268639
v 0.480267 -0.186491 0.278544
v 0.463110 -0.186491 0.288449
v 0.480267 -0.186491 0.298355
v 0.497423 -0.186491 0.288449
v 0.497423 -0.186491 0.268639
v 0.480267 -0.186491 0.258734
v 0.463110 -0.186491 0.268639
v 0.532707 -0.235029 -0.017459
v 0.532707 -0.806458 -0.017459
v 0.532707 -0.806458 -0.466665
v 0.532707 -0.235029 -0.466665
v 0.104136 -0.235029 -0.017460
v 0.532707 -0.235029 -0.017460
v 0.532707 -0.235029 -0.466666
v 0.104136 -0.235029 -0.466666
v 0.104136 -0.806458 -0.017460
v 0.104136 -0.235029 -0.017460
v 0.104136 -0.235029 -0.442856
v 0.104136 -0.806458 -0.442856
v 0.556517 -0.830267 0.006350
v 0.080326 -0.830267 0.006350
v 0.080326 -0.830267 -0.466666
v 0.556517 -0.830267 -0.466666
v 0.532707 -0.806458 -0.915872
v 0.080326 -0.806458 -0.915872
v 0.080326 -0.235029 -0.915872
v 0.532707 -0.235029 -0.915872
v 0.532707 -0.806458 -0.915871
v 0.532707 -0.235029 -0.915871
v 0.532707 -0.235029 -0.915872
v 0.104136 -0.235029 -0.915872
v -0.133960 -0.806458 -0.490475
v -0.133960 -0.235029 -0.490475
v -0.133960 -0.235029 -0.915872
v -0.133960 -0.806458 -0.915872
v 0.080326 -0.830267 -0.939682
v 0.556517 -0.830267 -0.939682
v 0.056516 -0.806458 -0.490475
v 0.056516 -0.235029 -0.490475
v -0.133960 -0.235029 -0.490475
v -0.133960 -0.806458 -0.490475
v 0.056517 -0.235029 -0.490475
v 0.056517 -0.235029 -0.915872
v -0.133960 -0.235029 -0.915872
v -0.133960 -0.235029 -0.490475
v -0.133960 -0.806458 -0.915872
v -0.133960 -0.235029 -0.915872
v -0.157769 -0.830267 -0.466666
v -0.157769 -0.830267 -0.939682
v 0.556517 -0.211220 0.006350
v 0.556517 -0.830267 0.006350
v 0.556517 -0.806458 -0.017459
v 0.556517 -0.235029 -0.017459
v 0.556517 -0.830267 -0.466666
v 0.556517 -0.806458 -0.466665
v 0.556517 -0.211219 -0.466666
v 0.556517 -0.235029 -0.466665
v 0.556517 -0.830267 -0.939682
v 0.556517 -0.806458 -0.915871
v 0.556517 -0.211220 -0.939682
v 0.556517 -0.235029 -0.915871
v 0.556517 -0.235029 -0.017459
v 0.556517 -0.806458 -0.017459
v 0.532707 -0.806458 -0.017459
v 0.532707 -0.235029 -0.017459
v 0.556517 -0.806458 -0.017459
v 0.556517 -0.806458 -0.466665
v 0.532707 -0.806458 -0.466665
v 0.532707 -0.806458 -0.017459
v 0.556517 -0.235029 -0.466665
v 0.556517 -0.235029 -0.017459
v 0.532707 -0.235029 -0.017459
v 0.532707 -0.235029 -0.466665
v 0.556517 -0.806458 -0.466665
v 0.556517 -0.806458 -0.915871
v 0.532707 -0.806458 -0.915871
v 0.532707 -0.806458 -0.466665
v 0.556517 -0.806458 -0.915871
v 0.556517 -0.235029 -0.915871
v 0.532707 -0.235029 -0.915871
v 0.532707 -0.806458 -0.915871
v 0.556517 -0.235029 -0.915871
v 0.556517 -0.235029 -0.466665
v 0.532707 -0.235029 -0.466665
v 0.532707 -0.235029 -0.915871
v 0.556517 -0.830267 -0.939682
v 0.080326 -0.830267 -0.939682
v 0.080326 -0.806458 -0.939682
v 0.532707 -0.806458 -0.939682
v 0.080326 -0.211220 -0.939682
v 0.556517 -0.211220 -0.939682
v 0.532707 -0.235029 -0.939682
v 0.080326 -0.235029 -0.939682
v -0.157769 -0.830267 -0.939682
v -0.133960 -0.806458 -0.939682
v -0.157769 -0.211219 -0.939682
v -0.133960 -0.235029 -0.939682
v 0.532707 -0.806458 -0.939682
v 0.080326 -0.806458 -0.939682
v 0.080326 -0.806458 -0.915872
v 0.532707 -0.806458 -0.915872
v 0.080326 -0.235029 -0.939682
v 0.532707 -0.235029 -0.939682
v 0.532707 -0.235029 -0.915872
v 0.080326 -0.235029 -0.915872
v 0.532707 -0.235029 -0.939682
v 0.532707 -0.806458 -0.939682
v 0.532707 -0.806458 -0.915872
v 0.532707 -0.235029 -0.915872
v 0.080326 -0.806458 -0.939682
v -0.133960 -0.806458 -0.939682
v -0.133960 -0.806458 -0.915872
v 0.080326 -0.806458 -0.915872
v -0.133960 -0.806458 -0.939682
v -0.133960 -0.235029 -0.939682
v -0.133960 -0.235029 -0.915872
v -0.133960 -0.806458 -0.915872
v -0.133960 -0.235029 -0.939682
v 0.080326 -0.235029 -0.939682
v 0.080326 -0.235029 -0.915872
v -0.133960 -0.235029 -0.915872
v 0.080326 -0.211220 0.006350
v 0.556517 -0.211220 0.006350
v 0.532707 -0.211220 -0.017460
v 0.104136 -0.211220 -0.017460
v 0.556517 -0.211219 -0.466666
v 0.532707 -0.211220 -0.466666
v 0.080326 -0.211219 -0.466666
v 0.104136 -0.211220 -0.466666
v 0.556517 -0.211220 -0.939682
v 0.532707 -0.211220 -0.915872
v 0.080326 -0.211220 -0.939682
v 0.104136 -0.211220 -0.915872
v 0.056516 -0.211220 -0.915872
v 0.056516 -0.211220 -0.490475
v -0.157769 -0.211219 -0.939682
v -0.133960 -0.211220 -0.915872
v -0.157769 -0.211220 -0.466666
v -0.133960 -0.211220 -0.490475
v 0.104136 -0.211220 -0.017460
v 0.532707 -0.211220 -0.017460
v 0.532707 -0.235029 -0.017460
v 0.104136 -0.235029 -0.017460
v 0.532707 -0.211220 -0.017460
v 0.532707 -0.211220 -0.466666
v 0.532707 -0.235029 -0.466666
v 0.532707 -0.235029 -0.017460
v 0.104136 -0.211220 -0.466666
v 0.104136 -0.211220 -0.017460
v 0.104136 -0.235029 -0.017460
v 0.104136 -0.235029 -0.466666
v 0.532707 -0.211220 -0.466666
v 0.532707 -0.211220 -0.915872
v 0.532707 -0.235029 -0.915872
v 0.532707 -0.235029 -0.466666
v 0.532707 -0.211220 -0.915872
v 0.104136 -0.211220 -0.915872
v 0.104136 -0.235029 -0.915872
v 0.532707 -0.235029 -0.915872
v 0.104136 -0.211220 -0.915872
v 0.104136 -0.211220 -0.466666
v 0.104136 -0.235029 -0.466666
v 0.104136 -0.235029 -0.915872
v 0.080326 -0.830267 0.006350
v 0.080326 -0.211220 0.006350
v 0.080326 -0.235029 -0.017460
v 0.080326 -0.806458 -0.017460
v 0.080326 -0.211219 -0.466666
v 0.080326 -0.235029 -0.442856
v 0.080326 -0.830267 -0.466666
v 0.080326 -0.806458 -0.442856
v -0.157769 -0.830267 -0.466666
v -0.157769 -0.211220 -0.466666
v -0.157769 -0.235029 -0.490475
v -0.157769 -0.806458 -0.490475
v -0.157769 -0.211219 -0.939682
v -0.157769 -0.235029 -0.915872
v -0.157769 -0.830267 -0.939682
v -0.157769 -0.806458 -0.915872
v 0.080326 -0.830267 -0.466666
v 0.080326 -0.211219 -0.466666
v 0.056517 -0.235029 -0.466666
v 0.056516 -0.806458 -0.466666
v -0.157769 -0.211220 -0.466666
v -0.133960 -0.235029 -0.466666
v -0.157769 -0.830267 -0.466666
v -0.133960 -0.806458 -0.466666
v 0.080326 -0.806458 -0.017460
v 0.080326 -0.235029 -0.017460
v 0.104136 -0.235029 -0.017460
v 0.104136 -0.806458 -0.017460
v 0.080326 -0.235029 -0.017460
v 0.080326 -0.235029 -0.442856
v 0.104136 -0.235029 -0.442856
v 0.104136 -0.235029 -0.017460
v 0.080326 -0.235029 -0.442856
v 0.080326 -0.806458 -0.442856
v 0.104136 -0.806458 -0.442856
v 0.104136 -0.235029 -0.442856
v 0.080326 -0.806458 -0.442856
v 0.080326 -0.806458 -0.017460
v 0.104136 -0.806458 -0.017460
v 0.104136 -0.806458 -0.442856
v -0.157769 -0.806458 -0.490475
v -0.157769 -0.235029 -0.490475
v -0.133960 -0.235029 -0.490475
v -0.133960 -0.806458 -0.490475
v -0.157769 -0.235029 -0.490475
v -0.157769 -0.235029 -0.915872
v -0.133960 -0.235029 -0.915872
v -0.133960 -0.235029 -0.490475
v -0.157769 -0.235029 -0.915872
v -0.157769 -0.806458 -0.915872
v -0.133960 -0.806458 -0.915872
v -0.133960 -0.235029 -0.915872
v -0.157769 -0.806458 -0.915872
v -0.157769 -0.806458 -0.490475
v -0.133960 -0.806458 -0.490475
v -0.133960 -0.806458 -0.915872
v 0.056516 -0.806458 -0.466666
v 0.056517 -0.235029 -0.466666
v 0.056516 -0.235029 -0.490475
v 0.056516 -0.806458 -0.490475
v 0.056517 -0.235029 -0.466666
v -0.133960 -0.235029 -0.466666
v -0.133960 -0.235029 -0.490475
v 0.056516 -0.235029 -0.490475
v -0.133960 -0.235029 -0.466666
v -0.133960 -0.806458 -0.466666
v -0.133960 -0.806458 -0.490475
v -0.133960 -0.235029 -0.490475
v -0.133960 -0.806458 -0.466666
v 0.056516 -0.806458 -0.466666
v 0.056516 -0.806458 -0.490475
v -0.133960 -0.806458 -0.490475
v 0.056516 -0.211220 -0.490475
v 0.056516 -0.211220 -0.915872
v 0.056517 -0.235029 -0.915872
v 0.056517 -0.235029 -0.490475
v 0.056516 -0.211220 -0.915872
v -0.133960 -0.211220 -0.915872
v -0.133960 -0.235029 -0.915872
v 0.056517 -0.235029 -0.915872
v -0.133960 -0.211220 -0.915872
v -0.133960 -0.211220 -0.490475
v -0.133960 -0.235029 -0.490475
v -0.133960 -0.235029 -0.915872
v -0.133960 -0.211220 -0.490475
v 0.056516 -0.211220 -0.490475
v 0.056517 -0.235029 -0.490475
v -0.133960 -0.235029 -0.490475
v 0.532707 -0.235029 0.030160
v 0.532707 -0.235028 0.479366
v 0.532707 -0.806458 0.479366
v 0.532707 -0.806458 0.030160
v 0.104136 -0.235029 0.030159
v 0.104136 -0.235029 0.479365
v 0.532707 -0.235030 0.479365
v 0.532707 -0.235030 0.030159
v 0.104136 -0.806458 0.030159
v 0.104136 -0.806458 0.455556
v 0.104136 -0.235029 0.455556
v 0.104136 -0.235030 0.030159
v 0.556517 -0.830267 0.479365
v 0.080326 -0.830267 0.479365
v 0.532707 -0.806458 0.928571
v 0.532707 -0.235029 0.928571
v 0.080326 -0.235029 0.928571
v 0.080326 -0.806458 0.928571
v 0.532707 -0.235029 0.928572
v 0.532707 -0.806457 0.928572
v 0.104136 -0.235029 0.928571
v 0.532707 -0.235030 0.928571
v -0.133959 -0.806458 0.503174
v -0.133960 -0.806458 0.928571
v -0.133960 -0.235030 0.928571
v -0.133959 -0.235030 0.503174
v 0.556517 -0.830267 0.952381
v 0.080326 -0.830267 0.952381
v 0.056516 -0.806458 0.503175
v -0.133959 -0.806458 0.503175
v -0.133959 -0.235029 0.503175
v 0.056516 -0.235029 0.503175
v 0.056517 -0.235029 0.503175
v -0.133960 -0.235029 0.503175
v -0.133960 -0.235029 0.928571
v 0.056517 -0.235029 0.928571
v -0.133960 -0.235029 0.928571
v -0.133960 -0.806458 0.928571
v -0.157769 -0.830267 0.952381
v -0.157769 -0.830267 0.479365
v 0.556517 -0.211220 0.006350
v 0.556517 -0.235029 0.030160
v 0.556517 -0.806458 0.030160
v 0.556517 -0.830267 0.006350
v 0.556517 -0.806457 0.479366
v 0.556517 -0.830267 0.479365
v 0.556517 -0.211219 0.479365
v 0.556517 -0.235029 0.479366
v 0.556517 -0.806458 0.928572
v 0.556517 -0.830267 0.952381
v 0.556517 -0.235029 0.928572
v 0.556517 -0.211220 0.952381
v 0.556517 -0.235029 0.030160
v 0.532707 -0.235029 0.030160
v 0.532707 -0.806458 0.030160
v 0.556517 -0.806458 0.030160
v 0.556517 -0.806458 0.030160
v 0.532707 -0.806458 0.030160
v 0.532707 -0.806458 0.479366
v 0.556517 -0.806457 0.479366
v 0.556517 -0.235029 0.479366
v 0.532707 -0.235028 0.479366
v 0.532707 -0.235029 0.030160
v 0.556517 -0.235029 0.030160
v 0.556517 -0.806457 0.479366
v 0.532707 -0.806458 0.479366
v 0.532707 -0.806457 0.928572
v 0.556517 -0.806458 0.928572
v 0.556517 -0.806458 0.928572
v 0.532707 -0.806457 0.928572
v 0.532707 -0.235029 0.928572
v 0.556517 -0.235029 0.928572
v 0.556517 -0.235029 0.928572
v 0.532707 -0.235029 0.928572
v 0.532707 -0.235028 0.479366
v 0.556517 -0.235029 0.479366
v 0.556517 -0.830267 0.952381
v 0.532707 -0.806458 0.952381
v 0.080326 -0.806458 0.952381
v 0.080326 -0.830267 0.952381
v 0.080326 -0.211220 0.952381
v 0.080326 -0.235029 0.952381
v 0.532707 -0.235029 0.952381
v 0.556517 -0.211220 0.952381
v -0.133960 -0.806458 0.952381
v -0.157769 -0.830267 0.952381
v -0.133960 -0.235029 0.952381
v -0.157769 -0.211219 0.952381
v 0.532707 -0.806458 0.952381
v 0.532707 -0.806458 0.928571
v 0.080326 -0.806458 0.928571
v 0.080326 -0.806458 0.952381
v 0.080326 -0.235029 0.952381
v 0.080326 -0.235029 0.928571
v 0.532707 -0.235029 0.928571
v 0.532707 -0.235029 0.952381
v 0.532707 -0.235029 0.952381
v 0.532707 -0.235029 0.928571
v 0.532707 -0.806458 0.928571
v 0.532707 -0.806458 0.952381
v 0.080326 -0.806458 0.952381
v 0.080326 -0.806458 0.928571
v -0.133960 -0.806458 0.928571
v -0.133960 -0.806458 0.952381
v -0.133960 -0.806458 0.952381
v -0.133960 -0.806458 0.928571
v -0.133960 -0.235029 0.928571
v -0.133960 -0.235029 0.952381
v -0.133960 -0.235029 0.952381
v -0.133960 -0.235029 0.928571
v 0.080326 -0.235029 0.928571
v 0.080326 -0.235029 0.952381
v 0.080326 -0.211220 0.006350
v 0.104136 -0.211220 0.030159
v 0.532707 -0.211220 0.030159
v 0.556517 -0.211220 0.006350
v 0.532707 -0.211220 0.479365
v 0.556517 -0.211219 0.479365
v 0.080326 -0.211219 0.479365
v 0.104136 -0.211220 0.479365
v 0.532707 -0.211219 0.928571
v 0.556517 -0.211220 0.952381
v 0.104136 -0.211220 0.928571
v 0.080326 -0.211220 0.952381
v 0.056516 -0.211220 0.503174
v 0.056516 -0.211219 0.928571
v -0.133960 -0.211220 0.928571
v -0.157769 -0.211219 0.952381
v -0.133960 -0.211219 0.503174
v -0.157769 -0.211220 0.479365
v 0.104136 -0.211220 0.030159
v 0.104136 -0.235029 0.030159
v 0.532707 -0.235030 0.030159
v 0.532707 -0.211220 0.030159
v 0.532707 -0.211220 0.030159
v 0.532707 -0.235030 0.030159
v 0.532707 -0.235030 0.479365
v 0.532707 -0.211220 0.479365
v 0.104136 -0.211220 0.479365
v 0.104136 -0.235029 0.479365
v 0.104136 -0.235029 0.030159
v 0.104136 -0.211220 0.030159
v 0.532707 -0.211220 0.479365
v 0.532707 -0.235030 0.479365
v 0.532707 -0.235030 0.928571
v 0.532707 -0.211219 0.928571
v 0.532707 -0.211219 0.928571
v 0.532707 -0.235030 0.928571
v 0.104136 -0.235029 0.928571
v 0.104136 -0.211220 0.928571
v 0.104136 -0.211220 0.928571
v 0.104136 -0.235029 0.928571
v 0.104136 -0.235029 0.479365
v 0.104136 -0.211220 0.479365
v 0.080326 -0.830267 0.006350
v 0.080326 -0.806458 0.030159
v 0.080326 -0.235029 0.030159
v 0.080326 -0.211220 0.006350
v 0.080326 -0.235029 0.455556
v 0.080326 -0.211219 0.479365
v 0.080326 -0.806458 0.455556
v 0.080326 -0.830267 0.479365
v -0.157769 -0.830267 0.479365
v -0.157769 -0.806458 0.503175
v -0.157769 -0.235029 0.503175
v -0.157769 -0.211220 0.479365
v -0.157769 -0.235029 0.928571
v -0.157769 -0.211219 0.952381
v -0.157769 -0.806458 0.928571
v -0.157769 -0.830267 0.952381
v 0.080326 -0.830267 0.479365
v 0.056516 -0.806458 0.479365
v 0.056517 -0.235029 0.479365
v 0.080326 -0.211219 0.479365
v -0.133960 -0.235029 0.479365
v -0.157769 -0.211220 0.479365
v -0.133960 -0.806458 0.479365
v -0.157769 -0.830267 0.479365
v 0.080326 -0.806458 0.030159
v 0.104136 -0.806458 0.030159
v 0.104136 -0.235030 0.030159
v 0.080326 -0.235029 0.030159
v 0.080326 -0.235029 0.030159
v 0.104136 -0.235030 0.030159
v 0.104136 -0.235029 0.455556
v 0.080326 -0.235029 0.455556
v 0.080326 -0.235029 0.455556
v 0.104136 -0.235029 0.455556
v 0.104136 -0.806458 0.455556
v 0.080326 -0.806458 0.455556
v 0.080326 -0.806458 0.455556
v 0.104136 -0.806458 0.455556
v 0.104136 -0.806458 0.030159
v 0.080326 -0.806458 0.030159
v -0.157769 -0.806458 0.503175
v -0.133959 -0.806458 0.503174
v -0.133959 -0.235030 0.503174
v -0.157769 -0.235029 0.503175
v -0.157769 -0.235029 0.503175
v -0.133959 -0.235030 0.503174
v -0.133960 -0.235030 0.928571
v -0.157769 -0.235029 0.928571
v -0.157769 -0.235029 0.928571
v -0.133960 -0.235030 0.928571
v -0.133960 -0.806458 0.928571
v -0.157769 -0.806458 0.928571
v -0.157769 -0.806458 0.928571
v -0.133960 -0.806458 0.928571
v -0.133959 -0.806458 0.503174
v -0.157769 -0.806458 0.503175
v 0.056516 -0.806458 0.479365
v 0.056516 -0.806458 0.503175
v 0.056516 -0.235029 0.503175
v 0.056517 -0.235029 0.479365
v 0.056517 -0.235029 0.479365
v 0.056516 -0.235029 0.503175
v -0.133959 -0.235029 0.503175
v -0.133960 -0.235029 0.479365
v -0.133960 -0.235029 0.479365
v -0.133959 -0.235029 0.503175
v -0.133959 -0.806458 0.503175
v -0.133960 -0.806458 0.479365
v -0.133960 -0.806458 0.479365
v -0.133959 -0.806458 0.503175
v 0.056516 -0.806458 0.503175
v 0.056516 -0.806458 0.479365
v 0.056516 -0.211220 0.503174
v 0.056517 -0.235029 0.503175
v 0.056517 -0.235029 0.928571
v 0.056516 -0.211219 0.928571
v 0.056516 -0.211219 0.928571
v 0.056517 -0.235029 0.928571
v -0.133960 -0.235029 0.928571
v -0.133960 -0.211220 0.928571
v -0.133960 -0.211220 0.928571
v -0.133960 -0.235029 0.928571
v -0.133960 -0.235029 0.503175
v -0.133960 -0.211219 0.503174
v -0.133960 -0.211219 0.503174
v -0.133960 -0.235029 0.503175
v 0.056517 -0.235029 0.503175
v 0.056516 -0.211220 0.503174
v -0.556264 0.555565 -0.930810
v -0.556264 0.571886 -0.930810
v -0.556264 0.571886 0.932702
v -0.556264 0.555565 0.932702
v -0.575515 0.555565 0.932702
v -0.575515 0.571886 0.932702
v -0.575515 0.571886 -0.930810
v -0.575515 0.555565 -0.930810
v -0.556264 0.571886 -0.930810
v -0.575515 0.571886 -0.930810
v -0.575515 0.571886 0.932702
v -0.556264 0.571886 0.932702
v -0.575515 0.555565 -0.930810
v -0.556264 0.555565 -0.930810
v -0.556264 0.555565 0.932702
v -0.575515 0.555565 0.932702
v -0.554046 -0.891100 0.952381
v -0.554046 -0.891100 0.928571
v -0.554046 -0.874540 0.928571
v -0.554046 -0.874540 0.952381
v -0.577856 -0.874540 0.952381
v -0.577856 -0.874540 0.928571
v -0.577856 -0.891100 0.928571
v -0.577856 -0.891100 0.952381
v -0.554046 -0.891100 0.928571
v -0.577856 -0.891100 0.928571
v -0.577856 -0.874540 0.928571
v -0.554046 -0.874540 0.928571
v -0.577856 -0.891100 0.952381
v -0.554046 -0.891100 0.952381
v -0.554046 -0.874540 0.952381
v -0.577856 -0.874540 0.952381
v -0.554046 -0.874540 0.952381
v -0.554046 -0.874540 0.928571
v -0.556427 -0.874540 0.930952
v -0.556427 -0.874540 0.950000
v -0.577856 -0.874540 0.928571
v -0.575475 -0.874540 0.930952
v -0.577856 -0.874540 0.952381
v -0.575475 -0.874540 0.950000
v -0.556427 -0.874540 0.930952
v -0.575475 -0.874540 0.930952
v -0.575475 0.582710 0.930952
v -0.556427 0.582710 0.930952
v -0.575475 -0.874540 0.930952
v -0.575475 -0.874540 0.950000
v -0.575475 0.582710 0.950000
v -0.575475 0.582710 0.930952
v -0.575475 -0.874540 0.950000
v -0.556427 -0.874540 0.950000
v -0.556427 0.582710 0.950000
v -0.575475 0.582710 0.950000
v -0.556427 -0.874540 0.950000
v -0.556427 -0.874540 0.930952
v -0.556427 0.582710 0.930952
v -0.556427 0.582710 0.950000
v -0.554046 -0.891100 -0.915872
v -0.554046 -0.891100 -0.939682
v -0.554046 -0.874540 -0.939682
v -0.554046 -0.874540 -0.915872
v -0.577856 -0.874540 -0.915872
v -0.577856 -0.874540 -0.939682
v -0.577856 -0.891100 -0.939682
v -0.577856 -0.891100 -0.915872
v -0.554046 -0.891100 -0.939682
v -0.577856 -0.891100 -0.939682
v -0.577856 -0.874540 -0.939682
v -0.554046 -0.874540 -0.939682
v -0.577856 -0.891100 -0.915872
v -0.554046 -0.891100 -0.915872
v -0.554046 -0.874540 -0.915872
v -0.577856 -0.874540 -0.915872
v -0.554046 -0.874540 -0.915872
v -0.554046 -0.874540 -0.939682
v -0.556427 -0.874540 -0.937301
v -0.556427 -0.874540 -0.918253
v -0.577856 -0.874540 -0.939682
v -0.575475 -0.874540 -0.937301
v -0.577856 -0.874540 -0.915872
v -0.575475 -0.874540 -0.918253
v -0.556427 -0.874540 -0.937301
v -0.575475 -0.874540 -0.937301
v -0.575475 0.582710 -0.937301
v -0.556427 0.582710 -0.937301
v -0.575475 -0.874540 -0.937301
v -0.575475 -0.874540 -0.918253
v -0.575475 0.582710 -0.918253
v -0.575475 0.582710 -0.937301
v -0.575475 -0.874540 -0.918253
v -0.556427 -0.874540 -0.918253
v -0.556427 0.582710 -0.918253
v -0.575475 0.582710 -0.918253
v -0.556427 -0.874540 -0.918253
v -0.556427 -0.874540 -0.937301
v -0.556427 0.582710 -0.937301
v -0.556427 0.582710 -0.918253
v -0.556293 0.555801 0.023810
v 0.534903 0.793680 0.023810
v 0.534903 0.809787 0.023810
v -0.556293 0.571908 0.023810
v -0.556293 0.571908 0.023810
v 0.534903 0.809787 0.023810
v 0.534903 0.809787 0.003099
v -0.556293 0.571908 0.003099
v -0.556293 0.571908 0.003099
v 0.534903 0.809787 0.003099
v 0.534903 0.793680 0.003099
v -0.556293 0.555801 0.003099
v -0.556293 0.555801 0.003099
v 0.534903 0.793680 0.003099
v 0.534903 0.793680 0.023810
v -0.556293 0.555801 0.023810
v 0.554127 0.793548 -0.930810
v 0.554127 0.809870 -0.930810
v 0.554127 0.809870 0.932702
v 0.554127 0.793548 0.932702
v 0.534877 0.793548 0.932702
v 0.534877 0.809870 0.932702
v 0.534877 0.809870 -0.930810
v 0.534877 0.793548 -0.930810
v 0.554127 0.809870 -0.930810
v 0.534877 0.809870 -0.930810
v 0.534877 0.809870 0.932702
v 0.554127 0.809870 0.932702
v 0.534877 0.793548 -0.930810
v 0.554127 0.793548 -0.930810
v 0.554127 0.793548 0.932702
v 0.534877 0.793548 0.932702
v 0.556517 -0.211220 0.952381
v 0.556517 -0.211220 0.928571
v 0.556517 -0.199315 0.928571
v 0.556517 -0.199315 0.952381
v 0.532707 -0.199315 0.952381
v 0.532707 -0.199315 0.928571
v 0.532707 -0.211220 0.928571
v 0.532707 -0.211220 0.952381
v 0.556517 -0.211220 0.928571
v 0.532707 -0.211220 0.928571
v 0.532707 -0.199315 0.928571
v 0.556517 -0.199315 0.928571
v 0.532707 -0.211220 0.952381
v 0.556517 -0.211220 0.952381
v 0.556517 -0.199315 0.952381
v 0.532707 -0.199315 0.952381
v 0.556517 -0.199315 0.952381
v 0.556517 -0.199315 0.928571
v 0.554136 -0.199315 0.930952
v 0.554136 -0.199315 0.950000
v 0.532707 -0.199315 0.928571
v 0.535088 -0.199315 0.930952
v 0.532707 -0.199315 0.952381
v 0.535088 -0.199315 0.950000
v 0.554136 -0.199315 0.930952
v 0.535088 -0.199315 0.930952
v 0.535088 0.848304 0.930952
v 0.554136 0.848304 0.930952
v 0.535088 -0.199315 0.930952
v 0.535088 -0.199315 0.950000
v 0.535088 0.848304 0.950000
v 0.535088 0.848304 0.930952
v 0.535088 -0.199315 0.950000
v 0.554136 -0.199315 0.950000
v 0.554136 0.848304 0.950000
v 0.535088 0.848304 0.950000
v 0.554136 -0.199315 0.950000
v 0.554136 -0.199315 0.930952
v 0.554136 0.848304 0.930952
v 0.554136 0.848304 0.950000
v -0.136312 -0.877887 0.930924
v -0.136312 -0.877887 0.954763
v -0.136312 -0.890069 0.954763
v -0.136312 -0.890069 0.930924
v -0.136312 -0.890069 0.930924
v -0.136312 -0.890069 0.954763
v -0.160150 -0.890069 0.954763
v -0.160150 -0.890069 0.930924
v -0.160150 -0.890069 0.930924
v -0.160150 -0.890069 0.954763
v -0.160150 -0.877887 0.954763
v -0.160150 -0.877887 0.930924
v -0.136312 -0.877887 0.954763
v -0.160150 -0.877887 0.954763
v -0.160150 -0.890069 0.954763
v -0.136312 -0.890069 0.954763
v -0.160150 -0.877887 0.930924
v -0.136312 -0.877887 0.930924
v -0.136312 -0.890069 0.930924
v -0.160150 -0.890069 0.930924
v -0.160150 -0.877887 0.930924
v -0.160150 -0.877887 0.954763
v -0.157769 -0.877887 0.952381
v -0.157769 -0.877887 0.933306
v -0.160150 -0.877887 0.954763
v -0.136312 -0.877887 0.954763
v -0.138693 -0.877887 0.952381
v -0.157769 -0.877887 0.952381
v -0.136312 -0.877887 0.954763
v -0.136312 -0.877887 0.930924
v -0.138693 -0.877887 0.933306
v -0.138693 -0.877887 0.952381
v -0.136312 -0.877887 0.930924
v -0.160150 -0.877887 0.930924
v -0.157769 -0.877887 0.933306
v -0.138693 -0.877887 0.933306
v -0.157769 -0.877887 0.933306
v -0.157769 -0.877887 0.952381
v -0.157769 -0.830267 0.952381
v -0.157769 -0.830267 0.933306
v -0.157769 -0.877887 0.952381
v -0.138693 -0.877887 0.952381
v -0.138693 -0.830267 0.952381
v -0.157769 -0.830267 0.952381
v -0.138693 -0.877887 0.952381
v -0.138693 -0.877887 0.933306
v -0.138693 -0.830267 0.933306
v -0.138693 -0.830267 0.952381
v -0.138693 -0.877887 0.933306
v -0.157769 -0.877887 0.933306
v -0.157769 -0.830267 0.933306
v -0.138693 -0.830267 0.933306
v -0.556293 0.555801 0.016819
v 0.534903 0.793680 0.016819
v 0.534903 0.809787 0.016819
v -0.556293 0.571908 0.016819
v -0.556293 0.571908 0.016819
v 0.534903 0.809787 0.016819
v 0.534903 0.809787 -0.003892
v -0.556293 0.571908 -0.003892
v -0.556293 0.571908 -0.003892
v 0.534903 0.809787 -0.003892
v 0.534903 0.793680 -0.003892
v -0.556293 0.555801 -0.003892
v -0.556293 0.555801 -0.003892
v 0.534903 0.793680 -0.003892
v 0.534903 0.793680 0.016819
v -0.556293 0.555801 0.016819
v 0.188227 -0.236519 0.268639
v 0.188227 -0.236519 0.288449
v 0.188227 -0.186491 0.288449
v 0.188227 -0.186491 0.268639
v 0.188227 -0.236519 0.288449
v 0.205383 -0.236519 0.298355
v 0.205383 -0.186491 0.298355
v 0.188227 -0.186491 0.288449
v 0.222539 -0.236519 0.288449
v 0.222539 -0.186491 0.288449
v 0.222539 -0.236519 0.288449
v 0.222539 -0.236519 0.268639
v 0.222539 -0.186491 0.268639
v 0.222539 -0.186491 0.288449
v 0.222539 -0.236519 0.268639
v 0.205383 -0.236519 0.258734
v 0.205383 -0.186491 0.258734
v 0.222539 -0.186491 0.268639
v 0.188227 -0.236519 0.268639
v 0.188227 -0.186491 0.268639
v 0.205383 -0.186491 0.278544
v 0.188227 -0.186491 0.288449
v 0.205383 -0.186491 0.298355
v 0.222539 -0.186491 0.288449
v 0.222539 -0.186491 0.268639
v 0.205383 -0.186491 0.258734
v 0.188227 -0.186491 0.268639
v 0.188227 -0.236519 0.371889
v 0.188227 -0.236519 0.391700
v 0.188227 -0.186491 0.391700
v 0.188227 -0.186491 0.371889
v 0.188227 -0.236519 0.391700
v 0.205383 -0.236519 0.401605
v 0.205383 -0.186491 0.401605
v 0.188227 -0.186491 0.391700
v 0.222539 -0.236519 0.391700
v 0.222539 -0.186491 0.391700
v 0.222539 -0.236519 0.391700
v 0.222539 -0.236519 0.371889
v 0.222539 -0.186491 0.371889
v 0.222539 -0.186491 0.391700
v 0.222539 -0.236519 0.371889
v 0.205383 -0.236519 0.361984
v 0.205383 -0.186491 0.361984
v 0.222539 -0.186491 0.371889
v 0.188227 -0.236519 0.371889
v 0.188227 -0.186491 0.371889
v 0.205383 -0.186491 0.381795
v 0.188227 -0.186491 0.391700
v 0.205383 -0.186491 0.401605
v 0.222539 -0.186491 0.391700
v 0.222539 -0.186491 0.371889
v 0.205383 -0.186491 0.361984
v 0.188227 -0.186491 0.371889
v 0.188227 -0.236519 0.319288
v 0.188227 -0.236519 0.339098
v 0.188227 -0.186491 0.339098
v 0.188227 -0.186491 0.319288
v 0.188227 -0.236519 0.339098
v 0.205383 -0.236519 0.349004
v 0.205383 -0.186491 0.349004
v 0.188227 -0.186491 0.339098
v 0.222539 -0.236519 0.339098
v 0.222539 -0.186491 0.339098
v 0.222539 -0.236519 0.339098
v 0.222539 -0.236519 0.319288
v 0.222539 -0.186491 0.319288
v 0.222539 -0.186491 0.339098
v 0.222539 -0.236519 0.319288
v 0.205383 -0.236519 0.309383
v 0.205383 -0.186491 0.309383
v 0.222539 -0.186491 0.319288
v 0.188227 -0.236519 0.319288
v 0.188227 -0.186491 0.319288
v 0.205383 -0.186491 0.329193
v 0.188227 -0.186491 0.339098
v 0.205383 -0.186491 0.349004
v 0.222539 -0.186491 0.339098
v 0.222539 -0.186491 0.319288
v 0.205383 -0.186491 0.309383
v 0.188227 -0.186491 0.319288
v 0.245370 -0.236519 0.268639
v 0.245370 -0.236519 0.288449
v 0.245370 -0.186491 0.288449
v 0.245370 -0.186491 0.268639
v 0.245370 -0.236519 0.288449
v 0.262526 -0.236519 0.298355
v 0.262526 -0.186491 0.298355
v 0.245370 -0.186491 0.288449
v 0.279682 -0.236519 0.288449
v 0.279682 -0.186491 0.288449
v 0.279682 -0.236519 0.288449
v 0.279682 -0.236519 0.268639
v 0.279682 -0.186491 0.268639
v 0.279682 -0.186491 0.288449
v 0.279682 -0.236519 0.268639
v 0.262526 -0.236519 0.258734
v 0.262526 -0.186491 0.258734
v 0.279682 -0.186491 0.268639
v 0.245370 -0.236519 0.268639
v 0.245370 -0.186491 0.268639
v 0.262526 -0.186491 0.278544
v 0.245370 -0.186491 0.288449
v 0.262526 -0.186491 0.298355
v 0.279682 -0.186491 0.288449
v 0.279682 -0.186491 0.268639
v 0.262526 -0.186491 0.258734
v 0.245370 -0.186491 0.268639
v 0.217999 -0.236519 0.884180
v 0.217999 -0.236519 0.903991
v 0.217999 -0.186491 0.903991
v 0.217999 -0.186491 0.884180
v 0.217999 -0.236519 0.903991
v 0.235156 -0.236519 0.913896
v 0.235156 -0.186491 0.913896
v 0.217999 -0.186491 0.903991
v 0.252312 -0.236519 0.903991
v 0.252312 -0.186491 0.903991
v 0.252312 -0.236519 0.903991
v 0.252312 -0.236519 0.884180
v 0.252312 -0.186491 0.884180
v 0.252312 -0.186491 0.903991
v 0.252312 -0.236519 0.884180
v 0.235156 -0.236519 0.874275
v 0.235156 -0.186491 0.874275
v 0.252312 -0.186491 0.884180
v 0.217999 -0.236519 0.884180
v 0.217999 -0.186491 0.884180
v 0.235156 -0.186491 0.894086
v 0.217999 -0.186491 0.903991
v 0.235156 -0.186491 0.913896
v 0.252312 -0.186491 0.903991
v 0.252312 -0.186491 0.884180
v 0.235156 -0.186491 0.874275
v 0.217999 -0.186491 0.884180
v 0.263460 -0.236519 0.884180
v 0.263460 -0.236519 0.903991
v 0.263460 -0.186491 0.903991
v 0.263460 -0.186491 0.884180
v 0.263460 -0.236519 0.903991
v 0.280616 -0.236519 0.913896
v 0.280616 -0.186491 0.913896
v 0.263460 -0.186491 0.903991
v 0.297772 -0.236519 0.903991
v 0.297772 -0.186491 0.903991
v 0.297772 -0.236519 0.903991
v 0.297772 -0.236519 0.884180
v 0.297772 -0.186491 0.884180
v 0.297772 -0.186491 0.903991
v 0.297772 -0.236519 0.884180
v 0.280616 -0.236519 0.874275
v 0.280616 -0.186491 0.874275
v 0.297772 -0.186491 0.884180
v 0.263460 -0.236519 0.884180
v 0.263460 -0.186491 0.884180
v 0.280616 -0.186491 0.894086
v 0.263460 -0.186491 0.903991
v 0.280616 -0.186491 0.913896
v 0.297772 -0.186491 0.903991
v 0.297772 -0.186491 0.884180
v 0.280616 -0.186491 0.874275
v 0.263460 -0.186491 0.884180
v 0.170998 -0.236519 0.884180
v 0.170998 -0.236519 0.903991
v 0.170998 -0.186491 0.903991
v 0.170998 -0.186491 0.884180
v 0.170998 -0.236519 0.903991
v 0.188154 -0.236519 0.913896
v 0.188154 -0.186491 0.913896
v 0.170998 -0.186491 0.903991
v 0.205310 -0.236519 0.903991
v 0.205310 -0.186491 0.903991
v 0.205310 -0.236519 0.903991
v 0.205310 -0.236519 0.884180
v 0.205310 -0.186491 0.884180
v 0.205310 -0.186491 0.903991
v 0.205310 -0.236519 0.884180
v 0.188154 -0.236519 0.874275
v 0.188154 -0.186491 0.874275
v 0.205310 -0.186491 0.884180
v 0.170998 -0.236519 0.884180
v 0.170998 -0.186491 0.884180
v 0.188154 -0.186491 0.894086
v 0.170998 -0.186491 0.903991
v 0.188154 -0.186491 0.913896
v 0.205310 -0.186491 0.903991
v 0.205310 -0.186491 0.884180
v 0.188154 -0.186491 0.874275
v 0.170998 -0.186491 0.884180
v 0.217999 -0.236519 0.833531
v 0.217999 -0.236519 0.853342
v 0.217999 -0.186491 0.853342
v 0.217999 -0.186491 0.833531
v 0.217999 -0.236519 0.853342
v 0.235156 -0.236519 0.863247
v 0.235156 -0.186491 0.863247
v 0.217999 -0.186491 0.853342
v 0.252312 -0.236519 0.853342
v 0.252312 -0.186491 0.853342
v 0.252312 -0.236519 0.853342
v 0.252312 -0.236519 0.833531
v 0.252312 -0.186491 0.833531
v 0.252312 -0.186491 0.853342
v 0.252312 -0.236519 0.833531
v 0.235156 -0.236519 0.823626
v 0.235156 -0.186491 0.823626
v 0.252312 -0.186491 0.833531
v 0.217999 -0.236519 0.833531
v 0.217999 -0.186491 0.833531
v 0.235156 -0.186491 0.843436
v 0.217999 -0.186491 0.853342
v 0.235156 -0.186491 0.863247
v 0.252312 -0.186491 0.853342
v 0.252312 -0.186491 0.833531
v 0.235156 -0.186491 0.823626
v 0.217999 -0.186491 0.833531
v 0.170998 -0.236519 0.833531
v 0.170998 -0.236519 0.853342
v 0.170998 -0.186491 0.853342
v 0.170998 -0.186491 0.833531
v 0.170998 -0.236519 0.853342
v 0.188154 -0.236519 0.863247
v 0.188154 -0.186491 0.863247
v 0.170998 -0.186491 0.853342
v 0.205310 -0.236519 0.853342
v 0.205310 -0.186491 0.853342
v 0.205310 -0.236519 0.853342
v 0.205310 -0.236519 0.833531
v 0.205310 -0.186491 0.833531
v 0.205310 -0.186491 0.853342
v 0.205310 -0.236519 0.833531
v 0.188154 -0.236519 0.823626
v 0.188154 -0.186491 0.823626
v 0.205310 -0.186491 0.833531
v 0.170998 -0.236519 0.833531
v 0.170998 -0.186491 0.833531
v 0.188154 -0.186491 0.843436
v 0.170998 -0.186491 0.853342
v 0.188154 -0.186491 0.863247
v 0.205310 -0.186491 0.853342
v 0.205310 -0.186491 0.833531
v 0.188154 -0.186491 0.823626
v 0.170998 -0.186491 0.833531
v 0.125537 -0.236519 0.833531
v 0.125537 -0.236519 0.853342
v 0.125537 -0.186491 0.853342
v 0.125537 -0.186491 0.833531
v 0.125537 -0.236519 0.853342
v 0.142693 -0.236519 0.863247
v 0.142693 -0.186491 0.863247
v 0.125537 -0.186491 0.853342
v 0.159850 -0.236519 0.853342
v 0.159850 -0.186491 0.853342
v 0.159850 -0.236519 0.853342
v 0.159850 -0.236519 0.833531
v 0.159850 -0.186491 0.833531
v 0.159850 -0.186491 0.853342
v 0.159850 -0.236519 0.833531
v 0.142693 -0.236519 0.823626
v 0.142693 -0.186491 0.823626
v 0.159850 -0.186491 0.833531
v 0.125537 -0.236519 0.833531
v 0.125537 -0.186491 0.833531
v 0.142693 -0.186491 0.843436
v 0.125537 -0.186491 0.853342
v 0.142693 -0.186491 0.863247
v 0.159850 -0.186491 0.853342
v 0.159850 -0.186491 0.833531
v 0.142693 -0.186491 0.823626
v 0.125537 -0.186491 0.833531
v 0.263460 -0.236519 0.833531
v 0.263460 -0.236519 0.853342
v 0.263460 -0.186491 0.853342
v 0.263460 -0.186491 0.833531
v 0.263460 -0.236519 0.853342
v 0.280616 -0.236519 0.863247
v 0.280616 -0.186491 0.863247
v 0.263460 -0.186491 0.853342
v 0.297772 -0.236519 0.853342
v 0.297772 -0.186491 0.853342
v 0.297772 -0.236519 0.853342
v 0.297772 -0.236519 0.833531
v 0.297772 -0.186491 0.833531
v 0.297772 -0.186491 0.853342
v 0.297772 -0.236519 0.833531
v 0.280616 -0.236519 0.823626
v 0.280616 -0.186491 0.823626
v 0.297772 -0.186491 0.833531
v 0.263460 -0.236519 0.833531
v 0.263460 -0.186491 0.833531
v 0.280616 -0.186491 0.843436
v 0.263460 -0.186491 0.853342
v 0.280616 -0.186491 0.863247
v 0.297772 -0.186491 0.853342
v 0.297772 -0.186491 0.833531
v 0.280616 -0.186491 0.823626
v 0.263460 -0.186491 0.833531
vn -0.8660 -0.0000 -0.5001
vn -0.8660 -0.0000 0.5000
vn 0.0001 -0.0000 1.0000
vn 0.8660 -0.0000 0.5000
vn 0.8660 -0.0000 -0.5000
vn 0.0001 -0.0000 -1.0000
vn -0.7256 0.4745 0.4984
vn -0.7849 0.5133 0.3470
vn -0.1772 0.1159 0.9773
vn 0.1774 -0.1160 0.9773
vn 0.7256 -0.4745 0.4984
vn 0.7849 -0.5133 0.3470
vn 0.7256 -0.4745 -0.4984
vn 0.7849 -0.5133 -0.3470
vn -0.1772 0.1159 -0.9773
vn 0.1774 -0.1160 -0.9773
vn -0.7849 0.5133 -0.3471
vn -0.7256 0.4745 -0.4984
vn -0.7849 0.5133 -0.3470
vn -0.5000 -0.0000 -0.8660
vn -0.8660 -0.0000 -0.5000
vn -1.0000 -0.0000 -0.0000
vn -0.5000 -0.0000 0.8660
vn -0.0000 -0.0000 1.0000
vn 0.5000 -0.0000 0.8660
vn 1.0000 -0.0000 -0.0000
vn 0.5000 -0.0000 -0.8660
vn -0.0000 -0.0000 -1.0000
vn -0.0000 1.0000 -0.0000
vn -0.3474 0.7193 -0.6017
vn -0.6017 0.7192 -0.3474
vn -0.6947 0.7193 -0.0001
vn -0.6948 0.7192 -0.0000
vn -0.6947 0.7193 -0.0000
vn -0.6017 0.7192 0.3474
vn -0.3474 0.7193 0.6017
vn -0.0000 0.7192 0.6948
vn 0.3474 0.7193 0.6017
vn 0.6017 0.7193 0.3474
vn 0.6017 0.7192 0.3474
vn 0.6947 0.7193 -0.0000
vn 0.6017 0.7192 -0.3474
vn 0.6017 0.7193 -0.3474
vn 0.3474 0.7193 -0.6017
vn -0.0000 0.7193 -0.6947
vn -0.3474 -0.7192 -0.6017
vn -0.3474 -0.7193 -0.6017
vn -0.6017 -0.7192 -0.3474
vn -0.6948 -0.7192 -0.0001
vn -0.6947 -0.7193 -0.0001
vn -0.6947 -0.7193 0.0001
vn -0.6017 -0.7192 0.3474
vn -0.3474 -0.7192 0.6017
vn -0.0000 -0.7192 0.6948
vn 0.3474 -0.7192 0.6017
vn 0.6017 -0.7192 0.3474
vn 0.6947 -0.7193 -0.0000
vn 0.6017 -0.7192 -0.3474
vn 0.3474 -0.7193 -0.6017
vn -0.0000 -0.7193 -0.6947
vn -1.0000 -0.0000 -0.0001
vn -1.0000 -0.0000 0.0001
vn -0.6017 0.7193 -0.3474
vn -0.6017 0.7193 0.3474
vn 0.6948 0.7192 -0.0000
vn -0.6017 -0.7193 -0.3474
vn -0.6947 -0.7193 -0.0000
vn -0.6017 -0.7193 0.3474
vn -0.3474 -0.7193 0.6017
vn 0.6948 -0.7192 -0.0000
vn -0.0000 -0.7193 -0.6948
vn -0.0836 -0.9965 -0.0000
vn -0.6128 0.7902 -0.0000
vn -0.0000 -0.9994 0.0340
vn -0.0000 0.9539 0.3000
vn 0.0836 -0.9965 -0.0000
vn 0.6128 0.7902 -0.0000
vn -0.0000 -0.9994 -0.0340
vn -0.0000 0.9539 -0.3000
vn -0.0363 0.9992 0.0183
vn 0.0363 0.9992 0.0182
vn 0.0364 0.9992 -0.0183
vn -0.0363 0.9992 -0.0182
vn 0.1317 -0.9891 0.0661
vn 0.1317 -0.9891 -0.0661
vn 0.1317 0.9891 -0.0661
vn 0.1317 0.9891 0.0661
vn -0.1317 -0.9891 -0.0661
vn -0.1317 0.9891 -0.0661
vn -0.1317 -0.9891 0.0661
vn -0.1317 0.9891 0.0661
vn -0.1740 0.9847 -0.0000
vn -0.9683 0.2497 -0.0000
vn -0.7071 0.7071 -0.0000
vn -0.1741 0.9847 -0.0000
vn 0.8660 0.0002 -0.5000
vn -0.8660 -0.0002 -0.5000
vn 0.9923 0.1236 -0.0000
vn 0.9836 -0.1805 -0.0000
vn 0.5676 -0.8233 -0.0000
vn 0.2131 -0.9770 0.0025
vn 0.2131 -0.9770 -0.0026
vn -0.2059 0.9786 -0.0026
vn -0.2059 0.9786 0.0026
vn 0.1807 0.9835 -0.0000
vn 0.8232 0.5677 -0.0000
vn 0.9559 0.2937 -0.0000
vn 0.9559 0.2938 -0.0000
vn -0.2095 0.9778 0.0018
vn -0.2060 0.9786 -0.0025
vn -0.2095 0.9778 -0.0018
vn 0.2130 -0.9770 -0.0025
vn 0.2130 -0.9770 0.0025
vn 0.2095 -0.9778 0.0018
vn 0.2095 -0.9778 -0.0018
vn -0.0194 0.0904 -0.9957
vn 0.0194 -0.0904 -0.9957
vn 0.0236 -0.1103 -0.9936
vn -0.0236 0.1103 -0.9936
vn -0.0236 0.1103 0.9936
vn 0.0236 -0.1103 0.9936
vn 0.0194 -0.0904 0.9957
vn -0.0194 0.0904 0.9957
vn -0.9778 -0.2094 -0.0000
vn 0.2131 -0.9770 0.0026
vn 0.1949 -0.9096 0.3668
vn 0.1949 -0.9096 0.3670
vn 0.0836 -0.3900 0.9170
vn 0.0835 -0.3899 0.9170
vn 0.0835 -0.3899 -0.9170
vn 0.0836 -0.3900 -0.9170
vn 0.1949 -0.9096 -0.3670
vn 0.1949 -0.9097 -0.3668
vn 0.2130 -0.9770 -0.0026
vn -0.0835 0.3900 0.9170
vn -0.0836 0.3900 0.9170
vn -0.1949 0.9096 0.3670
vn -0.1949 0.9096 -0.3670
vn -0.0836 0.3900 -0.9170
vn -0.9778 -0.2097 -0.0000
vn -0.9778 -0.2093 -0.0000
vn -0.9778 -0.2096 -0.0000
vn -0.0000 -1.0000 -0.0000
vn 0.0363 0.9992 -0.0183
vn -0.0000 1.0000 -0.0001
vn -0.0000 1.0000 0.0001
vn -0.2130 0.9771 -0.0000
vn 0.2130 -0.9771 -0.0000
vn -0.0002 -0.0000 1.0000
vn -0.0001 -0.0000 1.0000
vn 0.8659 -0.0000 -0.5002
vn -0.0001 -0.0000 -1.0000
vn -0.1776 0.1161 0.9772
vn 0.1775 -0.1160 0.9773
vn 0.7849 -0.5133 0.3471
vn 0.7849 -0.5133 -0.3471
vn -0.1774 0.1160 -0.9773
vn -0.7849 0.5134 -0.3470
vn -0.3827 -0.0000 -0.9239
vn -0.7071 -0.0000 -0.7071
vn -0.9239 -0.0000 -0.3827
vn -1.0000 0.0001 -0.0000
vn -0.9239 -0.0000 0.3827
vn -0.7071 -0.0000 0.7071
vn -0.7072 -0.0000 0.7071
vn -0.3827 -0.0000 0.9239
vn 0.3827 -0.0000 0.9239
vn 0.7071 -0.0000 0.7071
vn 0.9239 -0.0000 0.3827
vn 0.9239 -0.0000 -0.3827
vn 0.7071 -0.0000 -0.7071
vn 0.3827 -0.0000 -0.9239
vn -0.2230 0.8126 -0.5385
vn -0.2680 0.7139 -0.6469
vn -0.4951 0.7140 -0.4951
vn -0.4122 0.8126 -0.4121
vn -0.6470 0.7139 -0.2680
vn -0.5385 0.8126 -0.2230
vn -0.7003 0.7139 -0.0000
vn -0.5829 0.8126 -0.0000
vn -0.7002 0.7139 -0.0000
vn -0.6469 0.7139 0.2680
vn -0.5385 0.8126 0.2230
vn -0.4952 0.7139 0.4951
vn -0.4121 0.8126 0.4121
vn -0.2679 0.7140 0.6469
vn -0.2230 0.8126 0.5385
vn -0.0000 0.7139 0.7002
vn -0.0000 0.8126 0.5828
vn 0.2680 0.7140 0.6469
vn 0.2231 0.8126 0.5385
vn 0.4951 0.7139 0.4952
vn 0.4121 0.8126 0.4121
vn 0.6469 0.7140 0.2679
vn 0.5385 0.8126 0.2230
vn 0.7001 0.7140 -0.0000
vn 0.5828 0.8126 -0.0000
vn 0.6469 0.7140 -0.2679
vn 0.5385 0.8126 -0.2230
vn 0.4951 0.7140 -0.4951
vn 0.4121 0.8126 -0.4121
vn 0.2680 0.7139 -0.6469
vn 0.2231 0.8126 -0.5385
vn -0.0000 0.7139 -0.7002
vn -0.0000 0.8126 -0.5828
vn -0.1685 0.8979 -0.4068
vn -0.3113 0.8978 -0.3114
vn -0.4068 0.8978 -0.1685
vn -0.4403 0.8978 -0.0000
vn -0.4068 0.8978 0.1685
vn -0.3113 0.8979 0.3114
vn -0.1685 0.8978 0.4068
vn -0.0000 0.8978 0.4403
vn 0.1685 0.8978 0.4068
vn 0.3113 0.8978 0.3113
vn 0.4068 0.8978 0.1685
vn 0.4403 0.8978 -0.0000
vn 0.4068 0.8978 -0.1684
vn 0.3113 0.8979 -0.3113
vn 0.1685 0.8979 -0.4068
vn -0.0000 0.8979 -0.4403
vn -0.7070 -0.0000 -0.7072
vn 0.9239 -0.0000 0.3826
vn 0.9239 -0.0000 -0.3825
vn 0.7070 -0.0000 -0.7072
vn -0.4121 -0.8126 -0.4121
vn -0.4952 -0.7139 -0.4951
vn -0.2680 -0.7139 -0.6470
vn -0.2230 -0.8126 -0.5385
vn -0.5385 -0.8126 -0.2230
vn -0.6470 -0.7139 -0.2679
vn -0.5828 -0.8126 -0.0000
vn -0.7002 -0.7139 -0.0001
vn -0.5385 -0.8126 0.2230
vn -0.6469 -0.7139 0.2680
vn -0.7002 -0.7139 -0.0000
vn -0.4121 -0.8126 0.4121
vn -0.4952 -0.7139 0.4951
vn -0.2230 -0.8126 0.5385
vn -0.2680 -0.7139 0.6469
vn -0.0000 -0.8126 0.5828
vn -0.0000 -0.7139 0.7002
vn 0.2230 -0.8126 0.5384
vn 0.2679 -0.7139 0.6469
vn 0.4121 -0.8126 0.4121
vn 0.4952 -0.7139 0.4951
vn 0.5385 -0.8126 0.2230
vn 0.6469 -0.7140 0.2680
vn 0.5828 -0.8126 -0.0000
vn 0.7002 -0.7140 -0.0000
vn 0.5385 -0.8126 -0.2230
vn 0.6469 -0.7139 -0.2679
vn 0.4121 -0.8126 -0.4121
vn 0.4951 -0.7139 -0.4952
vn 0.2231 -0.8126 -0.5385
vn 0.2680 -0.7139 -0.6470
vn -0.0000 -0.8126 -0.5828
vn -0.0000 -0.7139 -0.7003
vn -0.3113 -0.8979 -0.3113
vn -0.1685 -0.8979 -0.4067
vn -0.4067 -0.8979 -0.1685
vn -0.4403 -0.8979 -0.0000
vn -0.4068 -0.8979 0.1685
vn -0.3113 -0.8979 0.3113
vn -0.1685 -0.8979 0.4068
vn -0.0000 -0.8979 0.4403
vn 0.1685 -0.8979 0.4068
vn 0.3113 -0.8979 0.3113
vn 0.4068 -0.8979 0.1684
vn 0.4403 -0.8979 -0.0000
vn 0.4068 -0.8979 -0.1684
vn 0.3113 -0.8979 -0.3114
vn 0.1685 -0.8979 -0.4067
vn -0.0000 -0.8979 -0.4402
vn -0.9239 -0.0000 0.3828
vn -0.7072 -0.0000 0.7070
vn 0.9239 -0.0000 -0.3826
vt 0.801662 0.447338
vt 0.784572 0.447338
vt 0.784572 0.453035
vt 0.801662 0.453035
vt 0.801662 0.418854
vt 0.784572 0.418854
vt 0.784572 0.424551
vt 0.801662 0.424551
vt 0.784572 0.430248
vt 0.801662 0.430248
vt 0.784572 0.435945
vt 0.801662 0.435945
vt 0.784572 0.441641
vt 0.801662 0.441641
vt 0.824583 0.412343
vt 0.812256 0.431193
vt 0.815461 0.431193
vt 0.827787 0.412343
vt 0.818665 0.431193
vt 0.830992 0.412343
vt 0.805198 0.419772
vt 0.805198 0.435313
vt 0.809863 0.435313
vt 0.809863 0.419772
vt 0.938007 0.345755
vt 0.938007 0.404257
vt 0.947757 0.404257
vt 0.947757 0.345755
vt 0.957507 0.404257
vt 0.957507 0.345755
vt 0.840503 0.345755
vt 0.840503 0.404257
vt 0.850254 0.404257
vt 0.850254 0.345755
vt 0.860004 0.404257
vt 0.860004 0.345755
vt 0.869754 0.404257
vt 0.869754 0.345755
vt 0.879505 0.404257
vt 0.879505 0.345755
vt 0.889255 0.404257
vt 0.889255 0.345755
vt 0.899005 0.404257
vt 0.899005 0.345755
vt 0.908756 0.404257
vt 0.908756 0.345755
vt 0.918506 0.404257
vt 0.918506 0.345755
vt 0.928256 0.404257
vt 0.928256 0.345755
vt 0.917404 0.320655
vt 0.926013 0.288523
vt 0.902492 0.265001
vt 0.893882 0.279914
vt 0.893882 0.297133
vt 0.902492 0.312045
vt 0.958145 0.279914
vt 0.934623 0.320655
vt 0.949535 0.312045
vt 0.958145 0.297133
vt 0.949535 0.265001
vt 0.934623 0.256392
vt 0.917404 0.256392
vt 0.901919 0.407360
vt 0.901919 0.449610
vt 0.908960 0.449610
vt 0.908960 0.407360
vt 0.916002 0.449610
vt 0.916002 0.407360
vt 0.831501 0.407360
vt 0.831501 0.449610
vt 0.838543 0.449610
vt 0.838543 0.407360
vt 0.845585 0.449610
vt 0.845585 0.407360
vt 0.852627 0.449610
vt 0.852627 0.407360
vt 0.859668 0.449610
vt 0.859668 0.407360
vt 0.866710 0.449610
vt 0.866710 0.407360
vt 0.873752 0.449610
vt 0.873752 0.407360
vt 0.880794 0.449610
vt 0.880794 0.407360
vt 0.887835 0.449610
vt 0.887835 0.407360
vt 0.894877 0.449610
vt 0.894877 0.407360
vt 0.880793 0.449610
vt 0.880793 0.407360
vt 0.063249 0.670862
vt 0.036646 0.670862
vt 0.036647 0.819205
vt 0.063250 0.819205
vt 0.563058 0.572034
vt 0.563058 0.647253
vt 0.748533 0.647253
vt 0.748533 0.572034
vt 0.005313 0.821543
vt 0.031915 0.821543
vt 0.031915 0.673201
vt 0.005313 0.673201
vt 0.036647 0.879365
vt 0.063250 0.879365
vt 0.005313 0.881703
vt 0.031916 0.881703
vt 0.492042 0.523462
vt 0.512515 0.523462
vt 0.512515 0.415546
vt 0.492042 0.415546
vt 0.527679 0.405660
vt 0.524810 0.412735
vt 0.524810 0.526873
vt 0.527679 0.533948
vt 0.760030 0.651915
vt 0.551561 0.651915
vt 0.478521 0.526873
vt 0.475652 0.533948
vt 0.760030 0.567371
vt 0.478521 0.412735
vt 0.475652 0.405660
vt 0.551561 0.567371
vt 0.153150 0.396175
vt 0.153150 0.446494
vt 0.284180 0.446494
vt 0.284180 0.396175
vt 0.099429 0.484994
vt 0.099429 0.530176
vt 0.196441 0.530176
vt 0.196441 0.484994
vt 0.092123 0.396175
vt 0.092123 0.446494
vt 0.213192 0.475756
vt 0.213192 0.463821
vt 0.092801 0.463821
vt 0.092801 0.475756
vt 0.230716 0.461239
vt 0.230716 0.449304
vt 0.092801 0.449304
vt 0.092801 0.461238
vt 0.092801 0.463821
vt 0.092801 0.461239
vt 0.332319 0.395612
vt 0.326808 0.401123
vt 0.326808 0.476969
vt 0.332319 0.482480
vt 0.203491 0.537226
vt 0.092380 0.537226
vt 0.291483 0.476969
vt 0.285971 0.482480
vt 0.203491 0.477944
vt 0.291483 0.401123
vt 0.285972 0.395611
vt 0.092380 0.477944
vt 0.081887 0.580110
vt 0.081887 0.660950
vt 0.286523 0.660950
vt 0.286523 0.580110
vt 0.082024 0.684981
vt 0.082024 0.725726
vt 0.237178 0.725726
vt 0.237178 0.684981
vt 0.237652 0.682193
vt 0.237652 0.663801
vt 0.082499 0.663801
vt 0.082499 0.682193
vt 0.081201 0.760291
vt 0.235820 0.760291
vt 0.235820 0.728063
vt 0.081201 0.728063
vt 0.236087 0.760024
vt 0.080934 0.760023
vt 0.080934 0.728330
vt 0.236087 0.728331
vt 0.932407 0.551232
vt 0.961053 0.620390
vt 0.961053 0.662320
vt 0.770360 0.662320
vt 0.863249 0.522586
vt 0.770360 0.522586
vt 0.802722 0.369467
vt 0.802722 0.331067
vt 0.783522 0.331067
vt 0.783522 0.369467
vt 0.803237 0.331067
vt 0.803237 0.369467
vt 0.819865 0.369467
vt 0.819865 0.331067
vt 0.836493 0.369467
vt 0.836493 0.331067
vt 0.782321 0.395431
vt 0.807863 0.395431
vt 0.820634 0.373311
vt 0.795092 0.373311
vt 0.820634 0.417552
vt 0.795092 0.417552
vt 0.833405 0.395431
vt 0.803745 0.328116
vt 0.803745 0.289715
vt 0.784545 0.289715
vt 0.784545 0.328116
vt 0.804260 0.289715
vt 0.804260 0.328116
vt 0.820888 0.328116
vt 0.820888 0.289715
vt 0.837516 0.328116
vt 0.837516 0.289715
vt 0.839073 0.317354
vt 0.864615 0.317354
vt 0.877386 0.295234
vt 0.851844 0.295234
vt 0.877386 0.339474
vt 0.851844 0.339474
vt 0.890157 0.317354
vt 0.804175 0.286857
vt 0.804175 0.248456
vt 0.784975 0.248456
vt 0.784975 0.286857
vt 0.804690 0.248456
vt 0.804690 0.286857
vt 0.821318 0.286857
vt 0.821318 0.248456
vt 0.837946 0.286857
vt 0.837946 0.248456
vt 0.840236 0.270914
vt 0.865778 0.270914
vt 0.878549 0.248794
vt 0.853007 0.248794
vt 0.878550 0.293035
vt 0.853007 0.293035
vt 0.891321 0.270914
vt 0.534870 0.962896
vt 0.060920 0.962896
vt 0.061787 0.964891
vt 0.534002 0.964891
vt 0.063881 0.965723
vt 0.531908 0.965723
vt 0.531908 0.954427
vt 0.063882 0.954427
vt 0.061787 0.955258
vt 0.534002 0.955258
vt 0.060920 0.957253
vt 0.534870 0.957253
vt 0.546203 0.990266
vt 0.546203 0.667717
vt 0.995875 0.667717
vt 0.995875 0.990266
vt 0.056565 0.971796
vt 0.056564 0.979846
vt 0.539544 0.979907
vt 0.539545 0.971856
vt 0.539545 0.979847
vt 0.539544 0.971796
vt 0.056564 0.971857
vt 0.056565 0.979908
vt 0.534162 0.995985
vt 0.061947 0.995985
vt 0.064041 0.996811
vt 0.532068 0.996811
vt 0.539544 0.967767
vt 0.060588 0.967827
vt 0.057742 0.969010
vt 0.539544 0.968950
vt 0.057742 0.982693
vt 0.539544 0.982753
vt 0.060588 0.983876
vt 0.539544 0.983936
vt 0.057744 0.982753
vt 0.539545 0.982693
vt 0.060590 0.983936
vt 0.539546 0.983876
vt 0.539546 0.967827
vt 0.060590 0.967767
vt 0.057744 0.968950
vt 0.539545 0.969010
vt 0.064041 0.985527
vt 0.061947 0.986353
vt 0.534162 0.986353
vt 0.532068 0.985527
vt 0.061079 0.988348
vt 0.535030 0.988348
vt 0.061079 0.993990
vt 0.535030 0.993990
vt 0.002386 0.455105
vt 0.002386 0.663699
vt 0.059834 0.663699
vt 0.059834 0.455105
vt 0.059834 0.666461
vt 0.002386 0.666462
vt 0.002386 0.663699
vt 0.002386 0.455105
vt 0.002386 0.666462
vt 0.059834 0.666462
vt 0.062597 0.663699
vt 0.062597 0.455105
vt 0.063250 0.670863
vt 0.036647 0.670863
vt 0.036647 0.819205
vt 0.063249 0.819205
vt 0.005312 0.821543
vt 0.036647 0.879365
vt 0.063249 0.879365
vt 0.005313 0.881703
vt 0.031916 0.881703
vt 0.628760 0.494461
vt 0.628760 0.453739
vt 0.549074 0.453739
vt 0.549074 0.494461
vt 0.911999 0.341396
vt 0.911999 0.322369
vt 0.892971 0.322369
vt 0.892971 0.341396
vt 0.549074 0.453738
vt 0.628759 0.494461
vt 0.628759 0.453738
vt 0.795534 0.458761
vt 0.788245 0.466049
vt 0.861207 0.466049
vt 0.853917 0.458761
vt 0.795533 0.458760
vt 0.861206 0.466049
vt 0.853918 0.458760
vt 0.795534 0.458760
vt 0.788246 0.466050
vt 0.861206 0.466050
vt 0.786844 0.496648
vt 0.859804 0.496648
vt 0.859804 0.467421
vt 0.786844 0.467421
vt 0.509450 0.942375
vt 0.504082 0.943551
vt 0.504136 0.564316
vt 0.509503 0.563141
vt 0.512838 0.949783
vt 0.524093 0.949783
vt 0.524093 0.562028
vt 0.512838 0.562028
vt 0.504135 0.564316
vt 0.865215 0.452923
vt 0.865215 0.485264
vt 0.929898 0.485264
vt 0.929898 0.452923
vt 0.475127 0.394346
vt 0.469672 0.399800
vt 0.524218 0.399800
vt 0.518763 0.394346
vt 0.524218 0.345255
vt 0.518763 0.350709
vt 0.469672 0.345255
vt 0.475127 0.350709
vt 0.538161 0.651813
vt 0.538161 0.964847
vt 0.543852 0.964847
vt 0.543852 0.651813
vt 0.714709 0.239691
vt 0.714709 0.304678
vt 0.722832 0.304678
vt 0.722832 0.239691
vt 0.730955 0.304678
vt 0.730955 0.239691
vt 0.739079 0.304678
vt 0.739079 0.239691
vt 0.609106 0.239691
vt 0.609106 0.304678
vt 0.617229 0.304678
vt 0.617229 0.239691
vt 0.625352 0.304678
vt 0.625352 0.239691
vt 0.633475 0.304678
vt 0.633475 0.239691
vt 0.641599 0.304678
vt 0.641599 0.239691
vt 0.649722 0.304678
vt 0.649722 0.239691
vt 0.657846 0.304678
vt 0.657846 0.239691
vt 0.665969 0.304678
vt 0.665969 0.239691
vt 0.674092 0.304678
vt 0.674092 0.239691
vt 0.682216 0.304678
vt 0.682216 0.239691
vt 0.690339 0.304678
vt 0.690339 0.239691
vt 0.698462 0.304678
vt 0.698462 0.239691
vt 0.706586 0.304678
vt 0.706586 0.239691
vt 0.135878 0.844899
vt 0.135878 0.832222
vt 0.104008 0.838560
vt 0.131026 0.856609
vt 0.122060 0.865576
vt 0.110346 0.870427
vt 0.097669 0.870427
vt 0.085958 0.865579
vt 0.076992 0.856611
vt 0.072141 0.844900
vt 0.072141 0.832221
vt 0.076991 0.820508
vt 0.085957 0.811545
vt 0.097669 0.806691
vt 0.110349 0.806692
vt 0.122061 0.811543
vt 0.131026 0.820507
vt 0.131020 0.820499
vt 0.122057 0.811539
vt 0.104010 0.838562
vt 0.110341 0.806688
vt 0.097662 0.806694
vt 0.085950 0.811546
vt 0.076990 0.820515
vt 0.072140 0.832227
vt 0.072145 0.844909
vt 0.076999 0.856618
vt 0.085967 0.865581
vt 0.097679 0.870430
vt 0.110357 0.870424
vt 0.122070 0.865572
vt 0.131033 0.856605
vt 0.135878 0.844890
vt 0.135878 0.832214
vt 0.028475 0.916196
vt 0.028475 0.883703
vt 0.020352 0.883703
vt 0.020351 0.916196
vt 0.012229 0.883703
vt 0.012229 0.916196
vt 0.004105 0.883703
vt 0.004105 0.916196
vt 0.134078 0.916196
vt 0.134078 0.883703
vt 0.125955 0.883703
vt 0.125955 0.916196
vt 0.117832 0.883703
vt 0.117832 0.916196
vt 0.109709 0.883703
vt 0.109709 0.916196
vt 0.101585 0.883703
vt 0.101585 0.916196
vt 0.093462 0.883703
vt 0.093462 0.916196
vt 0.085339 0.883703
vt 0.085339 0.916196
vt 0.077216 0.883703
vt 0.077216 0.916196
vt 0.069093 0.883703
vt 0.069093 0.916196
vt 0.060969 0.883703
vt 0.060969 0.916196
vt 0.052845 0.883703
vt 0.052846 0.916196
vt 0.044723 0.883703
vt 0.044722 0.916196
vt 0.036599 0.883703
vt 0.036599 0.916196
vt 0.028474 0.948689
vt 0.020352 0.948689
vt 0.012227 0.948689
vt 0.004104 0.948689
vt 0.134077 0.948689
vt 0.125955 0.948689
vt 0.117832 0.948689
vt 0.109710 0.948689
vt 0.101585 0.948689
vt 0.093463 0.948689
vt 0.085339 0.948689
vt 0.077216 0.948689
vt 0.069093 0.948689
vt 0.060970 0.948689
vt 0.052845 0.948689
vt 0.044722 0.948689
vt 0.036599 0.948689
vt 0.285811 0.489224
vt 0.285811 0.532694
vt 0.291243 0.532694
vt 0.291243 0.489224
vt 0.296678 0.532694
vt 0.296678 0.489224
vt 0.302112 0.532694
vt 0.302112 0.489224
vt 0.215172 0.489224
vt 0.215172 0.532694
vt 0.220606 0.532694
vt 0.220606 0.489224
vt 0.226039 0.532694
vt 0.226039 0.489224
vt 0.231472 0.532694
vt 0.231472 0.489224
vt 0.236907 0.532694
vt 0.236907 0.489224
vt 0.242340 0.532694
vt 0.242340 0.489224
vt 0.247774 0.532694
vt 0.247774 0.489224
vt 0.253207 0.532694
vt 0.253207 0.489224
vt 0.258641 0.532694
vt 0.258641 0.489224
vt 0.264074 0.532694
vt 0.264074 0.489224
vt 0.269509 0.532694
vt 0.269509 0.489224
vt 0.274942 0.532694
vt 0.274942 0.489224
vt 0.280375 0.532694
vt 0.280375 0.489224
vt 0.117831 0.916196
vt 0.117831 0.883703
vt 0.109708 0.883703
vt 0.109708 0.916196
vt 0.125954 0.916196
vt 0.125954 0.883703
vt 0.134078 0.916196
vt 0.012228 0.916196
vt 0.012228 0.883703
vt 0.004104 0.883703
vt 0.004105 0.916196
vt 0.020351 0.916196
vt 0.020351 0.883703
vt 0.028474 0.916196
vt 0.028474 0.883703
vt 0.036598 0.916196
vt 0.036598 0.883703
vt 0.044721 0.916196
vt 0.044721 0.883703
vt 0.052844 0.916196
vt 0.052844 0.883703
vt 0.060967 0.916196
vt 0.060967 0.883703
vt 0.069091 0.916196
vt 0.069091 0.883703
vt 0.077214 0.916196
vt 0.077214 0.883703
vt 0.085337 0.916196
vt 0.085337 0.883703
vt 0.093460 0.916196
vt 0.093461 0.883703
vt 0.101584 0.916196
vt 0.101584 0.883703
vt 0.117830 0.948689
vt 0.109708 0.948689
vt 0.125953 0.948689
vt 0.134078 0.948689
vt 0.012229 0.948689
vt 0.004105 0.948689
vt 0.020352 0.948689
vt 0.028474 0.948689
vt 0.036598 0.948689
vt 0.044721 0.948689
vt 0.052844 0.948689
vt 0.060967 0.948689
vt 0.069091 0.948689
vt 0.077214 0.948689
vt 0.085338 0.948689
vt 0.093461 0.948689
vt 0.101584 0.948689
vt 0.226040 0.489224
vt 0.226040 0.532694
vt 0.231473 0.532694
vt 0.231473 0.489224
vt 0.220607 0.489224
vt 0.220607 0.532694
vt 0.296677 0.489224
vt 0.296677 0.532694
vt 0.302111 0.532694
vt 0.302111 0.489224
vt 0.291244 0.489224
vt 0.291244 0.532694
vt 0.280377 0.489224
vt 0.280377 0.532694
vt 0.274943 0.489224
vt 0.274943 0.532694
vt 0.264076 0.489224
vt 0.264076 0.532694
vt 0.258642 0.489224
vt 0.258642 0.532694
vt 0.253209 0.489224
vt 0.253209 0.532694
vt 0.242341 0.489224
vt 0.242341 0.532694
vt 0.177020 0.003625
vt 0.002714 0.003625
vt 0.002714 0.225357
vt 0.177020 0.225357
vt 0.237767 0.234865
vt 0.089045 0.234865
vt 0.089045 0.376756
vt 0.237767 0.376756
vt 0.784671 0.221986
vt 0.945929 0.221986
vt 0.945929 0.005370
vt 0.784671 0.005370
vt 0.635961 0.347559
vt 0.536352 0.347559
vt 0.536352 0.447837
vt 0.635961 0.447837
vt 0.609856 0.222745
vt 0.609856 0.005809
vt 0.438115 0.005809
vt 0.438115 0.222745
vt 0.351326 0.003625
vt 0.351326 0.225357
vt 0.386490 0.234865
vt 0.386490 0.376756
vt 0.614016 0.227478
vt 0.781482 0.227478
vt 0.781482 0.002523
vt 0.614016 0.002523
vt 0.735571 0.347559
vt 0.735571 0.447837
vt 0.002875 0.451710
vt 0.076597 0.451710
vt 0.076597 0.230546
vt 0.002875 0.230546
vt 0.392394 0.227049
vt 0.392394 0.319004
vt 0.597761 0.319004
vt 0.597761 0.227049
vt 0.356764 0.222745
vt 0.356764 0.005809
vt 0.735571 0.497976
vt 0.635961 0.497976
vt 0.090076 0.393613
vt 0.083395 0.386932
vt 0.083395 0.560637
vt 0.090076 0.553956
vt 0.216122 0.560637
vt 0.216122 0.553956
vt 0.216122 0.393613
vt 0.216122 0.386932
vt 0.348850 0.560637
vt 0.342169 0.553956
vt 0.348850 0.386932
vt 0.342169 0.393613
vt 0.198974 0.933496
vt 0.198974 0.942498
vt 0.415023 0.942498
vt 0.415023 0.933496
vt 0.199003 0.920759
vt 0.199003 0.932210
vt 0.415053 0.932209
vt 0.415053 0.920758
vt 0.415053 0.932209
vt 0.415053 0.920758
vt 0.199003 0.920759
vt 0.199003 0.932211
vt 0.199003 0.920758
vt 0.199003 0.932210
vt 0.415053 0.932210
vt 0.415053 0.920758
vt 0.415053 0.932211
vt 0.415053 0.920759
vt 0.199003 0.920758
vt 0.199003 0.932209
vt 0.323479 0.575333
vt 0.332263 0.566548
vt 0.156576 0.566548
vt 0.156576 0.575333
vt 0.156576 0.786157
vt 0.156576 0.794942
vt 0.332263 0.794942
vt 0.323479 0.786157
vt 0.068732 0.566548
vt 0.077517 0.575333
vt 0.068732 0.794942
vt 0.077517 0.786157
vt 0.286546 0.550899
vt 0.286546 0.540720
vt 0.093158 0.540720
vt 0.093158 0.550899
vt 0.093158 0.550899
vt 0.198325 0.845371
vt 0.198325 0.855991
vt 0.453202 0.855991
vt 0.453202 0.845371
vt 0.739365 0.525930
vt 0.739365 0.504442
vt 0.545977 0.504442
vt 0.545977 0.525930
vt 0.190570 0.805161
vt 0.182865 0.797479
vt 0.182865 0.951417
vt 0.190570 0.943440
vt 0.335923 0.951417
vt 0.335923 0.943440
vt 0.335952 0.805161
vt 0.335952 0.797479
vt 0.489010 0.951417
vt 0.481299 0.943440
vt 0.489010 0.797479
vt 0.481299 0.805161
vt 0.343658 0.789809
vt 0.481318 0.789809
vt 0.489010 0.720670
vt 0.481318 0.728352
vt 0.335952 0.720670
vt 0.343658 0.728352
vt 0.458659 0.840741
vt 0.458659 0.826530
vt 0.202854 0.826530
vt 0.202854 0.840741
vt 0.451152 0.822899
vt 0.451152 0.809341
vt 0.195348 0.809341
vt 0.195348 0.822899
vt 0.463842 0.546810
vt 0.452262 0.558390
vt 0.753331 0.558390
vt 0.741752 0.546810
vt 0.753331 0.328342
vt 0.741752 0.339922
vt 0.452262 0.328342
vt 0.463842 0.339922
vt 0.977432 0.508114
vt 0.988360 0.519042
vt 0.988360 0.234894
vt 0.977432 0.245823
vt 0.771242 0.234894
vt 0.782171 0.245823
vt 0.771242 0.519042
vt 0.782171 0.508114
vt 0.434155 0.591719
vt 0.442505 0.600068
vt 0.442505 0.382980
vt 0.434155 0.391329
vt 0.359010 0.382980
vt 0.367359 0.391329
vt 0.359010 0.600068
vt 0.367359 0.591719
vt 0.465264 0.872158
vt 0.465264 0.860847
vt 0.193810 0.860847
vt 0.193810 0.872158
vt 0.784168 0.497905
vt 0.784168 0.507111
vt 0.948639 0.507110
vt 0.948639 0.497905
vt 0.469728 0.919769
vt 0.469728 0.908286
vt 0.194144 0.908286
vt 0.194144 0.919769
vt 0.194190 0.890401
vt 0.194190 0.905825
vt 0.469774 0.905825
vt 0.469774 0.890401
vt 0.469774 0.905825
vt 0.194190 0.890400
vt 0.194190 0.905825
vt 0.465919 0.887452
vt 0.465919 0.876141
vt 0.194466 0.876141
vt 0.194466 0.887452
vt 0.542075 0.528652
vt 0.542075 0.544106
vt 0.665706 0.544106
vt 0.665706 0.528652
vt 0.307789 0.684812
vt 0.313687 0.684812
vt 0.313687 0.579443
vt 0.307789 0.579443
vt 0.292502 0.683245
vt 0.305673 0.683245
vt 0.305673 0.577876
vt 0.292502 0.577876
vt 0.341194 0.607889
vt 0.341194 0.712805
vt 0.446110 0.712805
vt 0.446110 0.607889
vt 0.341195 0.607889
vt 0.341195 0.712806
vt 0.446110 0.712806
s 1
usemtl lambert1
f 4/1/1 1/2/1 2/3/2
f 2/3/2 3/4/2 4/1/1
f 8/5/2 5/6/2 6/7/3
f 6/7/3 7/8/3 8/5/2
f 7/8/3 6/7/3 9/9/4
f 9/9/4 10/10/4 7/8/3
f 10/10/4 9/9/4 11/11/5
f 11/11/5 12/12/5 10/10/4
f 12/12/5 11/11/5 13/13/6
f 13/13/6 14/14/6 12/12/5
f 14/14/6 13/13/6 1/2/1
f 1/2/1 4/1/1 14/14/6
f 18/15/7 15/16/8 16/17/9
f 16/17/9 17/18/10 18/15/7
f 17/18/10 16/17/9 19/19/11
f 19/19/11 20/20/12 17/18/10
f 24/21/12 21/22/11 22/23/13
f 22/23/13 23/24/14 24/21/12
f 28/16/14 25/15/13 26/18/15
f 26/18/15 27/17/16 28/16/14
f 27/17/16 26/18/15 29/20/17
f 29/20/17 30/19/18 27/17/16
f 34/21/18 31/22/19 32/23/8
f 32/23/8 33/24/7 34/21/18
f 38/25/20 35/26/20 36/27/21
f 36/27/21 37/28/21 38/25/20
f 37/28/21 36/27/21 39/29/22
f 39/29/22 40/30/22 37/28/21
f 44/31/22 41/32/22 42/33/2
f 42/33/2 43/34/2 44/31/22
f 43/34/2 42/33/2 45/35/23
f 45/35/23 46/36/23 43/34/2
f 46/36/23 45/35/23 47/37/24
f 47/37/24 48/38/24 46/36/23
f 48/38/24 47/37/24 49/39/25
f 49/39/25 50/40/25 48/38/24
f 50/40/25 49/39/25 51/41/4
f 51/41/4 52/42/4 50/40/25
f 52/42/4 51/41/4 53/43/26
f 53/43/26 54/44/26 52/42/4
f 54/44/26 53/43/26 55/45/5
f 55/45/5 56/46/5 54/44/26
f 56/46/5 55/45/5 57/47/27
f 57/47/27 58/48/27 56/46/5
f 58/48/27 57/47/27 59/49/28
f 59/49/28 60/50/28 58/48/27
f 60/50/28 59/49/28 35/26/20
f 35/26/20 38/25/20 60/50/28
s 0
f 66/51/29 61/52/29 62/53/29
f 66/51/29 62/53/29 63/54/29
f 66/51/29 63/54/29 64/55/29
f 64/55/29 65/56/29 66/51/29
f 70/57/29 61/52/29 66/51/29
f 70/57/29 66/51/29 67/58/29
f 70/57/29 67/58/29 68/59/29
f 68/59/29 69/60/29 70/57/29
f 62/53/29 61/52/29 70/57/29
f 62/53/29 70/57/29 71/61/29
f 62/53/29 71/61/29 72/62/29
f 72/62/29 73/63/29 62/53/29
s 1
f 77/64/30 74/65/30 75/66/31
f 75/66/31 76/67/31 77/64/30
f 76/67/31 75/66/31 78/68/32
f 78/68/32 79/69/33 76/67/31
f 83/70/34 80/71/33 81/72/35
f 81/72/35 82/73/35 83/70/34
f 82/73/35 81/72/35 84/74/36
f 84/74/36 85/75/36 82/73/35
f 85/75/36 84/74/36 86/76/37
f 86/76/37 87/77/37 85/75/36
f 87/77/37 86/76/37 88/78/38
f 88/78/38 89/79/38 87/77/37
f 89/79/38 88/78/38 90/80/39
f 90/80/39 91/81/40 89/79/38
f 91/81/40 90/80/39 92/82/41
f 92/82/41 93/83/41 91/81/40
f 93/83/41 92/82/41 94/84/42
f 94/84/42 95/85/43 93/83/41
f 95/85/43 94/84/42 96/86/44
f 96/86/44 97/87/44 95/85/43
f 97/87/44 96/86/44 98/88/45
f 98/88/45 99/89/45 97/87/44
f 99/89/45 98/88/45 74/65/30
f 74/65/30 77/64/30 99/89/45
f 103/64/46 100/65/47 101/66/48
f 101/66/48 102/67/48 103/64/46
f 102/67/48 101/66/48 104/68/49
f 104/68/49 105/69/50 102/67/48
f 109/70/51 106/71/51 107/72/52
f 107/72/52 108/73/52 109/70/51
f 108/73/52 107/72/52 110/74/53
f 110/74/53 111/75/53 108/73/52
f 111/75/53 110/74/53 112/76/54
f 112/76/54 113/77/54 111/75/53
f 113/77/54 112/76/54 114/78/55
f 114/78/55 115/79/55 113/77/54
f 115/79/55 114/78/55 116/80/56
f 116/80/56 117/81/56 115/79/55
f 117/81/56 116/80/56 118/82/57
f 118/82/57 119/83/57 117/81/56
f 119/83/57 118/82/57 120/90/58
f 120/90/58 121/91/58 119/83/57
f 121/91/58 120/90/58 122/86/59
f 122/86/59 123/87/59 121/91/58
f 123/87/59 122/86/59 124/88/60
f 124/88/60 125/89/60 123/87/59
f 125/89/60 124/88/60 100/65/47
f 100/65/47 103/64/46 125/89/60
f 129/64/20 126/65/20 127/66/21
f 127/66/21 128/67/21 129/64/20
f 128/67/21 127/66/21 130/68/61
f 130/68/61 131/69/61 128/67/21
f 135/70/62 132/71/62 133/72/2
f 133/72/2 134/73/2 135/70/62
f 134/73/2 133/72/2 136/74/23
f 136/74/23 137/75/23 134/73/2
f 137/75/23 136/74/23 138/76/24
f 138/76/24 139/77/24 137/75/23
f 139/77/24 138/76/24 140/78/25
f 140/78/25 141/79/25 139/77/24
f 141/79/25 140/78/25 142/80/4
f 142/80/4 143/81/4 141/79/25
f 143/81/4 142/80/4 144/82/26
f 144/82/26 145/83/26 143/81/4
f 145/83/26 144/82/26 146/84/5
f 146/84/5 147/85/5 145/83/26
f 147/85/5 146/84/5 148/86/27
f 148/86/27 149/87/27 147/85/5
f 149/87/27 148/86/27 150/88/28
f 150/88/28 151/89/28 149/87/27
f 151/89/28 150/88/28 126/65/20
f 126/65/20 129/64/20 151/89/28
f 155/25/20 152/26/20 153/27/21
f 153/27/21 154/28/21 155/25/20
f 154/28/21 153/27/21 156/29/22
f 156/29/22 157/30/22 154/28/21
f 161/31/22 158/32/22 159/33/2
f 159/33/2 160/34/2 161/31/22
f 160/34/2 159/33/2 162/35/23
f 162/35/23 163/36/23 160/34/2
f 163/36/23 162/35/23 164/37/24
f 164/37/24 165/38/24 163/36/23
f 165/38/24 164/37/24 166/39/25
f 166/39/25 167/40/25 165/38/24
f 167/40/25 166/39/25 168/41/4
f 168/41/4 169/42/4 167/40/25
f 169/42/4 168/41/4 170/43/26
f 170/43/26 171/44/26 169/42/4
f 171/44/26 170/43/26 172/45/5
f 172/45/5 173/46/5 171/44/26
f 173/46/5 172/45/5 174/47/27
f 174/47/27 175/48/27 173/46/5
f 175/48/27 174/47/27 176/49/28
f 176/49/28 177/50/28 175/48/27
f 177/50/28 176/49/28 152/26/20
f 152/26/20 155/25/20 177/50/28
s 0
f 183/51/29 178/52/29 179/53/29
f 183/51/29 179/53/29 180/54/29
f 183/51/29 180/54/29 181/55/29
f 181/55/29 182/56/29 183/51/29
f 187/57/29 178/52/29 183/51/29
f 187/57/29 183/51/29 184/58/29
f 187/57/29 184/58/29 185/59/29
f 185/59/29 186/60/29 187/57/29
f 179/53/29 178/52/29 187/57/29
f 179/53/29 187/57/29 188/61/29
f 179/53/29 188/61/29 189/62/29
f 189/62/29 190/63/29 179/53/29
s 1
f 194/64/30 191/65/30 192/66/63
f 192/66/63 193/67/31 194/64/30
f 193/67/31 192/66/63 195/68/34
f 195/68/34 196/69/33 193/67/31
f 200/70/34 197/71/33 198/72/35
f 198/72/35 199/73/64 200/70/34
f 199/73/64 198/72/35 201/74/36
f 201/74/36 202/75/36 199/73/64
f 202/75/36 201/74/36 203/76/37
f 203/76/37 204/77/37 202/75/36
f 204/77/37 203/76/37 205/78/38
f 205/78/38 206/79/38 204/77/37
f 206/79/38 205/78/38 207/80/39
f 207/80/39 208/81/40 206/79/38
f 208/81/40 207/80/39 209/82/65
f 209/82/65 210/83/65 208/81/40
f 210/83/65 209/82/65 211/84/42
f 211/84/42 212/85/43 210/83/65
f 212/85/43 211/84/42 213/86/44
f 213/86/44 214/87/44 212/85/43
f 214/87/44 213/86/44 215/88/45
f 215/88/45 216/89/45 214/87/44
f 216/89/45 215/88/45 191/65/30
f 191/65/30 194/64/30 216/89/45
f 220/64/47 217/65/47 218/66/66
f 218/66/66 219/67/66 220/64/47
f 219/67/66 218/66/66 221/68/50
f 221/68/50 222/69/49 219/67/66
f 226/70/67 223/71/67 224/72/68
f 224/72/68 225/73/68 226/70/67
f 225/73/68 224/72/68 227/74/69
f 227/74/69 228/75/53 225/73/68
f 228/75/53 227/74/69 229/76/54
f 229/76/54 230/77/54 228/75/53
f 230/77/54 229/76/54 231/78/55
f 231/78/55 232/79/55 230/77/54
f 232/79/55 231/78/55 233/80/56
f 233/80/56 234/81/56 232/79/55
f 234/81/56 233/80/56 235/82/70
f 235/82/70 236/83/70 234/81/56
f 236/83/70 235/82/70 237/90/58
f 237/90/58 238/91/58 236/83/70
f 238/91/58 237/90/58 239/86/59
f 239/86/59 240/87/59 238/91/58
f 240/87/59 239/86/59 241/88/60
f 241/88/60 242/89/71 240/87/59
f 242/89/71 241/88/60 217/65/47
f 217/65/47 220/64/47 242/89/71
f 246/64/20 243/65/20 244/66/21
f 244/66/21 245/67/21 246/64/20
f 245/67/21 244/66/21 247/68/61
f 247/68/61 248/69/61 245/67/21
f 252/70/62 249/71/62 250/72/2
f 250/72/2 251/73/2 252/70/62
f 251/73/2 250/72/2 253/74/23
f 253/74/23 254/75/23 251/73/2
f 254/75/23 253/74/23 255/76/24
f 255/76/24 256/77/24 254/75/23
f 256/77/24 255/76/24 257/78/25
f 257/78/25 258/79/25 256/77/24
f 258/79/25 257/78/25 259/80/4
f 259/80/4 260/81/4 258/79/25
f 260/81/4 259/80/4 261/82/26
f 261/82/26 262/83/26 260/81/4
f 262/83/26 261/82/26 263/84/5
f 263/84/5 264/85/5 262/83/26
f 264/85/5 263/84/5 265/86/27
f 265/86/27 266/87/27 264/85/5
f 266/87/27 265/86/27 267/88/28
f 267/88/28 268/89/28 266/87/27
f 268/89/28 267/88/28 243/65/20
f 243/65/20 246/64/20 268/89/28
s 0
f 272/92/26 269/93/26 270/94/26
f 270/94/26 271/95/26 272/92/26
f 276/96/29 273/97/29 274/98/29
f 274/98/29 275/99/29 276/96/29
f 280/100/22 277/101/22 278/102/22
f 278/102/22 279/103/22 280/100/22
f 284/95/28 281/94/28 282/104/28
f 282/104/28 283/105/28 284/95/28
f 288/101/24 285/100/24 286/106/24
f 286/106/24 287/107/24 288/101/24
f 292/108/26 289/109/26 290/110/26
f 290/110/26 291/111/26 292/108/26
f 296/110/28 293/111/28 294/108/28
f 294/108/28 295/109/28 296/110/28
f 300/110/22 297/111/22 298/108/22
f 298/108/22 299/109/22 300/110/22
f 304/110/24 301/111/24 302/108/24
f 302/108/24 303/109/24 304/110/24
f 308/112/72 305/113/72 306/114/72
f 306/114/72 307/115/72 308/112/72
f 312/116/73 309/98/73 310/97/73
f 310/97/73 311/117/73 312/116/73
f 316/115/74 313/114/74 314/118/74
f 314/118/74 315/119/74 316/115/74
f 320/120/75 317/99/75 318/98/75
f 318/98/75 319/116/75 320/120/75
f 324/119/76 321/118/76 322/121/76
f 322/121/76 323/122/76 324/119/76
f 328/123/77 325/96/77 326/99/77
f 326/99/77 327/120/77 328/123/77
f 332/122/78 329/121/78 330/113/78
f 330/113/78 331/112/78 332/122/78
f 336/117/79 333/97/79 334/96/79
f 334/96/79 335/123/79 336/117/79
f 340/124/26 337/125/26 338/126/26
f 338/126/26 339/127/26 340/124/26
s 1
f 344/128/80 341/129/81 342/130/82
f 342/130/82 343/131/83 344/128/80
s 0
f 348/126/22 345/127/22 346/124/22
f 346/124/22 347/125/22 348/126/22
f 352/132/28 349/133/28 350/125/28
f 350/125/28 351/124/28 352/132/28
f 356/132/24 353/133/24 354/125/24
f 354/125/24 355/124/24 356/132/24
f 360/134/26 357/135/26 358/136/26
f 358/136/26 359/137/26 360/134/26
f 364/138/28 361/139/28 362/140/28
f 362/140/28 363/141/28 364/138/28
f 368/142/22 365/137/22 366/134/22
f 366/134/22 367/135/22 368/142/22
f 372/138/24 369/139/24 370/140/24
f 370/140/24 371/143/24 372/138/24
s 1
f 376/144/84 373/145/84 374/146/85
f 374/146/85 375/147/85 376/144/84
f 378/148/86 342/130/82 341/129/81
f 341/129/81 377/149/87 378/148/86
f 375/147/85 374/146/85 379/150/88
f 379/150/88 380/151/88 375/147/85
f 381/152/89 343/131/83 342/130/82
f 342/130/82 378/148/86 381/152/89
f 380/151/88 379/150/88 382/153/90
f 382/153/90 383/154/90 380/151/88
f 384/155/91 344/128/80 343/131/83
f 343/131/83 381/152/89 384/155/91
f 383/154/90 382/153/90 373/145/84
f 373/145/84 376/144/84 383/154/90
f 377/149/87 341/129/81 344/128/80
f 344/128/80 384/155/91 377/149/87
s 0
f 388/156/26 385/157/26 386/158/26
f 386/158/26 387/159/26 388/156/26
s 1
f 392/160/92 389/161/29 390/162/29
f 390/162/29 391/163/92 392/160/92
f 396/164/22 393/165/93 394/166/93
f 394/166/93 395/167/22 396/164/22
f 400/168/93 397/169/93 398/170/94
f 398/170/94 399/171/94 400/168/93
f 404/172/94 401/173/94 402/174/95
f 402/174/95 403/175/95 404/172/94
s 0
f 408/176/24 405/177/24 406/178/24
f 406/178/24 407/179/24 408/176/24
f 412/180/28 409/181/28 410/179/28
f 410/179/28 411/176/28 412/180/28
f 414/177/28 411/176/28 410/179/28
f 410/179/28 413/178/28 414/177/28
f 416/180/24 408/176/24 407/179/24
f 407/179/24 415/181/24 416/180/24
s 1
f 420/182/21 417/183/21 418/184/2
f 418/184/2 419/185/2 420/182/21
f 424/186/2 421/187/2 422/188/24
f 422/188/24 423/189/24 424/186/2
f 423/189/24 422/188/24 425/190/4
f 425/190/4 426/191/4 423/189/24
f 430/182/4 427/183/4 428/184/5
f 428/184/5 429/185/5 430/182/4
f 434/186/5 431/187/96 432/188/28
f 432/188/28 433/189/28 434/186/5
f 433/189/28 432/188/28 435/190/21
f 435/190/21 436/191/97 433/189/28
s 0
f 440/192/29 437/193/29 438/194/29
f 438/194/29 439/195/29 440/192/29
f 442/196/29 437/193/29 440/192/29
f 440/192/29 441/197/29 442/196/29
f 438/194/29 437/193/29 442/196/29
f 442/196/29 443/198/29 438/194/29
s 1
f 447/199/21 444/200/21 445/201/2
f 445/201/2 446/202/2 447/199/21
f 451/203/2 448/204/2 449/205/24
f 449/205/24 450/206/24 451/203/2
f 450/206/24 449/205/24 452/207/4
f 452/207/4 453/208/4 450/206/24
f 457/199/4 454/200/4 455/201/5
f 455/201/5 456/202/5 457/199/4
f 461/203/5 458/204/5 459/205/28
f 459/205/28 460/206/28 461/203/5
f 460/206/28 459/205/28 462/207/21
f 462/207/21 463/208/97 460/206/28
s 0
f 467/209/29 464/210/29 465/211/29
f 465/211/29 466/212/29 467/209/29
f 469/213/29 464/210/29 467/209/29
f 467/209/29 468/214/29 469/213/29
f 465/211/29 464/210/29 469/213/29
f 469/213/29 470/215/29 465/211/29
s 1
f 474/216/21 471/217/21 472/218/2
f 472/218/2 473/219/2 474/216/21
f 478/220/2 475/221/2 476/222/24
f 476/222/24 477/223/24 478/220/2
f 477/223/24 476/222/24 479/224/4
f 479/224/4 480/225/4 477/223/24
f 484/216/4 481/217/4 482/218/5
f 482/218/5 483/219/5 484/216/4
f 488/220/5 485/221/5 486/222/28
f 486/222/28 487/223/28 488/220/5
f 487/223/28 486/222/28 489/224/21
f 489/224/21 490/225/21 487/223/28
s 0
f 494/226/29 491/227/29 492/228/29
f 492/228/29 493/229/29 494/226/29
f 496/230/29 491/227/29 494/226/29
f 494/226/29 495/231/29 496/230/29
f 492/228/29 491/227/29 496/230/29
f 496/230/29 497/232/29 492/228/29
s 1
f 501/216/21 498/217/21 499/218/2
f 499/218/2 500/219/2 501/216/21
f 505/220/2 502/221/2 503/222/24
f 503/222/24 504/223/24 505/220/2
f 504/223/24 503/222/24 506/224/4
f 506/224/4 507/225/4 504/223/24
f 511/216/4 508/217/4 509/218/5
f 509/218/5 510/219/5 511/216/4
f 515/220/5 512/221/5 513/222/28
f 513/222/28 514/223/28 515/220/5
f 514/223/28 513/222/28 516/224/21
f 516/224/21 517/225/21 514/223/28
s 0
f 521/226/29 518/227/29 519/228/29
f 519/228/29 520/229/29 521/226/29
f 523/230/29 518/227/29 521/226/29
f 521/226/29 522/231/29 523/230/29
f 519/228/29 518/227/29 523/230/29
f 523/230/29 524/232/29 519/228/29
s 1
f 528/182/21 525/183/21 526/184/2
f 526/184/2 527/185/2 528/182/21
f 532/186/2 529/187/2 530/188/24
f 530/188/24 531/189/24 532/186/2
f 531/189/24 530/188/24 533/190/4
f 533/190/4 534/191/4 531/189/24
f 538/182/4 535/183/4 536/184/5
f 536/184/5 537/185/5 538/182/4
f 542/186/5 539/187/5 540/188/28
f 540/188/28 541/189/28 542/186/5
f 541/189/28 540/188/28 543/190/21
f 543/190/21 544/191/21 541/189/28
s 0
f 548/192/29 545/193/29 546/194/29
f 546/194/29 547/195/29 548/192/29
f 550/196/29 545/193/29 548/192/29
f 548/192/29 549/197/29 550/196/29
f 546/194/29 545/193/29 550/196/29
f 550/196/29 551/198/29 546/194/29
s 1
f 555/182/21 552/183/21 553/184/2
f 553/184/2 554/185/2 555/182/21
f 559/186/2 556/187/2 557/188/24
f 557/188/24 558/189/24 559/186/2
f 558/189/24 557/188/24 560/190/4
f 560/190/4 561/191/4 558/189/24
f 565/182/4 562/183/4 563/184/5
f 563/184/5 564/185/5 565/182/4
f 569/186/5 566/187/96 567/188/28
f 567/188/28 568/189/28 569/186/5
f 568/189/28 567/188/28 570/190/21
f 570/190/21 571/191/97 568/189/28
s 0
f 575/192/29 572/193/29 573/194/29
f 573/194/29 574/195/29 575/192/29
f 577/196/29 572/193/29 575/192/29
f 575/192/29 576/197/29 577/196/29
f 573/194/29 572/193/29 577/196/29
f 577/196/29 578/198/29 573/194/29
s 1
f 582/199/21 579/200/21 580/201/2
f 580/201/2 581/202/2 582/199/21
f 586/203/2 583/204/2 584/205/24
f 584/205/24 585/206/24 586/203/2
f 585/206/24 584/205/24 587/207/4
f 587/207/4 588/208/4 585/206/24
f 592/199/4 589/200/4 590/201/5
f 590/201/5 591/202/5 592/199/4
f 596/203/5 593/204/5 594/205/28
f 594/205/28 595/206/28 596/203/5
f 595/206/28 594/205/28 597/207/21
f 597/207/21 598/208/97 595/206/28
s 0
f 602/209/29 599/210/29 600/211/29
f 600/211/29 601/212/29 602/209/29
f 604/213/29 599/210/29 602/209/29
f 602/209/29 603/214/29 604/213/29
f 600/211/29 599/210/29 604/213/29
f 604/213/29 605/215/29 600/211/29
s 1
f 609/199/21 606/200/21 607/201/2
f 607/201/2 608/202/2 609/199/21
f 613/203/2 610/204/2 611/205/24
f 611/205/24 612/206/24 613/203/2
f 612/206/24 611/205/24 614/207/4
f 614/207/4 615/208/4 612/206/24
f 619/199/4 616/200/4 617/201/5
f 617/201/5 618/202/5 619/199/4
f 623/203/5 620/204/5 621/205/28
f 621/205/28 622/206/28 623/203/5
f 622/206/28 621/205/28 624/207/21
f 624/207/21 625/208/21 622/206/28
s 0
f 629/209/29 626/210/29 627/211/29
f 627/211/29 628/212/29 629/209/29
f 631/213/29 626/210/29 629/209/29
f 629/209/29 630/214/29 631/213/29
f 627/211/29 626/210/29 631/213/29
f 631/213/29 632/215/29 627/211/29
s 1
f 636/233/98 633/234/98 634/235/99
f 634/235/99 635/236/99 636/233/98
f 640/236/100 637/235/100 638/237/101
f 638/237/101 639/238/102 640/236/100
f 644/239/103 641/240/104 642/241/105
f 642/241/105 643/242/105 644/239/103
f 648/242/106 645/241/106 646/243/107
f 646/243/107 647/244/108 648/242/106
f 646/243/107 633/234/98 636/233/98
f 636/233/98 647/244/108 646/243/107
f 652/245/109 649/246/104 650/247/110
f 650/247/110 651/248/111 652/245/109
f 656/247/112 653/246/113 654/245/114
f 654/245/114 655/248/115 656/247/112
f 660/249/116 657/250/117 658/251/118
f 658/251/118 659/252/119 660/249/116
f 664/253/120 661/254/121 662/255/122
f 662/255/122 663/256/123 664/253/120
s 0
f 668/257/124 665/258/124 666/259/124
f 666/259/124 667/260/124 668/257/124
s 1
f 672/261/114 669/262/125 670/263/126
f 670/263/126 671/264/127 672/261/114
f 674/264/128 673/263/129 662/255/122
f 662/255/122 661/254/121 674/264/128
f 658/251/118 657/250/117 675/265/130
f 675/265/130 676/266/131 658/251/118
f 680/266/132 677/265/133 678/267/134
f 678/267/134 679/268/115 680/266/132
f 664/253/120 663/256/123 681/269/135
f 681/269/135 682/270/136 664/253/120
f 686/270/137 683/269/137 684/271/104
f 684/271/104 685/272/109 686/270/137
f 690/273/111 687/274/103 688/275/138
f 688/275/138 689/276/138 690/273/111
f 692/276/139 691/275/139 660/249/116
f 660/249/116 659/252/119 692/276/139
s 0
f 696/277/140 693/278/141 694/279/141
f 694/279/124 695/280/124 696/277/124
f 693/278/142 697/281/142 698/282/142
f 698/282/142 694/279/142 693/278/142
f 697/281/124 699/283/124 700/284/124
f 700/284/124 698/282/124 697/281/124
f 699/283/142 665/258/142 668/257/142
f 668/257/142 700/284/142 699/283/142
f 704/285/26 701/286/26 702/287/26
f 702/287/26 703/288/26 704/285/26
f 708/287/29 705/289/29 706/290/29
f 706/290/29 707/291/29 708/287/29
f 712/288/22 709/287/22 710/291/22
f 710/291/22 711/292/22 712/288/22
f 716/286/143 713/293/143 714/294/143
f 714/294/143 715/287/143 716/286/143
f 720/288/28 717/287/28 718/295/28
f 718/295/28 719/296/28 720/288/28
f 724/287/24 721/288/24 722/296/24
f 722/296/24 723/295/24 724/287/24
f 728/297/26 725/298/26 726/299/26
f 726/299/26 727/300/26 728/297/26
f 732/96/29 729/97/29 730/98/29
f 730/98/29 731/99/29 732/96/29
f 736/301/22 733/101/22 734/102/22
f 734/102/22 735/103/22 736/301/22
f 740/300/28 737/299/28 738/302/28
f 738/302/28 739/303/28 740/300/28
f 744/101/24 741/301/24 742/304/24
f 742/304/24 743/305/24 744/101/24
f 748/108/26 745/109/26 746/110/26
f 746/110/26 747/111/26 748/108/26
f 752/110/28 749/111/28 750/108/28
f 750/108/28 751/109/28 752/110/28
f 756/110/22 753/111/22 754/108/22
f 754/108/22 755/109/22 756/110/22
f 760/110/24 757/111/24 758/108/24
f 758/108/24 759/109/24 760/110/24
f 764/112/72 761/113/72 762/114/72
f 762/114/72 763/115/72 764/112/72
f 768/116/73 765/98/73 766/97/73
f 766/97/73 767/117/73 768/116/73
f 772/115/74 769/114/74 770/118/74
f 770/118/74 771/119/74 772/115/74
f 776/120/75 773/99/75 774/98/75
f 774/98/75 775/116/75 776/120/75
f 780/119/76 777/118/76 778/121/76
f 778/121/76 779/122/76 780/119/76
f 784/123/77 781/96/77 782/99/77
f 782/99/77 783/120/77 784/123/77
f 788/122/78 785/121/78 786/113/78
f 786/113/78 787/112/78 788/122/78
f 792/117/79 789/97/79 790/96/79
f 790/96/79 791/123/79 792/117/79
f 796/124/26 793/125/26 794/126/26
f 794/126/26 795/127/26 796/124/26
s 1
f 800/128/80 797/129/81 798/130/144
f 798/130/144 799/131/83 800/128/80
s 0
f 804/126/22 801/127/22 802/124/22
f 802/124/22 803/125/22 804/126/22
f 808/132/28 805/133/28 806/125/28
f 806/125/28 807/124/28 808/132/28
f 812/132/24 809/133/24 810/125/24
f 810/125/24 811/124/24 812/132/24
f 816/134/26 813/135/26 814/136/26
f 814/136/26 815/137/26 816/134/26
f 820/138/28 817/139/28 818/140/28
f 818/140/28 819/141/28 820/138/28
f 824/142/22 821/137/22 822/134/22
f 822/134/22 823/135/22 824/142/22
f 828/138/24 825/139/24 826/140/24
f 826/140/24 827/143/24 828/138/24
s 1
f 832/144/84 829/145/84 830/146/85
f 830/146/85 831/147/85 832/144/84
f 834/148/86 798/130/144 797/129/81
f 797/129/81 833/149/87 834/148/86
f 831/147/85 830/146/85 835/150/88
f 835/150/88 836/151/88 831/147/85
f 837/152/89 799/131/83 798/130/144
f 798/130/144 834/148/86 837/152/89
f 836/151/88 835/150/88 838/153/90
f 838/153/90 839/154/90 836/151/88
f 840/155/91 800/128/80 799/131/83
f 799/131/83 837/152/89 840/155/91
f 839/154/90 838/153/90 829/145/84
f 829/145/84 832/144/84 839/154/90
f 833/149/87 797/129/81 800/128/80
f 800/128/80 840/155/91 833/149/87
s 0
f 844/306/26 841/307/26 842/308/26
f 842/308/26 843/309/26 844/306/26
f 848/310/143 845/311/143 846/312/143
f 846/312/143 847/313/143 848/310/143
f 852/306/22 849/307/22 850/308/22
f 850/308/22 851/309/22 852/306/22
f 856/314/24 853/309/24 854/315/24
f 854/315/24 855/316/24 856/314/24
f 860/314/28 857/309/28 858/315/28
f 858/315/28 859/316/28 860/314/28
f 864/317/29 861/318/29 862/319/29
f 862/319/29 863/320/29 864/317/29
f 868/321/29 865/318/29 866/322/29
f 866/322/29 867/323/29 868/321/29
f 872/317/29 869/318/29 870/322/29
f 870/322/29 871/320/29 872/317/29
f 876/324/145 873/325/145 874/326/145
f 874/326/146 875/323/146 876/324/146
f 880/327/22 877/328/22 878/329/22
f 878/329/22 879/330/22 880/327/22
f 884/327/24 881/328/24 882/329/24
f 882/329/24 883/330/24 884/327/24
f 888/329/26 885/330/26 886/327/26
f 886/327/26 887/328/26 888/329/26
f 892/329/28 889/330/28 890/327/28
f 890/327/28 891/328/28 892/329/28
f 896/306/26 893/307/26 894/308/26
f 894/308/26 895/309/26 896/306/26
f 900/310/143 897/311/143 898/312/143
f 898/312/143 899/313/143 900/310/143
f 904/306/22 901/307/22 902/308/22
f 902/308/22 903/309/22 904/306/22
f 908/314/24 905/309/24 906/315/24
f 906/315/24 907/316/24 908/314/24
f 912/314/28 909/309/28 910/315/28
f 910/315/28 911/316/28 912/314/28
f 916/317/29 913/318/29 914/319/29
f 914/319/29 915/320/29 916/317/29
f 920/321/29 917/318/29 918/322/29
f 918/322/145 919/323/145 920/321/145
f 924/317/29 921/318/29 922/322/29
f 922/322/29 923/320/29 924/317/29
f 928/324/29 925/325/29 926/326/29
f 926/326/146 927/323/146 928/324/146
f 932/327/22 929/328/22 930/329/22
f 930/329/22 931/330/22 932/327/22
f 936/327/24 933/328/24 934/329/24
f 934/329/24 935/330/24 936/327/24
f 940/329/26 937/330/26 938/327/26
f 938/327/26 939/328/26 940/329/26
f 944/329/28 941/330/28 942/327/28
f 942/327/28 943/328/28 944/329/28
s 1
f 948/216/21 945/217/21 946/218/2
f 946/218/2 947/219/2 948/216/21
f 952/220/2 949/221/2 950/222/24
f 950/222/24 951/223/24 952/220/2
f 951/223/24 950/222/24 953/224/4
f 953/224/4 954/225/4 951/223/24
f 958/216/4 955/217/4 956/218/5
f 956/218/5 957/219/5 958/216/4
f 962/220/5 959/221/5 960/222/28
f 960/222/28 961/223/28 962/220/5
f 961/223/28 960/222/28 963/224/21
f 963/224/21 964/225/21 961/223/28
s 0
f 968/226/29 965/227/29 966/228/29
f 966/228/29 967/229/29 968/226/29
f 970/230/29 965/227/29 968/226/29
f 968/226/29 969/231/29 970/230/29
f 966/228/29 965/227/29 970/230/29
f 970/230/29 971/232/29 966/228/29
s 1
f 975/182/21 972/183/21 973/184/2
f 973/184/2 974/185/2 975/182/21
f 979/186/2 976/187/2 977/188/24
f 977/188/24 978/189/24 979/186/2
f 978/189/24 977/188/24 980/190/4
f 980/190/4 981/191/4 978/189/24
f 985/182/4 982/183/4 983/184/5
f 983/184/5 984/185/5 985/182/4
f 989/186/5 986/187/96 987/188/28
f 987/188/28 988/189/28 989/186/5
f 988/189/28 987/188/28 990/190/21
f 990/190/21 991/191/97 988/189/28
s 0
f 995/192/29 992/193/29 993/194/29
f 993/194/29 994/195/29 995/192/29
f 997/196/29 992/193/29 995/192/29
f 995/192/29 996/197/29 997/196/29
f 993/194/29 992/193/29 997/196/29
f 997/196/29 998/198/29 993/194/29
s 1
f 1002/216/21 999/217/21 1000/218/2
f 1000/218/2 1001/219/2 1002/216/21
f 1006/220/2 1003/221/2 1004/222/24
f 1004/222/24 1005/223/24 1006/220/2
f 1005/223/24 1004/222/24 1007/224/4
f 1007/224/4 1008/225/4 1005/223/24
f 1012/216/4 1009/217/4 1010/218/5
f 1010/218/5 1011/219/5 1012/216/4
f 1016/220/5 1013/221/5 1014/222/28
f 1014/222/28 1015/223/28 1016/220/5
f 1015/223/28 1014/222/28 1017/224/21
f 1017/224/21 1018/225/21 1015/223/28
s 0
f 1022/226/29 1019/227/29 1020/228/29
f 1020/228/29 1021/229/29 1022/226/29
f 1024/230/29 1019/227/29 1022/226/29
f 1022/226/29 1023/231/29 1024/230/29
f 1020/228/29 1019/227/29 1024/230/29
f 1024/230/29 1025/232/29 1020/228/29
s 1
f 1029/199/21 1026/200/21 1027/201/2
f 1027/201/2 1028/202/2 1029/199/21
f 1033/203/2 1030/204/2 1031/205/24
f 1031/205/24 1032/206/24 1033/203/2
f 1032/206/24 1031/205/24 1034/207/4
f 1034/207/4 1035/208/4 1032/206/24
f 1039/199/4 1036/200/4 1037/201/5
f 1037/201/5 1038/202/5 1039/199/4
f 1043/203/5 1040/204/5 1041/205/28
f 1041/205/28 1042/206/28 1043/203/5
f 1042/206/28 1041/205/28 1044/207/21
f 1044/207/21 1045/208/97 1042/206/28
s 0
f 1049/209/29 1046/210/29 1047/211/29
f 1047/211/29 1048/212/29 1049/209/29
f 1051/213/29 1046/210/29 1049/209/29
f 1049/209/29 1050/214/29 1051/213/29
f 1047/211/29 1046/210/29 1051/213/29
f 1051/213/29 1052/215/29 1047/211/29
s 1
f 1056/216/21 1053/217/21 1054/218/2
f 1054/218/2 1055/219/2 1056/216/21
f 1060/220/2 1057/221/2 1058/222/24
f 1058/222/24 1059/223/24 1060/220/2
f 1059/223/24 1058/222/24 1061/224/4
f 1061/224/4 1062/225/4 1059/223/24
f 1066/216/4 1063/217/4 1064/218/5
f 1064/218/5 1065/219/5 1066/216/4
f 1070/220/5 1067/221/5 1068/222/28
f 1068/222/28 1069/223/28 1070/220/5
f 1069/223/28 1068/222/28 1071/224/21
f 1071/224/21 1072/225/21 1069/223/28
s 0
f 1076/226/29 1073/227/29 1074/228/29
f 1074/228/29 1075/229/29 1076/226/29
f 1078/230/29 1073/227/29 1076/226/29
f 1076/226/29 1077/231/29 1078/230/29
f 1074/228/29 1073/227/29 1078/230/29
f 1078/230/29 1079/232/29 1074/228/29
s 1
f 1083/182/21 1080/183/21 1081/184/2
f 1081/184/2 1082/185/2 1083/182/21
f 1087/186/2 1084/187/2 1085/188/24
f 1085/188/24 1086/189/24 1087/186/2
f 1086/189/24 1085/188/24 1088/190/4
f 1088/190/4 1089/191/4 1086/189/24
f 1093/182/4 1090/183/4 1091/184/5
f 1091/184/5 1092/185/5 1093/182/4
f 1097/186/5 1094/187/96 1095/188/28
f 1095/188/28 1096/189/28 1097/186/5
f 1096/189/28 1095/188/28 1098/190/21
f 1098/190/21 1099/191/21 1096/189/28
s 0
f 1103/192/29 1100/193/29 1101/194/29
f 1101/194/29 1102/195/29 1103/192/29
f 1105/196/29 1100/193/29 1103/192/29
f 1103/192/29 1104/197/29 1105/196/29
f 1101/194/29 1100/193/29 1105/196/29
f 1105/196/29 1106/198/29 1101/194/29
s 1
f 1110/216/21 1107/217/21 1108/218/2
f 1108/218/2 1109/219/2 1110/216/21
f 1114/220/2 1111/221/2 1112/222/24
f 1112/222/24 1113/223/24 1114/220/2
f 1113/223/24 1112/222/24 1115/224/4
f 1115/224/4 1116/225/4 1113/223/24
f 1120/216/4 1117/217/4 1118/218/5
f 1118/218/5 1119/219/5 1120/216/4
f 1124/220/5 1121/221/5 1122/222/28
f 1122/222/28 1123/223/28 1124/220/5
f 1123/223/28 1122/222/28 1125/224/21
f 1125/224/21 1126/225/21 1123/223/28
s 0
f 1130/226/29 1127/227/29 1128/228/29
f 1128/228/29 1129/229/29 1130/226/29
f 1132/230/29 1127/227/29 1130/226/29
f 1130/226/29 1131/231/29 1132/230/29
f 1128/228/29 1127/227/29 1132/230/29
f 1132/230/29 1133/232/29 1128/228/29
s 1
f 1137/182/21 1134/183/21 1135/184/2
f 1135/184/2 1136/185/2 1137/182/21
f 1141/186/2 1138/187/2 1139/188/24
f 1139/188/24 1140/189/24 1141/186/2
f 1140/189/24 1139/188/24 1142/190/4
f 1142/190/4 1143/191/4 1140/189/24
f 1147/182/4 1144/183/4 1145/184/5
f 1145/184/5 1146/185/5 1147/182/4
f 1151/186/5 1148/187/96 1149/188/28
f 1149/188/28 1150/189/28 1151/186/5
f 1150/189/28 1149/188/28 1152/190/21
f 1152/190/21 1153/191/21 1150/189/28
s 0
f 1157/192/29 1154/193/29 1155/194/29
f 1155/194/29 1156/195/29 1157/192/29
f 1159/196/29 1154/193/29 1157/192/29
f 1157/192/29 1158/197/29 1159/196/29
f 1155/194/29 1154/193/29 1159/196/29
f 1159/196/29 1160/198/29 1155/194/29
s 1
f 1164/216/21 1161/217/21 1162/218/2
f 1162/218/2 1163/219/2 1164/216/21
f 1168/220/2 1165/221/2 1166/222/24
f 1166/222/24 1167/223/24 1168/220/2
f 1167/223/24 1166/222/24 1169/224/4
f 1169/224/4 1170/225/4 1167/223/24
f 1174/216/4 1171/217/4 1172/218/5
f 1172/218/5 1173/219/5 1174/216/4
f 1178/220/5 1175/221/5 1176/222/28
f 1176/222/28 1177/223/28 1178/220/5
f 1177/223/28 1176/222/28 1179/224/21
f 1179/224/21 1180/225/21 1177/223/28
s 0
f 1184/226/29 1181/227/29 1182/228/29
f 1182/228/29 1183/229/29 1184/226/29
f 1186/230/29 1181/227/29 1184/226/29
f 1184/226/29 1185/231/29 1186/230/29
f 1182/228/29 1181/227/29 1186/230/29
f 1186/230/29 1187/232/29 1182/228/29
s 1
f 1191/182/21 1188/183/21 1189/184/2
f 1189/184/2 1190/185/2 1191/182/21
f 1195/186/2 1192/187/2 1193/188/24
f 1193/188/24 1194/189/24 1195/186/2
f 1194/189/24 1193/188/24 1196/190/4
f 1196/190/4 1197/191/4 1194/189/24
f 1201/182/4 1198/183/4 1199/184/5
f 1199/184/5 1200/185/5 1201/182/4
f 1205/186/5 1202/187/5 1203/188/28
f 1203/188/28 1204/189/28 1205/186/5
f 1204/189/28 1203/188/28 1206/190/21
f 1206/190/21 1207/191/97 1204/189/28
s 0
f 1211/192/29 1208/193/29 1209/194/29
f 1209/194/29 1210/195/29 1211/192/29
f 1213/196/29 1208/193/29 1211/192/29
f 1211/192/29 1212/197/29 1213/196/29
f 1209/194/29 1208/193/29 1213/196/29
f 1213/196/29 1214/198/29 1209/194/29
f 1218/331/24 1215/332/24 1216/333/24
f 1216/333/24 1217/334/24 1218/331/24
f 1222/335/147 1219/336/147 1220/337/147
f 1220/337/147 1221/338/147 1222/335/147
f 1226/332/28 1223/331/28 1224/334/28
f 1224/334/28 1225/339/28 1226/332/28
f 1230/335/148 1227/336/148 1228/337/148
f 1228/337/148 1229/338/148 1230/335/148
s 1
f 1234/1/1 1231/2/1 1232/3/2
f 1232/3/2 1233/4/2 1234/1/1
f 1238/5/2 1235/6/2 1236/7/149
f 1236/7/149 1237/8/150 1238/5/2
f 1237/8/150 1236/7/149 1239/9/4
f 1239/9/4 1240/10/4 1237/8/150
f 1240/10/4 1239/9/4 1241/11/151
f 1241/11/151 1242/12/151 1240/10/4
f 1242/12/151 1241/11/151 1243/13/152
f 1243/13/152 1244/14/152 1242/12/151
f 1244/14/152 1243/13/152 1231/2/1
f 1231/2/1 1234/1/1 1244/14/152
f 1248/15/7 1245/16/8 1246/17/153
f 1246/17/153 1247/18/154 1248/15/7
f 1247/18/154 1246/17/153 1249/19/11
f 1249/19/11 1250/20/155 1247/18/154
f 1254/21/12 1251/22/11 1252/23/13
f 1252/23/13 1253/24/14 1254/21/12
f 1258/16/156 1255/15/13 1256/18/157
f 1256/18/157 1257/17/16 1258/16/156
f 1257/17/16 1256/18/157 1259/20/17
f 1259/20/17 1260/19/18 1257/17/16
f 1264/21/18 1261/22/158 1262/23/8
f 1262/23/8 1263/24/7 1264/21/18
s 0
f 1268/306/26 1265/307/26 1266/308/26
f 1266/308/26 1267/309/26 1268/306/26
f 1272/310/143 1269/311/143 1270/312/143
f 1270/312/143 1271/313/143 1272/310/143
f 1276/306/22 1273/307/22 1274/308/22
f 1274/308/22 1275/309/22 1276/306/22
f 1280/314/24 1277/309/24 1278/315/24
f 1278/315/24 1279/316/24 1280/314/24
f 1284/314/28 1281/309/28 1282/315/28
f 1282/315/28 1283/316/28 1284/314/28
f 1288/317/29 1285/318/29 1286/319/29
f 1286/319/29 1287/320/29 1288/317/29
f 1292/321/29 1289/318/29 1290/322/29
f 1290/322/29 1291/323/29 1292/321/29
f 1296/317/29 1293/318/29 1294/322/29
f 1294/322/29 1295/320/29 1296/317/29
f 1300/324/145 1297/325/145 1298/326/145
f 1298/326/146 1299/323/146 1300/324/146
f 1304/327/22 1301/328/22 1302/329/22
f 1302/329/22 1303/330/22 1304/327/22
f 1308/327/24 1305/328/24 1306/329/24
f 1306/329/24 1307/330/24 1308/327/24
f 1312/329/26 1309/330/26 1310/327/26
f 1310/327/26 1311/328/26 1312/329/26
f 1316/329/28 1313/330/28 1314/327/28
f 1314/327/28 1315/328/28 1316/329/28
f 1320/331/24 1317/332/24 1318/333/24
f 1318/333/24 1319/334/24 1320/331/24
f 1324/335/147 1321/336/147 1322/337/147
f 1322/337/147 1323/338/147 1324/335/147
f 1328/332/28 1325/331/28 1326/334/28
f 1326/334/28 1327/339/28 1328/332/28
f 1332/335/148 1329/336/148 1330/337/148
f 1330/337/148 1331/338/148 1332/335/148
f 1336/340/26 1333/341/26 1334/342/26
f 1334/342/26 1335/343/26 1336/340/26
f 1340/340/22 1337/341/22 1338/342/22
f 1338/342/22 1339/343/22 1340/340/22
f 1344/340/28 1341/341/28 1342/342/28
f 1342/342/28 1343/343/28 1344/340/28
f 1348/340/24 1345/341/24 1346/342/24
f 1346/342/24 1347/343/24 1348/340/24
f 1352/344/29 1349/345/29 1350/346/29
f 1350/346/29 1351/347/29 1352/344/29
f 1351/347/29 1350/346/29 1353/348/29
f 1353/348/29 1354/349/29 1351/347/29
f 1354/349/29 1353/348/29 1355/350/29
f 1355/350/29 1356/351/29 1354/349/29
f 1356/351/29 1355/350/29 1349/345/29
f 1349/345/29 1352/344/29 1356/351/29
f 1360/352/28 1357/353/28 1358/354/28
f 1358/354/28 1359/355/28 1360/352/28
f 1364/354/22 1361/355/22 1362/352/22
f 1362/352/22 1363/353/22 1364/354/22
f 1368/354/24 1365/355/24 1366/352/24
f 1366/352/24 1367/353/24 1368/354/24
f 1372/352/26 1369/353/26 1370/354/26
f 1370/354/26 1371/355/26 1372/352/26
s 1
f 1376/356/159 1373/357/159 1374/358/160
f 1374/358/160 1375/359/160 1376/356/159
f 1375/359/160 1374/358/160 1377/360/161
f 1377/360/161 1378/361/161 1375/359/160
f 1378/361/161 1377/360/161 1379/362/22
f 1379/362/22 1380/363/22 1378/361/161
f 1384/364/22 1381/365/162 1382/366/163
f 1382/366/163 1383/367/163 1384/364/22
f 1383/367/163 1382/366/163 1385/368/164
f 1385/368/164 1386/369/165 1383/367/163
f 1386/369/165 1385/368/164 1387/370/166
f 1387/370/166 1388/371/166 1386/369/165
f 1388/371/166 1387/370/166 1389/372/24
f 1389/372/24 1390/373/24 1388/371/166
f 1390/373/24 1389/372/24 1391/374/167
f 1391/374/167 1392/375/167 1390/373/24
f 1392/375/167 1391/374/167 1393/376/168
f 1393/376/168 1394/377/168 1392/375/167
f 1394/377/168 1393/376/168 1395/378/169
f 1395/378/169 1396/379/169 1394/377/168
f 1396/379/169 1395/378/169 1397/380/26
f 1397/380/26 1398/381/26 1396/379/169
f 1398/381/26 1397/380/26 1399/382/170
f 1399/382/170 1400/383/170 1398/381/26
f 1400/383/170 1399/382/170 1401/384/171
f 1401/384/171 1402/385/171 1400/383/170
f 1402/385/171 1401/384/171 1403/386/172
f 1403/386/172 1404/387/172 1402/385/171
f 1404/387/172 1403/386/172 1405/388/28
f 1405/388/28 1406/389/28 1404/387/172
f 1406/389/28 1405/388/28 1373/357/159
f 1373/357/159 1376/356/159 1406/389/28
s 0
f 1407/390/143 1408/391/143 1409/392/143
f 1410/393/143 1407/390/143 1409/392/143
f 1411/394/143 1410/393/143 1409/392/143
f 1412/395/143 1411/394/143 1409/392/143
f 1413/396/143 1412/395/143 1409/392/143
f 1414/397/143 1413/396/143 1409/392/143
f 1415/398/143 1414/397/143 1409/392/143
f 1416/399/143 1415/398/143 1409/392/143
f 1417/400/143 1416/399/143 1409/392/143
f 1418/401/143 1417/400/143 1409/392/143
f 1419/402/143 1418/401/143 1409/392/143
f 1420/403/143 1419/402/143 1409/392/143
f 1421/404/143 1420/403/143 1409/392/143
f 1422/405/143 1421/404/143 1409/392/143
f 1423/406/143 1422/405/143 1409/392/143
f 1408/391/143 1423/406/143 1409/392/143
f 1424/407/29 1425/408/29 1426/409/29
f 1425/408/29 1427/410/29 1426/409/29
f 1427/410/29 1428/411/29 1426/409/29
f 1428/411/29 1429/412/29 1426/409/29
f 1429/412/29 1430/413/29 1426/409/29
f 1430/413/29 1431/414/29 1426/409/29
f 1431/414/29 1432/415/29 1426/409/29
f 1432/415/29 1433/416/29 1426/409/29
f 1433/416/29 1434/417/29 1426/409/29
f 1434/417/29 1435/418/29 1426/409/29
f 1435/418/29 1436/419/29 1426/409/29
f 1436/419/29 1437/420/29 1426/409/29
f 1437/420/29 1438/421/29 1426/409/29
f 1438/421/29 1439/422/29 1426/409/29
f 1439/422/29 1440/423/29 1426/409/29
f 1440/423/29 1424/407/29 1426/409/29
s 1
f 1444/424/173 1441/425/174 1442/426/175
f 1442/426/175 1443/427/176 1444/424/173
f 1443/427/176 1442/426/175 1445/428/177
f 1445/428/177 1446/429/178 1443/427/176
f 1446/429/178 1445/428/177 1447/430/179
f 1447/430/179 1448/431/180 1446/429/178
f 1452/432/180 1449/433/181 1450/434/182
f 1450/434/182 1451/435/183 1452/432/180
f 1451/435/183 1450/434/182 1453/436/184
f 1453/436/184 1454/437/185 1451/435/183
f 1454/437/185 1453/436/184 1455/438/186
f 1455/438/186 1456/439/187 1454/437/185
f 1456/439/187 1455/438/186 1457/440/188
f 1457/440/188 1458/441/189 1456/439/187
f 1458/441/189 1457/440/188 1459/442/190
f 1459/442/190 1460/443/191 1458/441/189
f 1460/443/191 1459/442/190 1461/444/192
f 1461/444/192 1462/445/193 1460/443/191
f 1462/445/193 1461/444/192 1463/446/194
f 1463/446/194 1464/447/195 1462/445/193
f 1464/447/195 1463/446/194 1465/448/196
f 1465/448/196 1466/449/197 1464/447/195
f 1466/449/197 1465/448/196 1467/450/198
f 1467/450/198 1468/451/199 1466/449/197
f 1468/451/199 1467/450/198 1469/452/200
f 1469/452/200 1470/453/201 1468/451/199
f 1470/453/201 1469/452/200 1471/454/202
f 1471/454/202 1472/455/203 1470/453/201
f 1472/455/203 1471/454/202 1473/456/204
f 1473/456/204 1474/457/205 1472/455/203
f 1474/457/205 1473/456/204 1441/425/174
f 1441/425/174 1444/424/173 1474/457/205
f 1476/458/206 1444/424/173 1443/427/176
f 1443/427/176 1475/459/207 1476/458/206
f 1475/459/207 1443/427/176 1446/429/178
f 1446/429/178 1477/460/208 1475/459/207
f 1477/460/208 1446/429/178 1448/431/180
f 1448/431/180 1478/461/209 1477/460/208
f 1480/462/209 1452/432/180 1451/435/183
f 1451/435/183 1479/463/210 1480/462/209
f 1479/463/210 1451/435/183 1454/437/185
f 1454/437/185 1481/464/211 1479/463/210
f 1481/464/211 1454/437/185 1456/439/187
f 1456/439/187 1482/465/212 1481/464/211
f 1482/465/212 1456/439/187 1458/441/189
f 1458/441/189 1483/466/213 1482/465/212
f 1483/466/213 1458/441/189 1460/443/191
f 1460/443/191 1484/467/214 1483/466/213
f 1484/467/214 1460/443/191 1462/445/193
f 1462/445/193 1485/468/215 1484/467/214
f 1485/468/215 1462/445/193 1464/447/195
f 1464/447/195 1486/469/216 1485/468/215
f 1486/469/216 1464/447/195 1466/449/197
f 1466/449/197 1487/470/217 1486/469/216
f 1487/470/217 1466/449/197 1468/451/199
f 1468/451/199 1488/471/218 1487/470/217
f 1488/471/218 1468/451/199 1470/453/201
f 1470/453/201 1489/472/219 1488/471/218
f 1489/472/219 1470/453/201 1472/455/203
f 1472/455/203 1490/473/220 1489/472/219
f 1490/473/220 1472/455/203 1474/457/205
f 1474/457/205 1491/474/221 1490/473/220
f 1491/474/221 1474/457/205 1444/424/173
f 1444/424/173 1476/458/206 1491/474/221
f 1495/475/159 1492/476/159 1493/477/222
f 1493/477/222 1494/478/222 1495/475/159
f 1494/478/222 1493/477/222 1496/479/161
f 1496/479/161 1497/480/161 1494/478/222
f 1497/480/161 1496/479/161 1498/481/22
f 1498/481/22 1499/482/22 1497/480/161
f 1503/483/22 1500/484/22 1501/485/163
f 1501/485/163 1502/486/163 1503/483/22
f 1502/486/163 1501/485/163 1504/487/164
f 1504/487/164 1505/488/164 1502/486/163
f 1505/488/164 1504/487/164 1506/489/166
f 1506/489/166 1507/490/166 1505/488/164
f 1507/490/166 1506/489/166 1508/491/24
f 1508/491/24 1509/492/24 1507/490/166
f 1509/492/24 1508/491/24 1510/493/167
f 1510/493/167 1511/494/167 1509/492/24
f 1511/494/167 1510/493/167 1512/495/168
f 1512/495/168 1513/496/168 1511/494/167
f 1513/496/168 1512/495/168 1514/497/223
f 1514/497/223 1515/498/223 1513/496/168
f 1515/498/223 1514/497/223 1516/499/26
f 1516/499/26 1517/500/26 1515/498/223
f 1517/500/26 1516/499/26 1518/501/224
f 1518/501/224 1519/502/224 1517/500/26
f 1519/502/224 1518/501/224 1520/503/225
f 1520/503/225 1521/504/225 1519/502/224
f 1521/504/225 1520/503/225 1522/505/172
f 1522/505/172 1523/506/172 1521/504/225
f 1523/506/172 1522/505/172 1524/507/28
f 1524/507/28 1525/508/28 1523/506/172
f 1525/508/28 1524/507/28 1492/476/159
f 1492/476/159 1495/475/159 1525/508/28
f 1529/509/226 1526/510/227 1527/511/228
f 1527/511/228 1528/512/229 1529/509/226
f 1531/513/230 1530/514/231 1526/510/227
f 1526/510/227 1529/509/226 1531/513/230
f 1533/515/232 1532/433/233 1530/514/231
f 1530/514/231 1531/513/230 1533/515/232
f 1537/516/234 1534/517/235 1535/518/236
f 1535/518/236 1536/519/232 1537/516/234
f 1539/520/237 1538/521/238 1534/517/235
f 1534/517/235 1537/516/234 1539/520/237
f 1541/522/239 1540/523/240 1538/521/238
f 1538/521/238 1539/520/237 1541/522/239
f 1543/524/241 1542/525/242 1540/523/240
f 1540/523/240 1541/522/239 1543/524/241
f 1545/526/243 1544/527/244 1542/525/242
f 1542/525/242 1543/524/241 1545/526/243
f 1547/528/245 1546/529/246 1544/527/244
f 1544/527/244 1545/526/243 1547/528/245
f 1549/530/247 1548/531/248 1546/529/246
f 1546/529/246 1547/528/245 1549/530/247
f 1551/532/249 1550/533/250 1548/531/248
f 1548/531/248 1549/530/247 1551/532/249
f 1553/534/251 1552/535/252 1550/533/250
f 1550/533/250 1551/532/249 1553/534/251
f 1555/536/253 1554/537/254 1552/535/252
f 1552/535/252 1553/534/251 1555/536/253
f 1557/538/255 1556/539/256 1554/537/254
f 1554/537/254 1555/536/253 1557/538/255
f 1559/540/257 1558/541/258 1556/539/256
f 1556/539/256 1557/538/255 1559/540/257
f 1528/512/229 1527/511/228 1558/541/258
f 1558/541/258 1559/540/257 1528/512/229
f 1561/542/259 1529/509/226 1528/512/229
f 1528/512/229 1560/543/260 1561/542/259
f 1562/544/261 1531/513/230 1529/509/226
f 1529/509/226 1561/542/259 1562/544/261
f 1563/545/262 1533/515/232 1531/513/230
f 1531/513/230 1562/544/261 1563/545/262
f 1565/546/263 1537/516/234 1536/519/232
f 1536/519/232 1564/547/262 1565/546/263
f 1566/548/264 1539/520/237 1537/516/234
f 1537/516/234 1565/546/263 1566/548/264
f 1567/549/265 1541/522/239 1539/520/237
f 1539/520/237 1566/548/264 1567/549/265
f 1568/550/266 1543/524/241 1541/522/239
f 1541/522/239 1567/549/265 1568/550/266
f 1569/551/267 1545/526/243 1543/524/241
f 1543/524/241 1568/550/266 1569/551/267
f 1570/552/268 1547/528/245 1545/526/243
f 1545/526/243 1569/551/267 1570/552/268
f 1571/553/269 1549/530/247 1547/528/245
f 1547/528/245 1570/552/268 1571/553/269
f 1572/554/270 1551/532/249 1549/530/247
f 1549/530/247 1571/553/269 1572/554/270
f 1573/555/271 1553/534/251 1551/532/249
f 1551/532/249 1572/554/270 1573/555/271
f 1574/556/272 1555/536/253 1553/534/251
f 1553/534/251 1573/555/271 1574/556/272
f 1575/557/273 1557/538/255 1555/536/253
f 1555/536/253 1574/556/272 1575/557/273
f 1576/558/274 1559/540/257 1557/538/255
f 1557/538/255 1575/557/273 1576/558/274
f 1560/543/260 1528/512/229 1559/540/257
f 1559/540/257 1576/558/274 1560/543/260
f 1580/559/160 1577/560/160 1578/561/159
f 1578/561/159 1579/562/159 1580/559/160
f 1582/563/161 1581/564/161 1577/560/160
f 1577/560/160 1580/559/160 1582/563/161
f 1584/483/61 1583/484/61 1581/564/161
f 1581/564/161 1582/563/161 1584/483/61
f 1588/565/163 1585/566/275 1586/567/62
f 1586/567/62 1587/568/62 1588/565/163
f 1590/569/276 1589/570/276 1585/566/275
f 1585/566/275 1588/565/163 1590/569/276
f 1592/475/166 1591/476/166 1589/570/276
f 1589/570/276 1590/569/276 1592/475/166
f 1594/571/24 1593/572/24 1591/476/166
f 1591/476/166 1592/475/166 1594/571/24
f 1596/573/167 1595/574/167 1593/572/24
f 1593/572/24 1594/571/24 1596/573/167
f 1598/504/168 1597/503/168 1595/574/167
f 1595/574/167 1596/573/167 1598/504/168
f 1600/575/223 1599/576/223 1597/503/168
f 1597/503/168 1598/504/168 1600/575/223
f 1602/577/26 1601/578/26 1599/576/223
f 1599/576/223 1600/575/223 1602/577/26
f 1604/579/277 1603/580/277 1601/578/26
f 1601/578/26 1602/577/26 1604/579/277
f 1606/496/225 1605/495/225 1603/580/277
f 1603/580/277 1604/579/277 1606/496/225
f 1608/581/172 1607/582/172 1605/495/225
f 1605/495/225 1606/496/225 1608/581/172
f 1610/492/28 1609/491/28 1607/582/172
f 1607/582/172 1608/581/172 1610/492/28
f 1579/562/159 1578/561/159 1609/491/28
f 1609/491/28 1610/492/28 1579/562/159
f 1614/182/21 1611/183/21 1612/184/2
f 1612/184/2 1613/185/2 1614/182/21
f 1618/186/2 1615/187/2 1616/188/24
f 1616/188/24 1617/189/24 1618/186/2
f 1617/189/24 1616/188/24 1619/190/4
f 1619/190/4 1620/191/4 1617/189/24
f 1624/182/4 1621/183/4 1622/184/5
f 1622/184/5 1623/185/5 1624/182/4
f 1628/186/5 1625/187/96 1626/188/28
f 1626/188/28 1627/189/28 1628/186/5
f 1627/189/28 1626/188/28 1629/190/21
f 1629/190/21 1630/191/21 1627/189/28
s 0
f 1634/192/29 1631/193/29 1632/194/29
f 1632/194/29 1633/195/29 1634/192/29
f 1636/196/29 1631/193/29 1634/192/29
f 1634/192/29 1635/197/29 1636/196/29
f 1632/194/29 1631/193/29 1636/196/29
f 1636/196/29 1637/198/29 1632/194/29
s 1
f 1641/182/21 1638/183/21 1639/184/2
f 1639/184/2 1640/185/2 1641/182/21
f 1645/186/2 1642/187/2 1643/188/24
f 1643/188/24 1644/189/24 1645/186/2
f 1644/189/24 1643/188/24 1646/190/4
f 1646/190/4 1647/191/4 1644/189/24
f 1651/182/4 1648/183/4 1649/184/5
f 1649/184/5 1650/185/5 1651/182/4
f 1655/186/5 1652/187/96 1653/188/28
f 1653/188/28 1654/189/28 1655/186/5
f 1654/189/28 1653/188/28 1656/190/21
f 1656/190/21 1657/191/21 1654/189/28
s 0
f 1661/192/29 1658/193/29 1659/194/29
f 1659/194/29 1660/195/29 1661/192/29
f 1663/196/29 1658/193/29 1661/192/29
f 1661/192/29 1662/197/29 1663/196/29
f 1659/194/29 1658/193/29 1663/196/29
f 1663/196/29 1664/198/29 1659/194/29
s 1
f 1668/216/21 1665/217/21 1666/218/2
f 1666/218/2 1667/219/2 1668/216/21
f 1672/220/2 1669/221/2 1670/222/24
f 1670/222/24 1671/223/24 1672/220/2
f 1671/223/24 1670/222/24 1673/224/4
f 1673/224/4 1674/225/4 1671/223/24
f 1678/216/4 1675/217/4 1676/218/5
f 1676/218/5 1677/219/5 1678/216/4
f 1682/220/5 1679/221/5 1680/222/28
f 1680/222/28 1681/223/28 1682/220/5
f 1681/223/28 1680/222/28 1683/224/21
f 1683/224/21 1684/225/21 1681/223/28
s 0
f 1688/226/29 1685/227/29 1686/228/29
f 1686/228/29 1687/229/29 1688/226/29
f 1690/230/29 1685/227/29 1688/226/29
f 1688/226/29 1689/231/29 1690/230/29
f 1686/228/29 1685/227/29 1690/230/29
f 1690/230/29 1691/232/29 1686/228/29
s 1
f 1695/199/21 1692/200/21 1693/201/2
f 1693/201/2 1694/202/2 1695/199/21
f 1699/203/2 1696/204/2 1697/205/24
f 1697/205/24 1698/206/24 1699/203/2
f 1698/206/24 1697/205/24 1700/207/4
f 1700/207/4 1701/208/4 1698/206/24
f 1705/199/4 1702/200/4 1703/201/5
f 1703/201/5 1704/202/5 1705/199/4
f 1709/203/5 1706/204/5 1707/205/28
f 1707/205/28 1708/206/28 1709/203/5
f 1708/206/28 1707/205/28 1710/207/21
f 1710/207/21 1711/208/21 1708/206/28
s 0
f 1715/209/29 1712/210/29 1713/211/29
f 1713/211/29 1714/212/29 1715/209/29
f 1717/213/29 1712/210/29 1715/209/29
f 1715/209/29 1716/214/29 1717/213/29
f 1713/211/29 1712/210/29 1717/213/29
f 1717/213/29 1718/215/29 1713/211/29
s 1
f 1722/182/21 1719/183/21 1720/184/2
f 1720/184/2 1721/185/2 1722/182/21
f 1726/186/2 1723/187/2 1724/188/24
f 1724/188/24 1725/189/24 1726/186/2
f 1725/189/24 1724/188/24 1727/190/4
f 1727/190/4 1728/191/4 1725/189/24
f 1732/182/4 1729/183/4 1730/184/5
f 1730/184/5 1731/185/5 1732/182/4
f 1736/186/5 1733/187/96 1734/188/28
f 1734/188/28 1735/189/28 1736/186/5
f 1735/189/28 1734/188/28 1737/190/21
f 1737/190/21 1738/191/21 1735/189/28
s 0
f 1742/192/29 1739/193/29 1740/194/29
f 1740/194/29 1741/195/29 1742/192/29
f 1744/196/29 1739/193/29 1742/192/29
f 1742/192/29 1743/197/29 1744/196/29
f 1740/194/29 1739/193/29 1744/196/29
f 1744/196/29 1745/198/29 1740/194/29
s 1
f 1749/199/21 1746/200/21 1747/201/2
f 1747/201/2 1748/202/2 1749/199/21
f 1753/203/2 1750/204/2 1751/205/24
f 1751/205/24 1752/206/24 1753/203/2
f 1752/206/24 1751/205/24 1754/207/4
f 1754/207/4 1755/208/4 1752/206/24
f 1759/199/4 1756/200/4 1757/201/5
f 1757/201/5 1758/202/5 1759/199/4
f 1763/203/5 1760/204/5 1761/205/28
f 1761/205/28 1762/206/28 1763/203/5
f 1762/206/28 1761/205/28 1764/207/21
f 1764/207/21 1765/208/21 1762/206/28
s 0
f 1769/209/29 1766/210/29 1767/211/29
f 1767/211/29 1768/212/29 1769/209/29
f 1771/213/29 1766/210/29 1769/209/29
f 1769/209/29 1770/214/29 1771/213/29
f 1767/211/29 1766/210/29 1771/213/29
f 1771/213/29 1772/215/29 1767/211/29
s 1
f 1776/182/21 1773/183/21 1774/184/2
f 1774/184/2 1775/185/2 1776/182/21
f 1780/186/2 1777/187/2 1778/188/24
f 1778/188/24 1779/189/24 1780/186/2
f 1779/189/24 1778/188/24 1781/190/4
f 1781/190/4 1782/191/4 1779/189/24
f 1786/182/4 1783/183/4 1784/184/5
f 1784/184/5 1785/185/5 1786/182/4
f 1790/186/5 1787/187/5 1788/188/28
f 1788/188/28 1789/189/28 1790/186/5
f 1789/189/28 1788/188/28 1791/190/21
f 1791/190/21 1792/191/97 1789/189/28
s 0
f 1796/192/29 1793/193/29 1794/194/29
f 1794/194/29 1795/195/29 1796/192/29
f 1798/196/29 1793/193/29 1796/192/29
f 1796/192/29 1797/197/29 1798/196/29
f 1794/194/29 1793/193/29 1798/196/29
f 1798/196/29 1799/198/29 1794/194/29
s 1
f 1803/216/21 1800/217/21 1801/218/2
f 1801/218/2 1802/219/2 1803/216/21
f 1807/220/2 1804/221/2 1805/222/24
f 1805/222/24 1806/223/24 1807/220/2
f 1806/223/24 1805/222/24 1808/224/4
f 1808/224/4 1809/225/4 1806/223/24
f 1813/216/4 1810/217/4 1811/218/5
f 1811/218/5 1812/219/5 1813/216/4
f 1817/220/5 1814/221/5 1815/222/28
f 1815/222/28 1816/223/28 1817/220/5
f 1816/223/28 1815/222/28 1818/224/21
f 1818/224/21 1819/225/21 1816/223/28
s 0
f 1823/226/29 1820/227/29 1821/228/29
f 1821/228/29 1822/229/29 1823/226/29
f 1825/230/29 1820/227/29 1823/226/29
f 1823/226/29 1824/231/29 1825/230/29
f 1821/228/29 1820/227/29 1825/230/29
f 1825/230/29 1826/232/29 1821/228/29
f 1830/583/26 1827/584/26 1828/585/26
f 1828/585/26 1829/586/26 1830/583/26
f 1834/587/29 1831/588/29 1832/589/29
f 1832/589/29 1833/590/29 1834/587/29
f 1838/591/22 1835/592/22 1836/593/22
f 1836/593/22 1837/594/22 1838/591/22
f 1842/595/143 1839/596/143 1840/597/143
f 1840/597/143 1841/598/143 1842/595/143
f 1846/599/28 1843/600/28 1844/601/28
f 1844/601/28 1845/602/28 1846/599/28
f 1848/603/26 1830/583/26 1829/586/26
f 1829/586/26 1847/604/26 1848/603/26
f 1850/605/29 1834/587/29 1833/590/29
f 1833/590/29 1849/606/29 1850/605/29
f 1854/607/22 1851/608/22 1852/609/22
f 1852/609/22 1853/610/22 1854/607/22
f 1856/611/143 1842/595/143 1841/598/143
f 1841/598/143 1855/612/143 1856/611/143
f 1860/613/24 1857/614/24 1858/615/24
f 1858/615/24 1859/616/24 1860/613/24
f 1864/617/29 1861/618/29 1862/619/29
f 1862/619/29 1863/620/29 1864/617/29
f 1866/621/28 1845/602/28 1844/601/28
f 1844/601/28 1865/622/28 1866/621/28
f 1868/623/143 1855/612/143 1841/598/143
f 1841/598/143 1867/624/143 1868/623/143
f 1872/625/26 1869/626/26 1870/627/26
f 1870/627/26 1871/628/26 1872/625/26
f 1871/628/26 1870/627/26 1873/629/26
f 1873/629/26 1874/630/26 1871/628/26
f 1876/631/26 1875/632/26 1869/626/26
f 1869/626/26 1872/625/26 1876/631/26
f 1874/630/26 1873/629/26 1877/633/26
f 1877/633/26 1878/634/26 1874/630/26
f 1878/634/26 1877/633/26 1879/635/26
f 1879/635/26 1880/636/26 1878/634/26
f 1880/636/26 1879/635/26 1875/632/26
f 1875/632/26 1876/631/26 1880/636/26
f 1884/637/28 1881/638/28 1882/639/28
f 1882/639/28 1883/640/28 1884/637/28
f 1888/641/29 1885/642/29 1886/643/29
f 1886/643/29 1887/644/29 1888/641/29
f 1892/645/143 1889/646/143 1890/647/143
f 1890/647/143 1891/648/143 1892/645/143
f 1896/649/29 1893/650/29 1894/651/29
f 1894/651/29 1895/652/29 1896/649/29
f 1900/637/24 1897/638/24 1898/639/24
f 1898/639/24 1899/640/24 1900/637/24
f 1904/653/143 1901/654/143 1902/655/143
f 1902/655/143 1903/656/143 1904/653/143
f 1908/657/28 1905/658/28 1906/659/28
f 1906/659/28 1907/660/28 1908/657/28
f 1912/661/28 1909/662/28 1910/663/28
f 1910/663/28 1911/664/28 1912/661/28
f 1911/664/28 1910/663/28 1905/658/28
f 1905/658/28 1908/657/28 1911/664/28
f 1907/660/28 1906/659/28 1913/665/28
f 1913/665/28 1914/666/28 1907/660/28
f 1914/666/28 1913/665/28 1915/667/28
f 1915/667/28 1916/668/28 1914/666/28
f 1916/668/28 1915/667/28 1909/662/28
f 1909/662/28 1912/661/28 1916/668/28
f 1920/669/29 1917/670/29 1918/671/29
f 1918/671/29 1919/672/29 1920/669/29
f 1924/669/143 1921/670/143 1922/671/143
f 1922/671/143 1923/673/143 1924/669/143
f 1928/674/22 1925/675/22 1926/676/22
f 1926/676/22 1927/677/22 1928/674/22
f 1932/678/29 1929/679/29 1930/680/29
f 1930/680/29 1931/681/29 1932/678/29
f 1936/674/26 1933/675/26 1934/676/26
f 1934/676/26 1935/677/26 1936/674/26
f 1940/680/143 1937/681/143 1938/678/143
f 1938/678/143 1939/679/143 1940/680/143
f 1944/682/29 1941/683/29 1942/684/29
f 1942/684/29 1943/685/29 1944/682/29
f 1943/685/29 1942/684/29 1945/686/29
f 1945/686/29 1946/687/29 1943/685/29
f 1948/688/29 1947/689/29 1941/683/29
f 1941/683/29 1944/682/29 1948/688/29
f 1946/687/29 1945/686/29 1949/690/29
f 1949/690/29 1950/691/29 1946/687/29
f 1950/691/29 1949/690/29 1951/692/29
f 1951/692/29 1952/693/29 1950/691/29
f 1952/693/29 1951/692/29 1947/689/29
f 1947/689/29 1948/688/29 1952/693/29
f 1954/694/29 1947/689/29 1951/692/29
f 1951/692/29 1953/695/29 1954/694/29
f 1953/695/29 1951/692/29 1955/696/29
f 1955/696/29 1956/697/29 1953/695/29
f 1956/697/29 1955/696/29 1957/698/29
f 1957/698/29 1958/699/29 1956/697/29
f 1958/699/29 1957/698/29 1947/689/29
f 1947/689/29 1954/694/29 1958/699/29
f 1962/700/28 1959/701/28 1960/702/28
f 1960/702/28 1961/703/28 1962/700/28
f 1966/704/22 1963/705/22 1964/706/22
f 1964/706/22 1965/707/22 1966/704/22
f 1970/706/26 1967/707/26 1968/704/26
f 1968/704/26 1969/705/26 1970/706/26
f 1974/704/22 1971/705/22 1972/706/22
f 1972/706/22 1973/707/22 1974/704/22
f 1978/700/24 1975/701/24 1976/702/24
f 1976/702/24 1977/703/24 1978/700/24
f 1982/706/26 1979/707/26 1980/704/26
f 1980/704/26 1981/705/26 1982/706/26
f 1986/708/22 1983/709/22 1984/710/22
f 1984/710/22 1985/711/22 1986/708/22
f 1985/711/22 1984/710/22 1987/712/22
f 1987/712/22 1988/713/22 1985/711/22
f 1988/713/22 1987/712/22 1989/714/22
f 1989/714/22 1990/715/22 1988/713/22
f 1990/715/22 1989/714/22 1983/709/22
f 1983/709/22 1986/708/22 1990/715/22
f 1994/716/22 1991/717/22 1992/718/22
f 1992/718/22 1993/719/22 1994/716/22
f 1993/719/22 1992/718/22 1995/720/22
f 1995/720/22 1996/721/22 1993/719/22
f 1996/721/22 1995/720/22 1997/722/22
f 1997/722/22 1998/723/22 1996/721/22
f 1998/723/22 1997/722/22 1991/717/22
f 1991/717/22 1994/716/22 1998/723/22
f 2002/724/24 1999/725/24 2000/726/24
f 2000/726/24 2001/727/24 2002/724/24
f 2001/727/24 2000/726/24 2003/728/24
f 2003/728/24 2004/729/24 2001/727/24
f 2004/729/24 2003/728/24 2005/730/24
f 2005/730/24 2006/731/24 2004/729/24
f 2006/731/24 2005/730/24 1999/725/24
f 1999/725/24 2002/724/24 2006/731/24
f 2010/732/28 2007/733/28 2008/734/28
f 2008/734/28 2009/735/28 2010/732/28
f 2014/736/143 2011/737/143 2012/738/143
f 2012/738/143 2013/739/143 2014/736/143
f 2018/732/24 2015/733/24 2016/734/24
f 2016/734/24 2017/735/24 2018/732/24
f 2022/738/29 2019/739/29 2020/736/29
f 2020/736/29 2021/737/29 2022/738/29
f 2026/740/28 2023/741/28 2024/742/28
f 2024/742/28 2025/743/28 2026/740/28
f 2030/744/143 2027/745/143 2028/746/143
f 2028/746/143 2029/747/143 2030/744/143
f 2034/742/24 2031/743/24 2032/740/24
f 2032/740/24 2033/741/24 2034/742/24
f 2038/748/29 2035/747/29 2036/749/29
f 2036/749/29 2037/750/29 2038/748/29
f 2042/751/22 2039/752/22 2040/753/22
f 2040/753/22 2041/754/22 2042/751/22
f 2046/755/143 2043/756/143 2044/757/143
f 2044/757/143 2045/758/143 2046/755/143
f 2050/753/26 2047/754/26 2048/751/26
f 2048/751/26 2049/752/26 2050/753/26
f 2054/757/29 2051/758/29 2052/755/29
f 2052/755/29 2053/756/29 2054/757/29
f 2058/759/22 2055/760/22 2056/761/22
f 2056/761/22 2057/762/22 2058/759/22
f 2062/763/24 2059/764/24 2060/765/24
f 2060/765/24 2061/766/24 2062/763/24
f 2066/761/26 2063/762/26 2064/759/26
f 2064/759/26 2065/760/26 2066/761/26
f 2070/765/28 2067/766/28 2068/763/28
f 2068/763/28 2069/764/28 2070/765/28
f 2074/585/26 2071/584/26 2072/583/26
f 2072/583/26 2073/586/26 2074/585/26
f 2078/589/29 2075/588/29 2076/587/29
f 2076/587/29 2077/590/29 2078/589/29
f 2082/593/22 2079/592/22 2080/591/22
f 2080/591/22 2081/594/22 2082/593/22
f 1840/597/143 1839/596/143 2083/595/143
f 2083/595/143 2084/598/143 1840/597/143
f 2088/601/24 2085/600/24 2086/599/24
f 2086/599/24 2087/602/24 2088/601/24
f 2073/586/26 2072/583/26 2089/603/26
f 2089/603/26 2090/604/26 2073/586/26
f 2077/590/29 2076/587/29 2091/605/29
f 2091/605/29 2092/606/29 2077/590/29
f 2096/609/22 2093/608/22 2094/607/22
f 2094/607/22 2095/610/22 2096/609/22
f 2084/598/143 2083/595/143 2097/611/143
f 2097/611/143 2098/612/143 2084/598/143
f 2102/615/28 2099/614/28 2100/613/28
f 2100/613/28 2101/616/28 2102/615/28
f 2106/619/29 2103/618/29 2104/617/29
f 2104/617/29 2105/620/29 2106/619/29
f 2088/601/24 2087/602/24 2107/621/24
f 2107/621/24 2108/622/24 2088/601/24
f 2084/598/143 2098/612/143 2109/623/143
f 2109/623/143 2110/624/143 2084/598/143
f 2114/627/26 2111/626/26 2112/625/26
f 2112/625/26 2113/628/26 2114/627/26
f 2116/629/26 2114/627/26 2113/628/26
f 2113/628/26 2115/630/26 2116/629/26
f 2111/626/26 2117/632/26 2118/631/26
f 2118/631/26 2112/625/26 2111/626/26
f 2120/633/26 2116/629/26 2115/630/26
f 2115/630/26 2119/634/26 2120/633/26
f 2122/635/26 2120/633/26 2119/634/26
f 2119/634/26 2121/636/26 2122/635/26
f 2117/632/26 2122/635/26 2121/636/26
f 2121/636/26 2118/631/26 2117/632/26
f 2126/639/24 2123/638/24 2124/637/24
f 2124/637/24 2125/640/24 2126/639/24
f 2130/643/29 2127/642/29 2128/641/29
f 2128/641/29 2129/644/29 2130/643/29
f 2134/647/143 2131/646/143 2132/645/143
f 2132/645/143 2133/648/143 2134/647/143
f 2138/651/29 2135/650/29 2136/649/29
f 2136/649/29 2137/652/29 2138/651/29
f 2142/639/28 2139/638/28 2140/637/28
f 2140/637/28 2141/640/28 2142/639/28
f 2146/655/143 2143/654/143 2144/653/143
f 2144/653/143 2145/656/143 2146/655/143
f 2150/659/24 2147/658/24 2148/657/24
f 2148/657/24 2149/660/24 2150/659/24
f 2154/663/24 2151/662/24 2152/661/24
f 2152/661/24 2153/664/24 2154/663/24
f 2147/658/24 2154/663/24 2153/664/24
f 2153/664/24 2148/657/24 2147/658/24
f 2156/665/24 2150/659/24 2149/660/24
f 2149/660/24 2155/666/24 2156/665/24
f 2158/667/24 2156/665/24 2155/666/24
f 2155/666/24 2157/668/24 2158/667/24
f 2151/662/24 2158/667/24 2157/668/24
f 2157/668/24 2152/661/24 2151/662/24
f 2162/671/29 2159/670/29 2160/669/29
f 2160/669/29 2161/672/29 2162/671/29
f 2166/671/143 2163/670/143 2164/669/143
f 2164/669/143 2165/673/143 2166/671/143
f 2170/676/22 2167/675/22 2168/674/22
f 2168/674/22 2169/677/22 2170/676/22
f 2174/680/29 2171/679/29 2172/678/29
f 2172/678/29 2173/681/29 2174/680/29
f 2178/676/26 2175/675/26 2176/674/26
f 2176/674/26 2177/677/26 2178/676/26
f 2182/678/143 2179/681/143 2180/680/143
f 2180/680/143 2181/679/143 2182/678/143
f 2186/684/29 2183/683/29 2184/682/29
f 2184/682/29 2185/685/29 2186/684/29
f 2188/686/29 2186/684/29 2185/685/29
f 2185/685/29 2187/687/29 2188/686/29
f 2183/683/29 2189/689/29 2190/688/29
f 2190/688/29 2184/682/29 2183/683/29
f 2192/690/29 2188/686/29 2187/687/29
f 2187/687/29 2191/691/29 2192/690/29
f 2194/692/29 2192/690/29 2191/691/29
f 2191/691/29 2193/693/29 2194/692/29
f 2189/689/29 2194/692/29 2193/693/29
f 2193/693/29 2190/688/29 2189/689/29
f 2194/692/29 2189/689/29 2195/694/29
f 2195/694/29 2196/695/29 2194/692/29
f 2198/696/29 2194/692/29 2196/695/29
f 2196/695/29 2197/697/29 2198/696/29
f 2200/698/29 2198/696/29 2197/697/29
f 2197/697/29 2199/699/29 2200/698/29
f 2189/689/29 2200/698/29 2199/699/29
f 2199/699/29 2195/694/29 2189/689/29
f 2204/702/24 2201/701/24 2202/700/24
f 2202/700/24 2203/703/24 2204/702/24
f 2208/706/22 2205/705/22 2206/704/22
f 2206/704/22 2207/707/22 2208/706/22
f 2212/704/26 2209/707/26 2210/706/26
f 2210/706/26 2211/705/26 2212/704/26
f 2216/706/22 2213/705/22 2214/704/22
f 2214/704/22 2215/707/22 2216/706/22
f 2220/702/28 2217/701/28 2218/700/28
f 2218/700/28 2219/703/28 2220/702/28
f 2224/704/26 2221/707/26 2222/706/26
f 2222/706/26 2223/705/26 2224/704/26
f 2228/710/22 2225/709/22 2226/708/22
f 2226/708/22 2227/711/22 2228/710/22
f 2230/712/22 2228/710/22 2227/711/22
f 2227/711/22 2229/713/22 2230/712/22
f 2232/714/22 2230/712/22 2229/713/22
f 2229/713/22 2231/715/22 2232/714/22
f 2225/709/22 2232/714/22 2231/715/22
f 2231/715/22 2226/708/22 2225/709/22
f 2236/718/22 2233/717/22 2234/716/22
f 2234/716/22 2235/719/22 2236/718/22
f 2238/720/22 2236/718/22 2235/719/22
f 2235/719/22 2237/721/22 2238/720/22
f 2240/722/22 2238/720/22 2237/721/22
f 2237/721/22 2239/723/22 2240/722/22
f 2233/717/22 2240/722/22 2239/723/22
f 2239/723/22 2234/716/22 2233/717/22
f 2244/726/28 2241/725/28 2242/724/28
f 2242/724/28 2243/727/28 2244/726/28
f 2246/728/28 2244/726/28 2243/727/28
f 2243/727/28 2245/729/28 2246/728/28
f 2248/730/28 2246/728/28 2245/729/28
f 2245/729/28 2247/731/28 2248/730/28
f 2241/725/28 2248/730/28 2247/731/28
f 2247/731/28 2242/724/28 2241/725/28
f 2252/734/24 2249/733/24 2250/732/24
f 2250/732/24 2251/735/24 2252/734/24
f 2256/738/143 2253/737/143 2254/736/143
f 2254/736/143 2255/739/143 2256/738/143
f 2260/734/28 2257/733/28 2258/732/28
f 2258/732/28 2259/735/28 2260/734/28
f 2264/736/29 2261/739/29 2262/738/29
f 2262/738/29 2263/737/29 2264/736/29
f 2268/742/24 2265/741/24 2266/740/24
f 2266/740/24 2267/743/24 2268/742/24
f 2272/746/143 2269/745/143 2270/744/143
f 2270/744/143 2271/747/143 2272/746/143
f 2276/740/28 2273/743/28 2274/742/28
f 2274/742/28 2275/741/28 2276/740/28
f 2280/749/29 2277/747/29 2278/748/29
f 2278/748/29 2279/750/29 2280/749/29
f 2284/753/22 2281/752/22 2282/751/22
f 2282/751/22 2283/754/22 2284/753/22
f 2288/757/143 2285/756/143 2286/755/143
f 2286/755/143 2287/758/143 2288/757/143
f 2292/751/26 2289/754/26 2290/753/26
f 2290/753/26 2291/752/26 2292/751/26
f 2296/755/29 2293/758/29 2294/757/29
f 2294/757/29 2295/756/29 2296/755/29
f 2300/761/22 2297/760/22 2298/759/22
f 2298/759/22 2299/762/22 2300/761/22
f 2304/765/28 2301/764/28 2302/763/28
f 2302/763/28 2303/766/28 2304/765/28
f 2308/759/26 2305/762/26 2306/761/26
f 2306/761/26 2307/760/26 2308/759/26
f 2312/763/24 2309/766/24 2310/765/24
f 2310/765/24 2311/764/24 2312/763/24
f 2316/767/26 2313/768/26 2314/769/26
f 2314/769/26 2315/770/26 2316/767/26
f 2320/767/22 2317/768/22 2318/769/22
f 2318/769/22 2319/770/22 2320/767/22
f 2324/770/29 2321/771/29 2322/772/29
f 2322/772/29 2323/773/29 2324/770/29
f 2328/770/143 2325/767/143 2326/768/143
f 2326/768/143 2327/769/143 2328/770/143
f 2332/340/26 2329/341/26 2330/342/26
f 2330/342/26 2331/343/26 2332/340/26
f 2336/340/22 2333/341/22 2334/342/22
f 2334/342/22 2335/343/22 2336/340/22
f 2340/340/28 2337/341/28 2338/342/28
f 2338/342/28 2339/343/28 2340/340/28
f 2344/340/24 2341/341/24 2342/342/24
f 2342/342/24 2343/343/24 2344/340/24
f 2348/344/29 2345/345/29 2346/346/29
f 2346/346/29 2347/347/29 2348/344/29
f 2347/347/146 2346/346/146 2349/348/146
f 2349/348/29 2350/349/29 2347/347/29
f 2350/349/29 2349/348/29 2351/350/29
f 2351/350/29 2352/351/29 2350/349/29
f 2352/351/145 2351/350/145 2345/345/145
f 2345/345/29 2348/344/29 2352/351/29
f 2356/352/28 2353/353/28 2354/354/28
f 2354/354/28 2355/355/28 2356/352/28
f 2360/354/22 2357/355/22 2358/352/22
f 2358/352/22 2359/353/22 2360/354/22
f 2364/354/24 2361/355/24 2362/352/24
f 2362/352/24 2363/353/24 2364/354/24
f 2368/352/26 2365/353/26 2366/354/26
f 2366/354/26 2367/355/26 2368/352/26
f 2372/340/26 2369/341/26 2370/342/26
f 2370/342/26 2371/343/26 2372/340/26
f 2376/340/22 2373/341/22 2374/342/22
f 2374/342/22 2375/343/22 2376/340/22
f 2380/340/28 2377/341/28 2378/342/28
f 2378/342/28 2379/343/28 2380/340/28
f 2384/340/24 2381/341/24 2382/342/24
f 2382/342/24 2383/343/24 2384/340/24
f 2388/344/29 2385/345/29 2386/346/29
f 2386/346/29 2387/347/29 2388/344/29
f 2387/347/146 2386/346/146 2389/348/146
f 2389/348/29 2390/349/29 2387/347/29
f 2390/349/29 2389/348/29 2391/350/29
f 2391/350/29 2392/351/29 2390/349/29
f 2392/351/145 2391/350/145 2385/345/145
f 2385/345/29 2388/344/29 2392/351/29
f 2396/352/28 2393/353/28 2394/354/28
f 2394/354/28 2395/355/28 2396/352/28
f 2400/354/22 2397/355/22 2398/352/22
f 2398/352/22 2399/353/22 2400/354/22
f 2404/354/24 2401/355/24 2402/352/24
f 2402/352/24 2403/353/24 2404/354/24
f 2408/352/26 2405/353/26 2406/354/26
f 2406/354/26 2407/355/26 2408/352/26
f 2412/331/24 2409/332/24 2410/333/24
f 2410/333/24 2411/334/24 2412/331/24
f 2416/335/147 2413/336/147 2414/337/147
f 2414/337/147 2415/338/147 2416/335/147
f 2420/332/28 2417/331/28 2418/334/28
f 2418/334/28 2419/339/28 2420/332/28
f 2424/335/148 2421/336/148 2422/337/148
f 2422/337/148 2423/338/148 2424/335/148
f 2428/767/26 2425/768/26 2426/769/26
f 2426/769/26 2427/770/26 2428/767/26
f 2432/767/22 2429/768/22 2430/769/22
f 2430/769/22 2431/770/22 2432/767/22
f 2436/770/29 2433/771/29 2434/772/29
f 2434/772/29 2435/773/29 2436/770/29
f 2440/770/143 2437/767/143 2438/768/143
f 2438/768/143 2439/769/143 2440/770/143
f 2444/340/26 2441/341/26 2442/342/26
f 2442/342/26 2443/343/26 2444/340/26
f 2448/340/22 2445/341/22 2446/342/22
f 2446/342/22 2447/343/22 2448/340/22
f 2452/340/28 2449/341/28 2450/342/28
f 2450/342/28 2451/343/28 2452/340/28
f 2456/340/24 2453/341/24 2454/342/24
f 2454/342/24 2455/343/24 2456/340/24
f 2460/344/29 2457/345/29 2458/346/29
f 2458/346/29 2459/347/29 2460/344/29
f 2459/347/29 2458/346/29 2461/348/29
f 2461/348/29 2462/349/29 2459/347/29
f 2462/349/29 2461/348/29 2463/350/29
f 2463/350/29 2464/351/29 2462/349/29
f 2464/351/29 2463/350/29 2457/345/29
f 2457/345/29 2460/344/29 2464/351/29
f 2468/352/28 2465/353/28 2466/354/28
f 2466/354/28 2467/355/28 2468/352/28
f 2472/354/22 2469/355/22 2470/352/22
f 2470/352/22 2471/353/22 2472/354/22
f 2476/354/24 2473/355/24 2474/352/24
f 2474/352/24 2475/353/24 2476/354/24
f 2480/352/26 2477/353/26 2478/354/26
f 2478/354/26 2479/355/26 2480/352/26
f 2484/306/26 2481/307/26 2482/308/26
f 2482/308/26 2483/309/26 2484/306/26
f 2488/310/143 2485/311/143 2486/312/143
f 2486/312/143 2487/313/143 2488/310/143
f 2492/306/22 2489/307/22 2490/308/22
f 2490/308/22 2491/309/22 2492/306/22
f 2496/314/24 2493/309/24 2494/315/24
f 2494/315/24 2495/316/24 2496/314/24
f 2500/314/28 2497/309/28 2498/315/28
f 2498/315/28 2499/316/28 2500/314/28
f 2504/317/29 2501/318/29 2502/319/29
f 2502/319/29 2503/320/29 2504/317/29
f 2508/321/29 2505/318/29 2506/322/29
f 2506/322/145 2507/323/145 2508/321/145
f 2512/317/29 2509/318/29 2510/322/29
f 2510/322/29 2511/320/29 2512/317/29
f 2516/324/29 2513/325/29 2514/326/29
f 2514/326/146 2515/323/146 2516/324/146
f 2520/327/22 2517/328/22 2518/329/22
f 2518/329/22 2519/330/22 2520/327/22
f 2524/327/24 2521/328/24 2522/329/24
f 2522/329/24 2523/330/24 2524/327/24
f 2528/329/26 2525/330/26 2526/327/26
f 2526/327/26 2527/328/26 2528/329/26
f 2532/329/28 2529/330/28 2530/327/28
f 2530/327/28 2531/328/28 2532/329/28
f 2536/331/24 2533/332/24 2534/333/24
f 2534/333/24 2535/334/24 2536/331/24
f 2540/335/147 2537/336/147 2538/337/147
f 2538/337/147 2539/338/147 2540/335/147
f 2544/332/28 2541/331/28 2542/334/28
f 2542/334/28 2543/339/28 2544/332/28
f 2548/335/148 2545/336/148 2546/337/148
f 2546/337/148 2547/338/148 2548/335/148
s 1
f 2552/216/21 2549/217/21 2550/218/2
f 2550/218/2 2551/219/2 2552/216/21
f 2556/220/2 2553/221/2 2554/222/24
f 2554/222/24 2555/223/24 2556/220/2
f 2555/223/24 2554/222/24 2557/224/4
f 2557/224/4 2558/225/4 2555/223/24
f 2562/216/4 2559/217/4 2560/218/5
f 2560/218/5 2561/219/5 2562/216/4
f 2566/220/5 2563/221/5 2564/222/28
f 2564/222/28 2565/223/28 2566/220/5
f 2565/223/28 2564/222/28 2567/224/21
f 2567/224/21 2568/225/21 2565/223/28
s 0
f 2572/226/29 2569/227/29 2570/228/29
f 2570/228/29 2571/229/29 2572/226/29
f 2574/230/29 2569/227/29 2572/226/29
f 2572/226/29 2573/231/29 2574/230/29
f 2570/228/29 2569/227/29 2574/230/29
f 2574/230/29 2575/232/29 2570/228/29
s 1
f 2579/199/21 2576/200/21 2577/201/2
f 2577/201/2 2578/202/2 2579/199/21
f 2583/203/2 2580/204/2 2581/205/24
f 2581/205/24 2582/206/24 2583/203/2
f 2582/206/24 2581/205/24 2584/207/4
f 2584/207/4 2585/208/4 2582/206/24
f 2589/199/4 2586/200/4 2587/201/5
f 2587/201/5 2588/202/5 2589/199/4
f 2593/203/5 2590/204/5 2591/205/28
f 2591/205/28 2592/206/28 2593/203/5
f 2592/206/28 2591/205/28 2594/207/21
f 2594/207/21 2595/208/97 2592/206/28
s 0
f 2599/209/29 2596/210/29 2597/211/29
f 2597/211/29 2598/212/29 2599/209/29
f 2601/213/29 2596/210/29 2599/209/29
f 2599/209/29 2600/214/29 2601/213/29
f 2597/211/29 2596/210/29 2601/213/29
f 2601/213/29 2602/215/29 2597/211/29
s 1
f 2606/182/21 2603/183/21 2604/184/2
f 2604/184/2 2605/185/2 2606/182/21
f 2610/186/2 2607/187/2 2608/188/24
f 2608/188/24 2609/189/24 2610/186/2
f 2609/189/24 2608/188/24 2611/190/4
f 2611/190/4 2612/191/4 2609/189/24
f 2616/182/4 2613/183/4 2614/184/5
f 2614/184/5 2615/185/5 2616/182/4
f 2620/186/5 2617/187/5 2618/188/28
f 2618/188/28 2619/189/28 2620/186/5
f 2619/189/28 2618/188/28 2621/190/21
f 2621/190/21 2622/191/97 2619/189/28
s 0
f 2626/192/29 2623/193/29 2624/194/29
f 2624/194/29 2625/195/29 2626/192/29
f 2628/196/29 2623/193/29 2626/192/29
f 2626/192/29 2627/197/29 2628/196/29
f 2624/194/29 2623/193/29 2628/196/29
f 2628/196/29 2629/198/29 2624/194/29
s 1
f 2633/216/21 2630/217/21 2631/218/2
f 2631/218/2 2632/219/2 2633/216/21
f 2637/220/2 2634/221/2 2635/222/24
f 2635/222/24 2636/223/24 2637/220/2
f 2636/223/24 2635/222/24 2638/224/4
f 2638/224/4 2639/225/4 2636/223/24
f 2643/216/4 2640/217/4 2641/218/5
f 2641/218/5 2642/219/5 2643/216/4
f 2647/220/5 2644/221/5 2645/222/28
f 2645/222/28 2646/223/28 2647/220/5
f 2646/223/28 2645/222/28 2648/224/21
f 2648/224/21 2649/225/21 2646/223/28
s 0
f 2653/226/29 2650/227/29 2651/228/29
f 2651/228/29 2652/229/29 2653/226/29
f 2655/230/29 2650/227/29 2653/226/29
f 2653/226/29 2654/231/29 2655/230/29
f 2651/228/29 2650/227/29 2655/230/29
f 2655/230/29 2656/232/29 2651/228/29
s 1
f 2660/182/21 2657/183/21 2658/184/2
f 2658/184/2 2659/185/2 2660/182/21
f 2664/186/2 2661/187/2 2662/188/24
f 2662/188/24 2663/189/24 2664/186/2
f 2663/189/24 2662/188/24 2665/190/4
f 2665/190/4 2666/191/4 2663/189/24
f 2670/182/4 2667/183/4 2668/184/5
f 2668/184/5 2669/185/5 2670/182/4
f 2674/186/5 2671/187/96 2672/188/28
f 2672/188/28 2673/189/28 2674/186/5
f 2673/189/28 2672/188/28 2675/190/21
f 2675/190/21 2676/191/21 2673/189/28
s 0
f 2680/192/29 2677/193/29 2678/194/29
f 2678/194/29 2679/195/29 2680/192/29
f 2682/196/29 2677/193/29 2680/192/29
f 2680/192/29 2681/197/29 2682/196/29
f 2678/194/29 2677/193/29 2682/196/29
f 2682/196/29 2683/198/29 2678/194/29
s 1
f 2687/182/21 2684/183/21 2685/184/2
f 2685/184/2 2686/185/2 2687/182/21
f 2691/186/2 2688/187/2 2689/188/24
f 2689/188/24 2690/189/24 2691/186/2
f 2690/189/24 2689/188/24 2692/190/4
f 2692/190/4 2693/191/4 2690/189/24
f 2697/182/4 2694/183/4 2695/184/5
f 2695/184/5 2696/185/5 2697/182/4
f 2701/186/5 2698/187/96 2699/188/28
f 2699/188/28 2700/189/28 2701/186/5
f 2700/189/28 2699/188/28 2702/190/21
f 2702/190/21 2703/191/21 2700/189/28
s 0
f 2707/192/29 2704/193/29 2705/194/29
f 2705/194/29 2706/195/29 2707/192/29
f 2709/196/29 2704/193/29 2707/192/29
f 2707/192/29 2708/197/29 2709/196/29
f 2705/194/29 2704/193/29 2709/196/29
f 2709/196/29 2710/198/29 2705/194/29
s 1
f 2714/182/21 2711/183/21 2712/184/2
f 2712/184/2 2713/185/2 2714/182/21
f 2718/186/2 2715/187/2 2716/188/24
f 2716/188/24 2717/189/24 2718/186/2
f 2717/189/24 2716/188/24 2719/190/4
f 2719/190/4 2720/191/4 2717/189/24
f 2724/182/4 2721/183/4 2722/184/5
f 2722/184/5 2723/185/5 2724/182/4
f 2728/186/5 2725/187/96 2726/188/28
f 2726/188/28 2727/189/28 2728/186/5
f 2727/189/28 2726/188/28 2729/190/21
f 2729/190/21 2730/191/21 2727/189/28
s 0
f 2734/192/29 2731/193/29 2732/194/29
f 2732/194/29 2733/195/29 2734/192/29
f 2736/196/29 2731/193/29 2734/192/29
f 2734/192/29 2735/197/29 2736/196/29
f 2732/194/29 2731/193/29 2736/196/29
f 2736/196/29 2737/198/29 2732/194/29
s 1
f 2741/216/21 2738/217/21 2739/218/2
f 2739/218/2 2740/219/2 2741/216/21
f 2745/220/2 2742/221/2 2743/222/24
f 2743/222/24 2744/223/24 2745/220/2
f 2744/223/24 2743/222/24 2746/224/4
f 2746/224/4 2747/225/4 2744/223/24
f 2751/216/4 2748/217/4 2749/218/5
f 2749/218/5 2750/219/5 2751/216/4
f 2755/220/5 2752/221/5 2753/222/28
f 2753/222/28 2754/223/28 2755/220/5
f 2754/223/28 2753/222/28 2756/224/21
f 2756/224/21 2757/225/21 2754/223/28
s 0
f 2761/226/29 2758/227/29 2759/228/29
f 2759/228/29 2760/229/29 2761/226/29
f 2763/230/29 2758/227/29 2761/226/29
f 2761/226/29 2762/231/29 2763/230/29
f 2759/228/29 2758/227/29 2763/230/29
f 2763/230/29 2764/232/29 2759/228/29
s 1
f 2768/216/21 2765/217/21 2766/218/2
f 2766/218/2 2767/219/2 2768/216/21
f 2772/220/2 2769/221/2 2770/222/24
f 2770/222/24 2771/223/24 2772/220/2
f 2771/223/24 2770/222/24 2773/224/4
f 2773/224/4 2774/225/4 2771/223/24
f 2778/216/4 2775/217/4 2776/218/5
f 2776/218/5 2777/219/5 2778/216/4
f 2782/220/5 2779/221/5 2780/222/28
f 2780/222/28 2781/223/28 2782/220/5
f 2781/223/28 2780/222/28 2783/224/21
f 2783/224/21 2784/225/21 2781/223/28
s 0
f 2788/226/29 2785/227/29 2786/228/29
f 2786/228/29 2787/229/29 2788/226/29
f 2790/230/29 2785/227/29 2788/226/29
f 2788/226/29 2789/231/29 2790/230/29
f 2786/228/29 2785/227/29 2790/230/29
f 2790/230/29 2791/232/29 2786/228/29
s 1
f 2795/216/21 2792/217/21 2793/218/2
f 2793/218/2 2794/219/2 2795/216/21
f 2799/220/2 2796/221/2 2797/222/24
f 2797/222/24 2798/223/24 2799/220/2
f 2798/223/24 2797/222/24 2800/224/4
f 2800/224/4 2801/225/4 2798/223/24
f 2805/216/4 2802/217/4 2803/218/5
f 2803/218/5 2804/219/5 2805/216/4
f 2809/220/5 2806/221/5 2807/222/28
f 2807/222/28 2808/223/28 2809/220/5
f 2808/223/28 2807/222/28 2810/224/21
f 2810/224/21 2811/225/21 2808/223/28
s 0
f 2815/226/29 2812/227/29 2813/228/29
f 2813/228/29 2814/229/29 2815/226/29
f 2817/230/29 2812/227/29 2815/226/29
f 2815/226/29 2816/231/29 2817/230/29
f 2813/228/29 2812/227/29 2817/230/29
f 2817/230/29 2818/232/29 2813/228/29
s 1
f 2822/216/21 2819/217/21 2820/218/2
f 2820/218/2 2821/219/2 2822/216/21
f 2826/220/2 2823/221/2 2824/222/24
f 2824/222/24 2825/223/24 2826/220/2
f 2825/223/24 2824/222/24 2827/224/4
f 2827/224/4 2828/225/4 2825/223/24
f 2832/216/4 2829/217/4 2830/218/5
f 2830/218/5 2831/219/5 2832/216/4
f 2836/220/5 2833/221/5 2834/222/28
f 2834/222/28 2835/223/28 2836/220/5
f 2835/223/28 2834/222/28 2837/224/21
f 2837/224/21 2838/225/21 2835/223/28
s 0
f 2842/226/29 2839/227/29 2840/228/29
f 2840/228/29 2841/229/29 2842/226/29
f 2844/230/29 2839/227/29 2842/226/29
f 2842/226/29 2843/231/29 2844/230/29
f 2840/228/29 2839/227/29 2844/230/29
f 2844/230/29 2845/232/29 2840/228/29
o defaultMaterial.001
v 0.659266 0.363379 0.964469
v 0.659266 0.362592 0.960258
v 0.660456 0.367630 0.960258
v 0.660456 0.368409 0.964469
v 0.659266 0.355085 0.931459
v 0.660456 0.360202 0.931459
v 0.660456 0.423370 0.931459
v 0.660456 0.429816 0.960258
v 0.660456 0.430493 0.964469
v 0.650152 0.430140 0.963279
v 0.650932 0.429816 0.960258
v 0.650932 0.367630 0.960258
v 0.650152 0.368028 0.963279
v 0.650932 0.423370 0.931459
v 0.650932 0.360202 0.931459
v 0.652123 0.355085 0.931459
v 0.652123 0.362592 0.960258
v 0.651195 0.362625 0.964403
v 0.651195 0.362625 0.964403
v 0.652123 0.362592 0.960258
v 0.655694 0.360913 0.960258
v 0.655694 0.361703 0.964469
v 0.652123 0.355085 0.931459
v 0.655694 0.353379 0.931459
v 0.659266 0.355085 0.931459
v 0.659266 0.362592 0.960258
v 0.659266 0.363379 0.964469
v 0.658340 0.364945 -0.971693
v 0.655694 0.363642 -0.972619
v 0.655694 0.368669 -0.973810
v 0.659266 0.368669 -0.972619
v 0.650627 0.363159 -0.972619
v 0.650627 0.368187 -0.973810
v 0.650627 0.430258 -0.973810
v 0.655694 0.430718 -0.973810
v 0.659266 0.430718 -0.972619
v 0.651343 0.363258 0.972619
v 0.655694 0.363642 0.972619
v 0.655694 0.368669 0.973809
v 0.651343 0.368287 0.973809
v 0.658340 0.364945 0.971693
v 0.659266 0.368669 0.972619
v 0.659266 0.430718 0.972619
v 0.655694 0.430718 0.973809
v 0.651343 0.430365 0.973809
v 0.659266 0.363460 -0.964215
v 0.655694 0.361784 -0.964215
v 0.655694 0.361966 -0.969048
v 0.659266 0.363642 -0.969048
v 0.650737 0.362613 -0.964241
v 0.650627 0.361482 -0.969048
v 0.650627 0.363159 -0.972619
v 0.655694 0.363642 -0.972619
v 0.658340 0.364945 -0.971693
v -0.680067 0.084428 -0.966402
v -0.681088 0.087895 -0.965476
v -0.682401 0.087567 -0.969048
v -0.681088 0.082869 -0.969048
v -0.681088 0.149937 -0.965476
v -0.682401 0.149616 -0.969048
v -0.681088 0.149937 -0.972619
v -0.681088 0.087895 -0.972619
v -0.680067 0.084428 -0.971693
v 0.660456 0.430562 -0.964215
v 0.660456 0.368490 -0.964215
v 0.660456 0.368669 -0.969048
v 0.660456 0.430718 -0.969048
v 0.659266 0.363460 -0.964215
v 0.659266 0.363642 -0.969048
v 0.658340 0.364945 -0.971693
v 0.659266 0.368669 -0.972619
v 0.659266 0.430718 -0.972619
v 0.651195 0.362625 0.964403
v 0.655694 0.361703 0.964469
v 0.655694 0.361966 0.969047
v 0.651343 0.361582 0.969047
v 0.659266 0.363379 0.964469
v 0.659266 0.363642 0.969047
v 0.658340 0.364945 0.971693
v 0.655694 0.363642 0.972619
v 0.651343 0.363258 0.972619
v 0.660456 0.368669 0.969047
v 0.659266 0.363642 0.969047
v 0.660456 0.430718 0.969047
v 0.659266 0.430718 0.972619
v 0.659266 0.368669 0.972619
v 0.658340 0.364945 0.971693
v -0.680938 0.151633 0.965476
v -0.680938 0.089617 0.965476
v -0.682401 0.089058 0.969047
v -0.682401 0.151107 0.969047
v -0.679800 0.086333 0.966402
v -0.680938 0.084594 0.969047
v -0.679800 0.086333 0.971693
v -0.680938 0.089617 0.972619
v -0.680938 0.151633 0.972619
v 0.650737 0.362613 -0.964241
v 0.649437 0.368008 -0.963025
v 0.644950 0.366743 -0.964286
v 0.644950 0.361709 -0.965476
v 0.649437 0.430103 -0.963024
v 0.644950 0.428880 -0.964286
v 0.623440 0.422270 -0.964286
v 0.623440 0.359817 -0.964286
v 0.623440 0.354757 -0.965476
v 0.644950 0.366743 -0.973810
v 0.644950 0.428880 -0.973810
v 0.644950 0.361709 -0.972619
v 0.623440 0.354757 -0.972619
v 0.623440 0.359817 -0.973810
v 0.623440 0.422270 -0.973810
v 0.644950 0.360031 -0.969048
v 0.644950 0.361709 -0.972619
v 0.644950 0.361709 -0.965476
v 0.623440 0.354757 -0.965476
v 0.623440 0.353071 -0.969048
v 0.623440 0.354757 -0.972619
v 0.650152 0.430140 0.963279
v 0.650152 0.368028 0.963279
v 0.647811 0.367143 0.964286
v 0.647811 0.429307 0.964286
v 0.651195 0.362625 0.964403
v 0.647811 0.362106 0.965476
v 0.627731 0.352230 0.965476
v 0.627731 0.357326 0.964286
v 0.627731 0.420231 0.964286
v 0.647811 0.360428 0.969047
v 0.647811 0.362106 0.965476
v 0.647811 0.362106 0.972619
v 0.627731 0.352230 0.972619
v 0.627731 0.350531 0.969047
v 0.627731 0.352230 0.965476
v 0.647811 0.367143 0.973809
v 0.647811 0.362106 0.972619
v 0.647811 0.429307 0.973809
v 0.627731 0.420231 0.973809
v 0.627731 0.357326 0.973809
v 0.627731 0.352230 0.972619
v 0.659266 0.342526 -0.748739
v 0.659266 0.347507 -0.852098
v 0.660456 0.352705 -0.852098
v 0.660456 0.347777 -0.748739
v 0.659266 0.358701 -0.929933
v 0.660456 0.363780 -0.929933
v 0.660456 0.426476 -0.929933
v 0.660456 0.416864 -0.852098
v 0.660456 0.412587 -0.748739
v 0.652123 0.342526 -0.748739
v 0.650932 0.347777 -0.748739
v 0.650932 0.352705 -0.852098
v 0.652123 0.347507 -0.852098
v 0.650932 0.412587 -0.748739
v 0.650932 0.416864 -0.852098
v 0.650932 0.426476 -0.929933
v 0.650932 0.363780 -0.929933
v 0.652123 0.358701 -0.929933
v 0.659266 0.342526 -0.748739
v 0.655694 0.340776 -0.748739
v 0.655694 0.345774 -0.852098
v 0.659266 0.347507 -0.852098
v 0.652123 0.342526 -0.748739
v 0.652123 0.347507 -0.852098
v 0.652123 0.358701 -0.929933
v 0.655694 0.357008 -0.929933
v 0.659266 0.358701 -0.929933
v 0.659266 0.368215 -0.535714
v 0.659266 0.356951 -0.642857
v 0.660456 0.362049 -0.642857
v 0.660456 0.373194 -0.535714
v 0.660456 0.424973 -0.642857
v 0.660456 0.434645 -0.535714
v 0.652123 0.368215 -0.535714
v 0.650932 0.373194 -0.535714
v 0.650932 0.362049 -0.642857
v 0.652123 0.356951 -0.642857
v 0.650932 0.434645 -0.535714
v 0.650932 0.424973 -0.642857
v 0.659266 0.368215 -0.535714
v 0.655694 0.366555 -0.535714
v 0.655694 0.355251 -0.642857
v 0.659266 0.356951 -0.642857
v 0.652123 0.368215 -0.535714
v 0.652123 0.356951 -0.642857
v 0.659266 0.341861 -0.321429
v 0.659266 0.353752 -0.428571
v 0.660456 0.358884 -0.428571
v 0.660456 0.347118 -0.321429
v 0.660456 0.422226 -0.428571
v 0.660456 0.412016 -0.321429
v 0.652123 0.341861 -0.321429
v 0.650932 0.347118 -0.321429
v 0.650932 0.358884 -0.428571
v 0.652123 0.353752 -0.428572
v 0.650932 0.412015 -0.321429
v 0.650932 0.422226 -0.428572
v 0.659266 0.341861 -0.321429
v 0.655694 0.340108 -0.321429
v 0.655694 0.352042 -0.428571
v 0.659266 0.353752 -0.428571
v 0.652123 0.341861 -0.321429
v 0.652123 0.353752 -0.428572
v 0.659266 0.378205 -0.107143
v 0.659266 0.360838 -0.214286
v 0.660456 0.365894 -0.214286
v 0.660456 0.383078 -0.107143
v 0.660456 0.428310 -0.214286
v 0.660456 0.443222 -0.107143
v 0.652123 0.378205 -0.107143
v 0.650932 0.383078 -0.107143
v 0.650932 0.365894 -0.214286
v 0.652123 0.360838 -0.214286
v 0.650932 0.443222 -0.107143
v 0.650932 0.428310 -0.214286
v 0.659266 0.378205 -0.107143
v 0.655694 0.376580 -0.107143
v 0.655694 0.359152 -0.214286
v 0.659266 0.360838 -0.214286
v 0.652123 0.378205 -0.107143
v 0.652123 0.360838 -0.214286
v 0.659266 0.335152 0.107143
v 0.659266 0.361483 -0.000000
v 0.660456 0.366533 -0.000000
v 0.660456 0.340481 0.107143
v 0.660456 0.428865 -0.000000
v 0.660456 0.406255 0.107143
v 0.652123 0.335152 0.107143
v 0.650932 0.340481 0.107143
v 0.650932 0.366533 -0.000000
v 0.652123 0.361483 -0.000000
v 0.650932 0.406255 0.107143
v 0.650932 0.428865 -0.000000
v 0.659266 0.335152 0.107143
v 0.655694 0.333375 0.107143
v 0.655694 0.359800 -0.000000
v 0.659266 0.361483 -0.000000
v 0.652123 0.335152 0.107143
v 0.652123 0.361483 -0.000000
v 0.659266 0.328505 0.321429
v 0.659266 0.323688 0.214286
v 0.660456 0.329139 0.214286
v 0.660456 0.333905 0.321429
v 0.660456 0.396412 0.214286
v 0.660456 0.400548 0.321429
v 0.652123 0.328505 0.321429
v 0.650932 0.333905 0.321429
v 0.650932 0.329139 0.214286
v 0.652123 0.323688 0.214286
v 0.650932 0.400548 0.321429
v 0.650932 0.396412 0.214286
v 0.659266 0.328505 0.321429
v 0.655694 0.326705 0.321429
v 0.655694 0.321872 0.214286
v 0.659266 0.323688 0.214286
v 0.652123 0.328505 0.321429
v 0.652123 0.323688 0.214286
v 0.659266 0.365209 0.535714
v 0.659266 0.351015 0.428571
v 0.660456 0.356176 0.428571
v 0.660456 0.370219 0.535714
v 0.660456 0.419876 0.428571
v 0.660456 0.432063 0.535714
v 0.652123 0.365209 0.535714
v 0.650932 0.370219 0.535714
v 0.650932 0.356176 0.428571
v 0.652123 0.351015 0.428571
v 0.650932 0.432063 0.535714
v 0.650932 0.419876 0.428571
v 0.659266 0.365209 0.535714
v 0.655694 0.363539 0.535714
v 0.655694 0.349295 0.428571
v 0.659266 0.351015 0.428571
v 0.652123 0.365209 0.535714
v 0.652123 0.351015 0.428571
v 0.659266 0.323826 0.748993
v 0.659266 0.345077 0.642857
v 0.660456 0.350301 0.642857
v 0.660456 0.329275 0.748993
v 0.660456 0.414777 0.642857
v 0.660456 0.396531 0.748993
v 0.652123 0.323826 0.748993
v 0.650932 0.329275 0.748993
v 0.650932 0.350301 0.642857
v 0.652123 0.345077 0.642857
v 0.650932 0.396531 0.748993
v 0.650932 0.414777 0.642857
v 0.659266 0.323826 0.748993
v 0.655694 0.322010 0.748993
v 0.655694 0.343336 0.642857
v 0.659266 0.345077 0.642857
v 0.652123 0.323826 0.748993
v 0.652123 0.345077 0.642857
v -0.532789 0.131782 0.965476
v -0.532790 0.130164 0.969047
v -0.602474 0.113104 0.969047
v -0.602474 0.114730 0.965476
v -0.532790 0.131782 0.972619
v -0.602474 0.114730 0.972619
v -0.655103 0.094516 0.972619
v -0.655103 0.092857 0.969047
v -0.655103 0.094516 0.965476
v -0.532789 0.196543 0.964286
v -0.532790 0.136636 0.964286
v -0.602474 0.119610 0.964286
v -0.602474 0.179836 0.964286
v -0.532789 0.131782 0.965476
v -0.602474 0.114730 0.965476
v -0.655103 0.094516 0.965476
v -0.655103 0.099492 0.964286
v -0.655103 0.160919 0.964286
v -0.532790 0.131782 0.972619
v -0.532790 0.136636 0.973809
v -0.602474 0.119610 0.973809
v -0.602474 0.114730 0.972619
v -0.532790 0.196543 0.973809
v -0.602474 0.179836 0.973809
v -0.655103 0.160919 0.973809
v -0.655103 0.099492 0.973809
v -0.655103 0.094516 0.972619
v -0.386105 0.132385 0.965476
v -0.386105 0.130661 0.969047
v -0.460179 0.128855 0.969047
v -0.460179 0.130531 0.965476
v -0.386105 0.132385 0.972619
v -0.460179 0.130531 0.972619
v -0.386105 0.201409 0.964286
v -0.386105 0.137558 0.964286
v -0.460179 0.135559 0.964286
v -0.460179 0.197621 0.964286
v -0.386105 0.132385 0.965476
v -0.460179 0.130531 0.965476
v -0.386105 0.132385 0.972619
v -0.386105 0.137558 0.973809
v -0.460179 0.135559 0.973809
v -0.460179 0.130531 0.972619
v -0.386105 0.201409 0.973809
v -0.460179 0.197621 0.973809
v -0.237957 0.185503 0.965476
v -0.237957 0.183857 0.969047
v -0.312031 0.157068 0.969047
v -0.312031 0.158754 0.965476
v -0.237957 0.185503 0.972619
v -0.312031 0.158754 0.972619
v -0.237956 0.251411 0.964286
v -0.237957 0.190443 0.964286
v -0.312031 0.163812 0.964286
v -0.312031 0.226246 0.964286
v -0.237957 0.185503 0.965476
v -0.312031 0.158754 0.965476
v -0.237957 0.185503 0.972619
v -0.237957 0.190443 0.973809
v -0.312031 0.163812 0.973809
v -0.312031 0.158754 0.972619
v -0.237957 0.251411 0.973809
v -0.312031 0.226246 0.973809
v -0.089808 0.191388 0.965476
v -0.089808 0.189652 0.969047
v -0.163882 0.186809 0.969047
v -0.163883 0.188500 0.965476
v -0.089808 0.191388 0.972619
v -0.163883 0.188500 0.972619
v -0.089808 0.260855 0.964286
v -0.089808 0.196594 0.964286
v -0.163882 0.193572 0.964286
v -0.163883 0.256180 0.964286
v -0.089808 0.191388 0.965476
v -0.163883 0.188500 0.965476
v -0.089808 0.191388 0.972619
v -0.089808 0.196594 0.973809
v -0.163882 0.193572 0.973809
v -0.163883 0.188500 0.972619
v -0.089808 0.260855 0.973809
v -0.163883 0.256180 0.973809
v 0.058340 0.242601 0.965476
v 0.058340 0.240937 0.969047
v -0.015734 0.216113 0.969047
v -0.015734 0.217810 0.965476
v 0.058340 0.242601 0.972619
v -0.015734 0.217810 0.972619
v 0.058340 0.309221 0.964286
v 0.058340 0.247594 0.964286
v -0.015734 0.222901 0.964286
v -0.015734 0.285738 0.964286
v 0.058340 0.242601 0.965476
v -0.015734 0.217810 0.965476
v 0.058340 0.242601 0.972619
v 0.058340 0.247594 0.973809
v -0.015734 0.222901 0.973809
v -0.015734 0.217810 0.972619
v 0.058340 0.309221 0.973809
v -0.015734 0.285738 0.973809
v 0.206488 0.237162 0.965476
v 0.206488 0.235369 0.969047
v 0.132414 0.238867 0.969047
v 0.132414 0.240593 0.965476
v 0.206488 0.237162 0.972619
v 0.132414 0.240593 0.972619
v 0.206488 0.308942 0.964286
v 0.206488 0.242542 0.964286
v 0.132414 0.245772 0.964286
v 0.132414 0.309692 0.964286
v 0.206488 0.237162 0.965476
v 0.132414 0.240593 0.965476
v 0.206488 0.237162 0.972619
v 0.206488 0.242542 0.973809
v 0.132414 0.245772 0.973809
v 0.132414 0.240593 0.972619
v 0.206488 0.308942 0.973809
v 0.132414 0.309692 0.973809
v 0.354636 0.282128 0.965476
v 0.354636 0.280384 0.969047
v 0.280562 0.255907 0.969047
v 0.280562 0.257682 0.965476
v 0.354636 0.282128 0.972619
v 0.280562 0.257682 0.972619
v 0.354636 0.351944 0.964286
v 0.354636 0.287361 0.964286
v 0.280562 0.263009 0.964286
v 0.280562 0.328757 0.964286
v 0.354636 0.282128 0.965476
v 0.280562 0.257682 0.965476
v 0.354636 0.282128 0.972619
v 0.354636 0.287361 0.973809
v 0.280562 0.263009 0.973809
v 0.280562 0.257682 0.972619
v 0.354636 0.351944 0.973809
v 0.280562 0.328757 0.973809
v 0.502004 0.299423 0.965476
v 0.502004 0.297631 0.969047
v 0.428710 0.288706 0.969047
v 0.428710 0.290475 0.965476
v 0.502004 0.299423 0.972619
v 0.428710 0.290475 0.972619
v 0.502004 0.371162 0.964286
v 0.502004 0.304800 0.964286
v 0.428710 0.295784 0.964286
v 0.428710 0.361307 0.964286
v 0.502004 0.299423 0.965476
v 0.428710 0.290475 0.965476
v 0.502004 0.299423 0.972619
v 0.502004 0.304800 0.973809
v 0.428710 0.295784 0.973809
v 0.428710 0.290475 0.972619
v 0.502004 0.371162 0.973809
v 0.428710 0.361307 0.973809
v -0.656007 0.156076 -0.973810
v -0.656007 0.094163 -0.973810
v -0.677151 0.088879 -0.973810
v -0.677151 0.150901 -0.973810
v -0.656007 0.089147 -0.972619
v -0.677151 0.083854 -0.972619
v -0.680067 0.084428 -0.971693
v -0.681088 0.087895 -0.972619
v -0.681088 0.149937 -0.972619
v -0.656007 0.089147 -0.965476
v -0.656007 0.094163 -0.964286
v -0.677151 0.088879 -0.964286
v -0.677151 0.083854 -0.965476
v -0.656007 0.156076 -0.964286
v -0.677151 0.150901 -0.964286
v -0.681088 0.149937 -0.965476
v -0.681088 0.087895 -0.965476
v -0.680067 0.084428 -0.966402
v -0.656007 0.089147 -0.972619
v -0.656007 0.087475 -0.969048
v -0.677151 0.082179 -0.969048
v -0.677151 0.083854 -0.972619
v -0.656007 0.089147 -0.965476
v -0.677151 0.083854 -0.965476
v -0.680067 0.084428 -0.966402
v -0.681088 0.082869 -0.969048
v -0.680067 0.084428 -0.971693
v -0.386105 0.232381 -0.973810
v -0.386105 0.173423 -0.973810
v -0.460179 0.150476 -0.973810
v -0.460179 0.210403 -0.973810
v -0.386105 0.168646 -0.972619
v -0.460179 0.145621 -0.972619
v -0.532940 0.121817 -0.972619
v -0.532940 0.126761 -0.973810
v -0.532940 0.187795 -0.973810
v -0.386105 0.168646 -0.965476
v -0.386105 0.173423 -0.964286
v -0.460179 0.150476 -0.964286
v -0.460179 0.145621 -0.965476
v -0.386105 0.232381 -0.964286
v -0.460179 0.210403 -0.964286
v -0.532940 0.187795 -0.964286
v -0.532940 0.126761 -0.964286
v -0.532940 0.121817 -0.965476
v -0.386105 0.168646 -0.972619
v -0.386105 0.167054 -0.969048
v -0.460179 0.144002 -0.969048
v -0.460179 0.145621 -0.972619
v -0.386105 0.168646 -0.965476
v -0.460179 0.145621 -0.965476
v -0.532940 0.121817 -0.965476
v -0.532940 0.120168 -0.969048
v -0.532940 0.121817 -0.972619
v -0.237956 0.260141 -0.973810
v -0.237957 0.200654 -0.973810
v -0.312031 0.190491 -0.973810
v -0.312031 0.249257 -0.973810
v -0.237957 0.195835 -0.972619
v -0.312031 0.185730 -0.972619
v -0.237957 0.195835 -0.965476
v -0.237957 0.200654 -0.964286
v -0.312031 0.190491 -0.964286
v -0.312031 0.185730 -0.965476
v -0.237957 0.260141 -0.964286
v -0.312031 0.249257 -0.964286
v -0.237957 0.195835 -0.972619
v -0.237957 0.194228 -0.969048
v -0.312031 0.184143 -0.969048
v -0.312031 0.185730 -0.972619
v -0.237957 0.195835 -0.965476
v -0.312031 0.185730 -0.965476
v -0.089808 0.272744 -0.973810
v -0.089808 0.210420 -0.973810
v -0.163882 0.202887 -0.973810
v -0.163883 0.264143 -0.973810
v -0.089808 0.205371 -0.972619
v -0.163883 0.197924 -0.972619
v -0.089808 0.205371 -0.965476
v -0.089808 0.210420 -0.964286
v -0.163882 0.202887 -0.964286
v -0.163883 0.197924 -0.965476
v -0.089808 0.272744 -0.964286
v -0.163883 0.264143 -0.964286
v -0.089808 0.205371 -0.972619
v -0.089808 0.203688 -0.969048
v -0.163882 0.196270 -0.969048
v -0.163883 0.197924 -0.972619
v -0.089808 0.205371 -0.965476
v -0.163883 0.197924 -0.965476
v 0.058340 0.321293 -0.973810
v 0.058340 0.261606 -0.973810
v -0.015734 0.236487 -0.973810
v -0.015734 0.297430 -0.973810
v 0.058340 0.256770 -0.972619
v -0.015734 0.231550 -0.972619
v 0.058340 0.256770 -0.965476
v 0.058340 0.261606 -0.964286
v -0.015734 0.236487 -0.964286
v -0.015734 0.231550 -0.965476
v 0.058340 0.321293 -0.964286
v -0.015734 0.297430 -0.964286
v 0.058340 0.256770 -0.972619
v 0.058340 0.255158 -0.969048
v -0.015734 0.229904 -0.969048
v -0.015734 0.231550 -0.972619
v 0.058340 0.256770 -0.965476
v -0.015734 0.231550 -0.965476
v 0.206488 0.332545 -0.973810
v 0.206488 0.269815 -0.973810
v 0.132414 0.266295 -0.973810
v 0.132414 0.327426 -0.973810
v 0.206488 0.264733 -0.972619
v 0.132414 0.261343 -0.972619
v 0.206488 0.264733 -0.965476
v 0.206488 0.269815 -0.964286
v 0.132414 0.266295 -0.964286
v 0.132414 0.261343 -0.965476
v 0.206488 0.332545 -0.964286
v 0.132414 0.327427 -0.964286
v 0.206488 0.264733 -0.972619
v 0.206488 0.263039 -0.969048
v 0.132414 0.259692 -0.969048
v 0.132414 0.261343 -0.972619
v 0.206488 0.264733 -0.965476
v 0.132414 0.261343 -0.965476
v 0.354636 0.375257 -0.973810
v 0.354636 0.314275 -0.973810
v 0.280562 0.291424 -0.973810
v 0.280562 0.353362 -0.973810
v 0.354636 0.309335 -0.972619
v 0.280562 0.286406 -0.972619
v 0.354636 0.309335 -0.965476
v 0.354636 0.314275 -0.964286
v 0.280562 0.291424 -0.964286
v 0.280562 0.286406 -0.965476
v 0.354636 0.375257 -0.964286
v 0.280562 0.353362 -0.964286
v 0.354636 0.309335 -0.972619
v 0.354636 0.307688 -0.969048
v 0.280562 0.284733 -0.969048
v 0.280562 0.286406 -0.972619
v 0.354636 0.309335 -0.965476
v 0.280562 0.286406 -0.965476
v 0.501289 0.390030 -0.973810
v 0.501289 0.326589 -0.973810
v 0.428710 0.321523 -0.973810
v 0.428710 0.383611 -0.973810
v 0.501289 0.321449 -0.972619
v 0.428710 0.316493 -0.972619
v 0.501289 0.321449 -0.965476
v 0.501289 0.326589 -0.964286
v 0.428710 0.321523 -0.964286
v 0.428710 0.316493 -0.965476
v 0.501289 0.390030 -0.964286
v 0.428710 0.383611 -0.964286
v 0.501289 0.321449 -0.972619
v 0.501289 0.319736 -0.969048
v 0.428710 0.314816 -0.969048
v 0.428710 0.316493 -0.972619
v 0.501289 0.321449 -0.965476
v 0.428710 0.316493 -0.965476
v 0.660456 0.600150 -0.642857
v 0.660456 0.605721 -0.535714
v 0.660456 0.593015 -0.748739
v 0.660456 0.772557 -0.748739
v 0.660456 0.774466 -0.642857
v 0.660456 0.775957 -0.535714
v 0.660456 0.598568 -0.428571
v 0.660456 0.592686 -0.321429
v 0.660456 0.774043 -0.428571
v 0.660456 0.772469 -0.321429
v 0.660456 0.602073 -0.214286
v 0.660456 0.610663 -0.107143
v 0.660456 0.774981 -0.214286
v 0.660456 0.777279 -0.107143
v 0.660456 0.602392 -0.000000
v 0.660456 0.589368 0.107143
v 0.660456 0.775066 -0.000000
v 0.660456 0.771581 0.107143
v 0.660456 0.583698 0.214286
v 0.660456 0.586081 0.321429
v 0.660456 0.770064 0.214286
v 0.660456 0.770701 0.321429
v 0.660456 0.597214 0.428571
v 0.660456 0.604235 0.535714
v 0.660456 0.773681 0.428571
v 0.660456 0.775559 0.535714
v 0.660456 0.594277 0.642857
v 0.660456 0.583767 0.748993
v 0.660456 0.772894 0.642857
v 0.660456 0.770082 0.748993
v 0.660456 0.602940 0.960258
v 0.660456 0.603330 0.964469
v 0.660456 0.599227 0.931459
v 0.660456 0.774219 0.931459
v 0.660456 0.775213 0.960258
v 0.660456 0.775317 0.964469
v 0.660456 0.603460 0.969047
v 0.659266 0.603460 0.972619
v 0.660456 0.775352 0.969047
v 0.659266 0.775352 0.972619
v 0.655694 0.603460 0.973809
v 0.651343 0.603187 0.973809
v 0.659266 0.603460 0.972619
v 0.659266 0.775352 0.972619
v 0.655694 0.775352 0.973809
v 0.651343 0.775159 0.973809
v 0.647811 0.602369 0.973809
v 0.627731 0.595356 0.973809
v 0.647811 0.774580 0.973809
v 0.627731 0.769620 0.973809
v 0.428710 0.543719 0.973809
v 0.354636 0.531739 0.973809
v 0.502004 0.555912 0.973809
v 0.502004 0.739754 0.973809
v 0.428710 0.725234 0.973809
v 0.354636 0.710651 0.973809
v 0.280562 0.511797 0.973809
v 0.206488 0.493797 0.973809
v 0.280562 0.693937 0.973809
v 0.206488 0.677744 0.973809
v 0.132414 0.487644 0.973809
v 0.058340 0.480786 0.973809
v 0.132414 0.664720 0.973809
v 0.058340 0.651508 0.973809
v -0.015734 0.460674 0.973809
v -0.089808 0.439754 0.973809
v -0.015734 0.634749 0.973809
v -0.089808 0.617774 0.973809
v -0.163882 0.430475 0.973809
v -0.237957 0.421142 0.973809
v -0.163883 0.603914 0.973809
v -0.237957 0.590039 0.973809
v -0.312031 0.400061 0.973809
v -0.386105 0.379168 0.973809
v -0.312031 0.573020 0.973809
v -0.386105 0.556052 0.973809
v -0.460179 0.370400 0.973809
v -0.532790 0.363323 0.973809
v -0.460179 0.542329 0.973809
v -0.532790 0.529283 0.973809
v -0.655103 0.502095 0.973809
v -0.655103 0.331928 0.973809
v -0.602474 0.347504 0.973809
v -0.602474 0.514347 0.973809
v -0.680938 0.496081 0.965476
v -0.680938 0.324281 0.965476
v -0.682401 0.323848 0.969047
v -0.682401 0.495740 0.969047
v -0.680938 0.324281 0.972619
v -0.680938 0.496081 0.972619
v -0.532789 0.529283 0.964286
v -0.532790 0.363323 0.964286
v -0.602474 0.347504 0.964286
v -0.602474 0.514347 0.964286
v -0.655103 0.331928 0.964286
v -0.655103 0.502095 0.964286
v -0.386105 0.556052 0.964286
v -0.386105 0.379168 0.964286
v -0.460179 0.370400 0.964286
v -0.460179 0.542329 0.964286
v -0.237957 0.590039 0.964286
v -0.237957 0.421142 0.964286
v -0.312031 0.400061 0.964286
v -0.312031 0.573020 0.964286
v -0.089808 0.617774 0.964286
v -0.089808 0.439754 0.964286
v -0.163882 0.430475 0.964286
v -0.163883 0.603914 0.964286
v 0.058340 0.651508 0.964286
v 0.058340 0.480786 0.964286
v -0.015734 0.460674 0.964286
v -0.015734 0.634749 0.964286
v 0.206488 0.677744 0.964286
v 0.206488 0.493797 0.964286
v 0.132414 0.487644 0.964286
v 0.132414 0.664720 0.964286
v 0.354636 0.710651 0.964286
v 0.354636 0.531739 0.964286
v 0.280562 0.511797 0.964286
v 0.280562 0.693937 0.964286
v 0.502004 0.739754 0.964286
v 0.502004 0.555912 0.964286
v 0.428710 0.543719 0.964286
v 0.428710 0.725234 0.964286
v 0.650152 0.775124 0.963279
v 0.650152 0.603057 0.963279
v 0.647811 0.602369 0.964286
v 0.647811 0.774580 0.964286
v 0.627731 0.595356 0.964286
v 0.627731 0.769620 0.964286
v 0.650152 0.775124 0.963279
v 0.650932 0.775213 0.960258
v 0.650932 0.602940 0.960258
v 0.650152 0.603057 0.963279
v 0.650932 0.774219 0.931459
v 0.650932 0.599227 0.931459
v 0.650932 0.594277 0.642857
v 0.650932 0.604235 0.535714
v 0.650932 0.583767 0.748993
v 0.650932 0.770082 0.748993
v 0.650932 0.772894 0.642857
v 0.650932 0.775559 0.535714
v 0.650932 0.597214 0.428571
v 0.650932 0.586081 0.321429
v 0.650932 0.773681 0.428571
v 0.650932 0.770701 0.321429
v 0.650932 0.583698 0.214286
v 0.650932 0.589368 0.107143
v 0.650932 0.770064 0.214286
v 0.650932 0.771581 0.107143
v 0.650932 0.602392 -0.000000
v 0.650932 0.610663 -0.107143
v 0.650932 0.775066 -0.000000
v 0.650932 0.777279 -0.107143
v 0.650932 0.602073 -0.214286
v 0.650932 0.592686 -0.321429
v 0.650932 0.774981 -0.214286
v 0.650932 0.772469 -0.321429
v 0.650932 0.598568 -0.428571
v 0.650932 0.605721 -0.535714
v 0.650932 0.774043 -0.428571
v 0.650932 0.775957 -0.535714
v 0.650932 0.600150 -0.642857
v 0.650932 0.593015 -0.748739
v 0.650932 0.774466 -0.642857
v 0.650932 0.772557 -0.748739
v 0.650932 0.774698 -0.929933
v 0.650932 0.601016 -0.929933
v 0.650932 0.595479 -0.852098
v 0.650932 0.773216 -0.852098
v 0.623440 0.769147 -0.964286
v 0.623440 0.596136 -0.964286
v 0.644950 0.601866 -0.964286
v 0.644950 0.774001 -0.964286
v 0.649437 0.602971 -0.963025
v 0.649437 0.774990 -0.963024
v 0.428710 0.556462 -0.964286
v 0.354636 0.545029 -0.964286
v 0.501289 0.566646 -0.964286
v 0.501289 0.742394 -0.964286
v 0.428710 0.728462 -0.964286
v 0.354636 0.713965 -0.964286
v 0.280562 0.525795 -0.964286
v 0.206488 0.507183 -0.964286
v 0.280562 0.697380 -0.964286
v 0.206488 0.680962 -0.964286
v 0.132414 0.497613 -0.964286
v 0.058340 0.487459 -0.964286
v 0.132414 0.666963 -0.964286
v 0.058340 0.652808 -0.964286
v -0.015734 0.467092 -0.964286
v -0.089808 0.446252 -0.964286
v -0.015734 0.635920 -0.964286
v -0.089808 0.618906 -0.964286
v -0.163882 0.434676 -0.964286
v -0.237957 0.425750 -0.964286
v -0.163883 0.604370 -0.964286
v -0.237957 0.590544 -0.964286
v -0.312031 0.412859 -0.964286
v -0.386105 0.396517 -0.964286
v -0.312031 0.575657 -0.964286
v -0.386105 0.559846 -0.964286
v -0.460179 0.377236 -0.964286
v -0.532940 0.357709 -0.964286
v -0.460179 0.543248 -0.964286
v -0.532940 0.526788 -0.964286
v -0.677151 0.323567 -0.964286
v -0.681088 0.322660 -0.965476
v -0.656007 0.328438 -0.964286
v -0.656007 0.499952 -0.964286
v -0.677151 0.495384 -0.964286
v -0.681088 0.494534 -0.965476
v -0.682401 0.322358 -0.969048
v -0.681088 0.322660 -0.972619
v -0.681088 0.322660 -0.965476
v -0.681088 0.494534 -0.965476
v -0.682401 0.494250 -0.969048
v -0.681088 0.494534 -0.972619
v -0.656007 0.499952 -0.973810
v -0.656007 0.328438 -0.973810
v -0.677151 0.323567 -0.973810
v -0.677151 0.495384 -0.973810
v -0.681088 0.322660 -0.972619
v -0.681088 0.494534 -0.972619
v -0.386105 0.559846 -0.973810
v -0.386105 0.396517 -0.973810
v -0.460179 0.377236 -0.973810
v -0.460179 0.543248 -0.973810
v -0.532940 0.357709 -0.973810
v -0.532940 0.526788 -0.973810
v -0.237957 0.590544 -0.973810
v -0.237957 0.425750 -0.973810
v -0.312031 0.412859 -0.973810
v -0.312031 0.575657 -0.973810
v -0.089808 0.618906 -0.973810
v -0.089808 0.446252 -0.973810
v -0.163882 0.434676 -0.973810
v -0.163883 0.604370 -0.973810
v 0.058340 0.652808 -0.973810
v 0.058340 0.487459 -0.973810
v -0.015734 0.467092 -0.973810
v -0.015734 0.635920 -0.973810
v 0.206488 0.680962 -0.973810
v 0.206488 0.507183 -0.973810
v 0.132414 0.497613 -0.973810
v 0.132414 0.666963 -0.973810
v 0.354636 0.713965 -0.973810
v 0.354636 0.545029 -0.973810
v 0.280562 0.525795 -0.973810
v 0.280562 0.697380 -0.973810
v 0.501289 0.742394 -0.973810
v 0.501289 0.566646 -0.973810
v 0.428710 0.556462 -0.973810
v 0.428710 0.728462 -0.973810
v 0.650627 0.775014 -0.973810
v 0.650627 0.603061 -0.973810
v 0.644950 0.601866 -0.973810
v 0.644950 0.774001 -0.973810
v 0.623440 0.596136 -0.973810
v 0.623440 0.769147 -0.973810
v 0.655694 0.603460 -0.973810
v 0.659266 0.603460 -0.972619
v 0.655694 0.775352 -0.973810
v 0.659266 0.775352 -0.972619
v 0.659266 0.775352 -0.972619
v 0.660456 0.775352 -0.969048
v 0.660456 0.603460 -0.969048
v 0.659266 0.603460 -0.972619
v 0.660456 0.775328 -0.964215
v 0.660456 0.603370 -0.964215
v 0.660456 0.595479 -0.852098
v 0.660456 0.601016 -0.929933
v 0.660456 0.774698 -0.929933
v 0.660456 0.773216 -0.852098
v 0.660456 0.834740 -0.852098
v 0.660456 0.834705 -0.748739
v 0.660456 0.834818 -0.929933
v 0.660456 0.838157 -0.929933
v 0.660456 0.838157 -0.852098
v 0.660456 0.838157 -0.748739
v 0.660456 0.834806 -0.642857
v 0.660456 0.834884 -0.535714
v 0.660456 0.838157 -0.642857
v 0.660456 0.838157 -0.535714
v 0.660456 0.834783 -0.428571
v 0.660456 0.834701 -0.321429
v 0.660456 0.838157 -0.428571
v 0.660456 0.838157 -0.321429
v 0.660456 0.834833 -0.214286
v 0.660456 0.834954 -0.107143
v 0.660456 0.838157 -0.214286
v 0.660456 0.838157 -0.107143
v 0.660456 0.834837 -0.000000
v 0.660456 0.834654 0.107143
v 0.660456 0.838157 -0.000000
v 0.660456 0.838157 0.107143
v 0.660456 0.834574 0.214286
v 0.660456 0.834608 0.321429
v 0.660456 0.838157 0.214286
v 0.660456 0.838157 0.321429
v 0.660456 0.834764 0.428571
v 0.660456 0.834863 0.535714
v 0.660456 0.838157 0.428571
v 0.660456 0.838157 0.535714
v 0.660456 0.834723 0.642857
v 0.660456 0.834575 0.748993
v 0.660456 0.838157 0.642857
v 0.660456 0.838157 0.748993
v 0.660456 0.834845 0.960258
v 0.660456 0.834850 0.964469
v 0.660456 0.834793 0.931459
v 0.660456 0.838157 0.931459
v 0.660456 0.838157 0.960258
v 0.660456 0.838157 0.964469
v 0.660456 0.834852 0.969047
v 0.659266 0.834852 0.972619
v 0.660456 0.838157 0.969047
v 0.659266 0.838157 0.972619
v 0.655694 0.834852 0.973809
v 0.651343 0.834687 0.973809
v 0.659266 0.834852 0.972619
v 0.659266 0.838157 0.972619
v 0.655694 0.838157 0.973809
v 0.651343 0.837993 0.973809
v 0.647811 0.834191 0.973809
v 0.627731 0.829941 0.973809
v 0.647811 0.837502 0.973809
v 0.627731 0.833291 0.973809
v 0.428710 0.788065 0.973809
v 0.354636 0.772581 0.973809
v 0.502004 0.803391 0.973809
v 0.502004 0.806925 0.973809
v 0.428710 0.791555 0.973809
v 0.354636 0.776021 0.973809
v 0.280562 0.756985 0.973809
v 0.206488 0.741417 0.973809
v 0.280562 0.760487 0.973809
v 0.206488 0.744953 0.973809
v 0.132414 0.726015 0.973809
v 0.058340 0.710603 0.973809
v 0.132414 0.729419 0.973809
v 0.058340 0.713885 0.973809
v -0.015734 0.695005 0.973809
v -0.089808 0.679395 0.973809
v -0.015734 0.698351 0.973809
v -0.089808 0.682817 0.973809
v -0.163882 0.663949 0.973809
v -0.237957 0.648502 0.973809
v -0.163882 0.667283 0.973809
v -0.237957 0.651749 0.973809
v -0.312031 0.632890 0.973809
v -0.386105 0.617281 0.973809
v -0.312031 0.636215 0.973809
v -0.386105 0.620681 0.973809
v -0.460179 0.601842 0.973809
v -0.532790 0.586730 0.973809
v -0.460179 0.605147 0.973809
v -0.532790 0.589920 0.973809
v -0.602474 0.572099 0.973809
v -0.655103 0.560999 0.973809
v -0.602474 0.575307 0.973809
v -0.655103 0.564270 0.973809
v -0.680938 0.558852 0.965476
v -0.680938 0.555549 0.965476
v -0.682401 0.555241 0.969047
v -0.682401 0.558545 0.969047
v -0.680938 0.555549 0.972619
v -0.680938 0.558852 0.972619
v -0.532790 0.589920 0.964286
v -0.532790 0.586730 0.964286
v -0.602474 0.572099 0.964286
v -0.602474 0.575307 0.964286
v -0.655103 0.560999 0.964286
v -0.655103 0.564270 0.964286
v -0.386105 0.620681 0.964286
v -0.386105 0.617281 0.964286
v -0.460179 0.601842 0.964286
v -0.460179 0.605147 0.964286
v -0.237957 0.651749 0.964286
v -0.237957 0.648502 0.964286
v -0.312031 0.632890 0.964286
v -0.312031 0.636215 0.964286
v -0.089808 0.682817 0.964286
v -0.089808 0.679395 0.964286
v -0.163882 0.663949 0.964286
v -0.163882 0.667283 0.964286
v 0.058340 0.713885 0.964286
v 0.058340 0.710603 0.964286
v -0.015734 0.695005 0.964286
v -0.015734 0.698351 0.964286
v 0.206488 0.744953 0.964286
v 0.206488 0.741417 0.964286
v 0.132414 0.726015 0.964286
v 0.132414 0.729419 0.964286
v 0.354636 0.776021 0.964286
v 0.354636 0.772581 0.964286
v 0.280562 0.756985 0.964286
v 0.280562 0.760487 0.964286
v 0.502004 0.806925 0.964286
v 0.502004 0.803391 0.964286
v 0.428710 0.788065 0.964286
v 0.428710 0.791555 0.964286
v 0.650152 0.837993 0.963279
v 0.650152 0.834685 0.963279
v 0.647811 0.834191 0.964286
v 0.647811 0.837502 0.964286
v 0.627731 0.829941 0.964286
v 0.627731 0.833291 0.964286
v 0.650152 0.837993 0.963279
v 0.650932 0.838157 0.960258
v 0.650932 0.834845 0.960258
v 0.650152 0.834685 0.963279
v 0.650932 0.838157 0.931459
v 0.650932 0.834793 0.931459
v 0.650932 0.834723 0.642857
v 0.650932 0.834863 0.535714
v 0.650932 0.834575 0.748993
v 0.650932 0.838157 0.748993
v 0.650932 0.838157 0.642857
v 0.650932 0.838157 0.535714
v 0.650932 0.834764 0.428571
v 0.650932 0.834608 0.321429
v 0.650932 0.838157 0.428571
v 0.650932 0.838157 0.321429
v 0.650932 0.834574 0.214286
v 0.650932 0.834654 0.107143
v 0.650932 0.838157 0.214286
v 0.650932 0.838157 0.107143
v 0.650932 0.834837 -0.000000
v 0.650932 0.834954 -0.107143
v 0.650932 0.838157 -0.000000
v 0.650932 0.838157 -0.107143
v 0.650932 0.834833 -0.214286
v 0.650932 0.834701 -0.321429
v 0.650932 0.838157 -0.214286
v 0.650932 0.838157 -0.321429
v 0.650932 0.834783 -0.428571
v 0.650932 0.834884 -0.535714
v 0.650932 0.838157 -0.428571
v 0.650932 0.838157 -0.535714
v 0.650932 0.834806 -0.642857
v 0.650932 0.834705 -0.748739
v 0.650932 0.838157 -0.642857
v 0.650932 0.838157 -0.748739
v 0.650932 0.834740 -0.852098
v 0.650932 0.834818 -0.929933
v 0.650932 0.838157 -0.852098
v 0.650932 0.838157 -0.929933
v 0.644950 0.833586 -0.964286
v 0.623440 0.829034 -0.964286
v 0.649437 0.834534 -0.963025
v 0.649437 0.837842 -0.963025
v 0.644950 0.836895 -0.964286
v 0.623440 0.832360 -0.964286
v 0.428710 0.788000 -0.964286
v 0.354636 0.772442 -0.964286
v 0.501289 0.803229 -0.964286
v 0.501289 0.806608 -0.964286
v 0.428710 0.791306 -0.964286
v 0.354636 0.775689 -0.964286
v 0.280562 0.756774 -0.964286
v 0.206488 0.741115 -0.964286
v 0.280562 0.760073 -0.964286
v 0.206488 0.744456 -0.964286
v 0.132414 0.725584 -0.964286
v 0.058340 0.710044 -0.964286
v 0.132414 0.728840 -0.964286
v 0.058340 0.713223 -0.964286
v -0.015734 0.694360 -0.964286
v -0.089808 0.678670 -0.964286
v -0.015734 0.697606 -0.964286
v -0.089808 0.681989 -0.964286
v -0.163882 0.663110 -0.964286
v -0.237957 0.647587 -0.964286
v -0.163882 0.666372 -0.964286
v -0.237957 0.650755 -0.964286
v -0.312031 0.632009 -0.964286
v -0.386105 0.616382 -0.964286
v -0.312031 0.635139 -0.964286
v -0.386105 0.619522 -0.964286
v -0.460179 0.600714 -0.964286
v -0.532940 0.585315 -0.964286
v -0.460179 0.603905 -0.964286
v -0.532940 0.588565 -0.964286
v -0.677151 0.554859 -0.964286
v -0.681088 0.554027 -0.965476
v -0.656007 0.559322 -0.964286
v -0.656007 0.562619 -0.964286
v -0.677151 0.558162 -0.964286
v -0.681088 0.557332 -0.965476
v -0.682401 0.553750 -0.969048
v -0.681088 0.554027 -0.972619
v -0.681088 0.554027 -0.965476
v -0.681088 0.557332 -0.965476
v -0.682401 0.557055 -0.969048
v -0.681088 0.557332 -0.972619
v -0.656007 0.562619 -0.973810
v -0.656007 0.559322 -0.973810
v -0.677151 0.554859 -0.973810
v -0.677151 0.558162 -0.973810
v -0.681088 0.554027 -0.972619
v -0.681088 0.557332 -0.972619
v -0.386105 0.619522 -0.973810
v -0.386105 0.616382 -0.973810
v -0.460179 0.600714 -0.973810
v -0.460179 0.603905 -0.973810
v -0.532940 0.585315 -0.973810
v -0.532940 0.588565 -0.973810
v -0.237957 0.650755 -0.973810
v -0.237957 0.647587 -0.973810
v -0.312031 0.632009 -0.973810
v -0.312031 0.635139 -0.973810
v -0.089808 0.681989 -0.973810
v -0.089808 0.678670 -0.973810
v -0.163882 0.663110 -0.973810
v -0.163882 0.666372 -0.973810
v 0.058340 0.713223 -0.973810
v 0.058340 0.710044 -0.973810
v -0.015734 0.694360 -0.973810
v -0.015734 0.697606 -0.973810
v 0.206488 0.744456 -0.973810
v 0.206488 0.741115 -0.973810
v 0.132414 0.725584 -0.973810
v 0.132414 0.728840 -0.973810
v 0.354636 0.775689 -0.973810
v 0.354636 0.772442 -0.973810
v 0.280562 0.756774 -0.973810
v 0.280562 0.760073 -0.973810
v 0.501289 0.806608 -0.973810
v 0.501289 0.803229 -0.973810
v 0.428710 0.788000 -0.973810
v 0.428710 0.791306 -0.973810
v 0.650627 0.837842 -0.973810
v 0.650627 0.834536 -0.973810
v 0.644950 0.833586 -0.973810
v 0.644950 0.836895 -0.973810
v 0.623440 0.829034 -0.973810
v 0.623440 0.832360 -0.973810
v 0.655694 0.834852 -0.973810
v 0.659266 0.834852 -0.972619
v 0.655694 0.838157 -0.973810
v 0.659266 0.838157 -0.972619
v 0.660456 0.838157 -0.964215
v 0.660456 0.834851 -0.964215
v 0.660456 0.834852 -0.969048
v 0.660456 0.838157 -0.969048
v 0.659266 0.834852 -0.972619
v 0.659266 0.838157 -0.972619
v -0.603077 0.107391 -0.973810
v -0.603077 0.169030 -0.973810
v -0.603077 0.102397 -0.972619
v -0.603077 0.100732 -0.969048
v -0.603077 0.102397 -0.972619
v -0.603077 0.102397 -0.965476
v -0.603077 0.107391 -0.964286
v -0.603077 0.102397 -0.965476
v -0.603077 0.169030 -0.964286
v -0.603077 0.340631 -0.964286
v -0.603077 0.511388 -0.964286
v -0.603077 0.570496 -0.964286
v -0.603077 0.573778 -0.964286
v -0.603077 0.570496 -0.973810
v -0.603077 0.573778 -0.973810
v -0.603077 0.511388 -0.973810
v -0.603077 0.340631 -0.973810
v -0.676548 0.091295 0.973809
v -0.676548 0.086279 0.972619
v -0.676548 0.153211 0.973809
v -0.680938 0.151633 0.972619
v -0.680938 0.089617 0.972619
v -0.679800 0.086333 0.971693
v -0.676548 0.084607 0.969047
v -0.676548 0.086279 0.965476
v -0.676548 0.086279 0.972619
v -0.679800 0.086333 0.971693
v -0.680938 0.084594 0.969047
v -0.679800 0.086333 0.966402
v -0.676548 0.091295 0.964286
v -0.676548 0.153211 0.964286
v -0.676548 0.086279 0.965476
v -0.679800 0.086333 0.966402
v -0.680938 0.089617 0.965476
v -0.680938 0.151633 0.965476
v -0.676548 0.325581 0.964286
v -0.676548 0.497103 0.964286
v -0.680938 0.324281 0.965476
v -0.680938 0.496081 0.965476
v -0.676548 0.556475 0.964286
v -0.676548 0.559773 0.964286
v -0.680938 0.555549 0.965476
v -0.680938 0.558852 0.965476
v -0.680938 0.496081 0.972619
v -0.676548 0.497103 0.973809
v -0.676548 0.556475 0.973809
v -0.680938 0.555549 0.972619
v -0.676548 0.559773 0.973809
v -0.680938 0.558852 0.972619
v -0.676548 0.325581 0.973809
v -0.680938 0.324281 0.972619
v 0.652123 0.334663 0.853115
v 0.655694 0.332885 0.853115
v 0.659266 0.334663 0.853115
v 0.660456 0.339997 0.853115
v 0.660456 0.405835 0.853115
v 0.659266 0.334663 0.853115
v 0.660456 0.589126 0.853115
v 0.660456 0.771516 0.853115
v 0.660456 0.834650 0.853115
v 0.660456 0.838157 0.853115
v 0.650932 0.834650 0.853115
v 0.650932 0.771516 0.853115
v 0.650932 0.838157 0.853115
v 0.650932 0.589126 0.853115
v 0.650932 0.405835 0.853115
v 0.650932 0.339997 0.853115
v 0.652123 0.334663 0.853115
v 0.573737 0.330930 0.964286
v 0.573737 0.395827 0.964286
v 0.573737 0.325672 0.965476
v 0.573737 0.576498 0.964286
v 0.573737 0.756280 0.964286
v 0.573737 0.818512 0.964286
v 0.573737 0.821968 0.964286
v 0.573737 0.756280 0.973809
v 0.573737 0.818512 0.973809
v 0.573737 0.821968 0.973809
v 0.573737 0.395827 0.973809
v 0.573737 0.576498 0.973809
v 0.573737 0.330930 0.973809
v 0.573737 0.325672 0.972619
v 0.573737 0.323919 0.969047
v 0.573737 0.325672 0.965476
v 0.573737 0.325672 0.972619
v 0.570876 0.342893 -0.964286
v 0.570876 0.337771 -0.965476
v 0.570876 0.406118 -0.964286
v 0.570876 0.336063 -0.969048
v 0.570876 0.337771 -0.972619
v 0.570876 0.337771 -0.965476
v 0.570876 0.342893 -0.973810
v 0.570876 0.406118 -0.973810
v 0.570876 0.337771 -0.972619
v 0.570876 0.582134 -0.973810
v 0.570876 0.757283 -0.973810
v 0.570876 0.817911 -0.973810
v 0.570876 0.821278 -0.973810
v 0.570876 0.757283 -0.964286
v 0.570876 0.817911 -0.964286
v 0.570876 0.821278 -0.964286
v 0.570876 0.582134 -0.964286
v 0.650932 0.367951 -0.959241
v 0.652123 0.362916 -0.959241
v 0.650932 0.430095 -0.959241
v 0.649437 0.430103 -0.963024
v 0.649437 0.368008 -0.963025
v 0.650737 0.362613 -0.964241
v 0.655694 0.361238 -0.959241
v 0.659266 0.362916 -0.959241
v 0.652123 0.362916 -0.959241
v 0.650737 0.362613 -0.964241
v 0.655694 0.361784 -0.964215
v 0.659266 0.363460 -0.964215
v 0.660456 0.367951 -0.959241
v 0.660456 0.430095 -0.959241
v 0.659266 0.362916 -0.959241
v 0.660456 0.603101 -0.959241
v 0.660456 0.775256 -0.959241
v 0.660456 0.834847 -0.959241
v 0.660456 0.838157 -0.959241
v 0.649437 0.774990 -0.963024
v 0.650932 0.775256 -0.959241
v 0.650932 0.834847 -0.959241
v 0.649437 0.834534 -0.963025
v 0.650932 0.838157 -0.959241
v 0.649437 0.837842 -0.963025
v 0.650932 0.603101 -0.959241
v 0.649437 0.602971 -0.963025
vn 0.9999 -0.0158 0.0019
vn 0.8149 -0.5755 0.0689
vn 0.8138 -0.5636 0.1417
vn 0.9999 -0.0125 0.0031
vn 0.8176 -0.5572 0.1452
vn 0.9999 -0.0139 0.0036
vn 1.0000 -0.0000 -0.0000
vn -0.7586 -0.0223 -0.6512
vn -0.7905 -0.0000 -0.6125
vn -0.9998 -0.0000 -0.0202
vn -0.9998 -0.0135 -0.0155
vn -1.0000 -0.0000 -0.0000
vn -0.9999 -0.0138 0.0036
vn -0.7701 -0.6230 0.1373
vn -0.8176 -0.5572 0.1452
vn -0.5998 -0.7223 -0.3443
vn 0.1165 -0.9922 0.0450
vn -0.5998 -0.7223 -0.3442
vn -0.7701 -0.6230 0.1372
vn 0.0066 -0.9718 0.2356
vn -0.0003 -0.9675 0.2527
vn 0.7238 -0.0170 -0.6898
vn 0.4342 -0.5231 -0.7333
vn 0.1966 -0.5682 -0.7991
vn 0.1373 -0.0169 -0.9904
vn 0.1035 -0.5754 -0.8113
vn 0.0032 -0.0177 -0.9998
vn 0.1365 -0.0000 -0.9906
vn -0.0000 -0.0000 -1.0000
vn 0.7071 -0.0000 -0.7071
vn 0.0034 -0.0177 0.9998
vn 0.1119 -0.5748 0.8106
vn 0.2080 -0.5669 0.7971
vn 0.1494 -0.0168 0.9886
vn 0.4342 -0.5231 0.7333
vn 0.7238 -0.0170 0.6898
vn 0.1485 -0.0000 0.9889
vn 0.7071 -0.0000 0.7071
vn -0.0000 -0.0000 1.0000
vn 0.8732 -0.4573 -0.1684
vn 0.8157 -0.5769 -0.0427
vn 0.1156 -0.9933 0.0017
vn 0.2000 -0.9651 -0.1688
vn -0.5729 -0.7705 0.2796
vn 0.1616 -0.9862 -0.0351
vn 0.1966 -0.5682 -0.7990
vn 0.4342 -0.5232 -0.7333
vn -0.9441 -0.3297 -0.0000
vn -0.2790 -0.5578 0.7817
vn -0.6882 -0.0179 0.7253
vn -1.0000 -0.0010 -0.0000
vn -0.6724 -0.0000 0.7402
vn -1.0000 -0.0000 -0.0001
vn -0.6882 -0.0179 -0.7253
vn -0.6724 -0.0000 -0.7402
vn -0.2789 -0.5578 -0.7817
vn 0.9905 -0.0000 -0.1372
vn 0.9999 -0.0163 -0.0012
vn 0.9917 -0.0102 -0.1283
vn 0.0519 -0.9893 0.1364
vn 0.1166 -0.9922 0.0450
vn 0.2044 -0.9614 0.1842
vn 0.8149 -0.5755 0.0688
vn 0.8737 -0.4522 0.1793
vn 0.4342 -0.5232 0.7333
vn 0.8737 -0.4523 0.1793
vn 0.9915 -0.0098 0.1295
vn 0.9902 -0.0000 0.1400
vn -0.6322 -0.0000 -0.7748
vn -0.6471 -0.0188 -0.7622
vn -0.1643 -0.5732 -0.8028
vn -0.9239 -0.3826 -0.0000
vn -0.6471 -0.0189 0.7622
vn -0.1643 -0.5732 0.8028
vn -0.6321 -0.0000 0.7749
vn 0.1409 -0.5880 0.7965
vn -0.5728 -0.7705 0.2795
vn -0.6059 -0.0260 0.7951
vn -0.0426 -0.0185 0.9989
vn -0.6443 -0.0000 0.7648
vn -0.0482 -0.0000 0.9988
vn 0.0056 -0.0175 0.9998
vn 0.1826 -0.5650 0.8047
vn 0.0054 -0.0176 -0.9998
vn 0.1755 -0.5680 -0.8041
vn 0.0056 -0.0175 -0.9998
vn 0.1826 -0.5650 -0.8047
vn 0.2855 -0.9583 -0.0074
vn 0.1409 -0.5881 0.7965
vn 0.3077 -0.9515 -0.0002
vn 0.1826 -0.5650 0.8046
vn 0.1826 -0.5650 -0.8046
vn -0.0445 -0.0000 -0.9990
vn -0.7904 -0.0000 -0.6125
vn -0.0362 -0.0181 -0.9992
vn -0.5997 -0.7224 -0.3442
vn 0.2271 -0.5726 -0.7878
vn 0.0085 -0.0173 -0.9998
vn 0.2695 -0.5479 -0.7919
vn 0.4142 -0.9102 0.0061
vn 0.2592 -0.5552 0.7903
vn 0.4417 -0.8972 0.0001
vn 0.2695 -0.5480 0.7919
vn 0.2695 -0.5480 -0.7919
vn 0.0082 -0.0175 0.9998
vn 0.0085 -0.0172 0.9998
vn 0.2695 -0.5479 0.7919
vn 0.9998 -0.0220 0.0010
vn 0.8212 -0.5701 0.0256
vn 0.8218 -0.5675 -0.0506
vn 0.9998 -0.0186 -0.0017
vn 0.8191 -0.5678 -0.0817
vn 0.9999 -0.0151 -0.0022
vn -0.8218 -0.5675 -0.0506
vn -0.8212 -0.5701 0.0257
vn -0.9998 -0.0219 0.0010
vn -0.9998 -0.0186 -0.0017
vn -0.9999 -0.0151 -0.0022
vn -0.8191 -0.5678 -0.0816
vn 0.8218 -0.5676 -0.0506
vn -0.0000 -0.9990 0.0451
vn -0.0000 -0.9960 -0.0890
vn -0.8218 -0.5676 -0.0506
vn -0.0002 -0.9898 -0.1426
vn -0.8191 -0.5678 -0.0817
vn 0.9999 -0.0137 -0.0002
vn 0.8197 -0.5727 -0.0086
vn 0.8179 -0.5712 0.0689
vn 0.9999 -0.0169 0.0020
vn -0.8179 -0.5712 0.0689
vn -0.8197 -0.5727 -0.0086
vn -0.9999 -0.0137 -0.0002
vn -0.9999 -0.0169 0.0020
vn -0.0001 -0.9999 -0.0152
vn -0.0000 -0.9928 0.1201
vn 0.9997 -0.0254 0.0009
vn 0.8188 -0.5738 0.0189
vn 0.8182 -0.5706 -0.0702
vn 0.9998 -0.0178 -0.0022
vn -0.8182 -0.5706 -0.0702
vn -0.8188 -0.5738 0.0189
vn -0.9997 -0.0254 0.0009
vn -0.9998 -0.0178 -0.0022
vn 0.8182 -0.5707 -0.0701
vn 0.8187 -0.5739 0.0189
vn -0.0000 -0.9995 0.0330
vn -0.0002 -0.9925 -0.1219
vn -0.8182 -0.5707 -0.0702
vn 0.9999 -0.0131 -0.0000
vn 0.8160 -0.5781 0.0018
vn 0.8134 -0.5735 0.0973
vn 0.9998 -0.0173 0.0029
vn -0.8134 -0.5735 0.0973
vn -0.8160 -0.5781 0.0017
vn -0.9999 -0.0131 -0.0000
vn -0.9998 -0.0173 0.0029
vn 0.8159 -0.5781 0.0017
vn -0.0000 -1.0000 0.0031
vn -0.0000 -0.9859 0.1675
vn -0.8159 -0.5781 0.0017
vn 0.9998 -0.0190 -0.0034
vn 0.8236 -0.5585 -0.0983
vn 0.8133 -0.5705 -0.1147
vn 0.9999 -0.0164 -0.0032
vn -0.8133 -0.5705 -0.1148
vn -0.8236 -0.5585 -0.0983
vn -0.9998 -0.0190 -0.0034
vn -0.9999 -0.0163 -0.0032
vn 0.8132 -0.5705 -0.1148
vn 0.8236 -0.5586 -0.0983
vn -0.0000 -0.9848 -0.1738
vn -0.0000 -0.9803 -0.1975
vn -0.8236 -0.5586 -0.0983
vn 0.9998 -0.0199 0.0026
vn 0.8279 -0.5564 0.0708
vn 0.8319 -0.5546 -0.0172
vn 0.9998 -0.0202 -0.0006
vn -0.8319 -0.5546 -0.0171
vn -0.8279 -0.5564 0.0708
vn -0.9998 -0.0199 0.0026
vn -0.9998 -0.0202 -0.0006
vn 0.8279 -0.5565 0.0708
vn -0.0000 -0.9920 0.1264
vn -0.0000 -0.9995 -0.0309
vn -0.8279 -0.5565 0.0708
vn -0.8319 -0.5546 -0.0172
vn 0.9999 -0.0128 -0.0003
vn 0.8233 -0.5673 -0.0158
vn 0.8204 -0.5635 0.0967
vn 0.9999 -0.0161 0.0027
vn -0.8204 -0.5635 0.0966
vn -0.8233 -0.5673 -0.0158
vn -0.9999 -0.0128 -0.0003
vn -0.9999 -0.0160 0.0027
vn 0.8204 -0.5636 0.0966
vn 0.8233 -0.5673 -0.0157
vn -0.0000 -0.9996 -0.0279
vn -0.0000 -0.9856 0.1693
vn -0.8204 -0.5636 0.0966
vn 0.9997 -0.0250 -0.0013
vn 0.8278 -0.5604 -0.0277
vn 0.8210 -0.5605 -0.1088
vn 0.9999 -0.0168 -0.0032
vn -0.8210 -0.5605 -0.1088
vn -0.8278 -0.5604 -0.0277
vn -0.9997 -0.0250 -0.0013
vn -0.9999 -0.0168 -0.0032
vn 0.8209 -0.5606 -0.1088
vn 0.8277 -0.5604 -0.0277
vn -0.0000 -0.9988 -0.0495
vn -0.0002 -0.9816 -0.1911
vn -0.8277 -0.5604 -0.0277
vn -0.8209 -0.5606 -0.1088
vn 0.1766 -0.5802 -0.7951
vn 0.0650 -0.5868 -0.8071
vn 0.1106 -0.9939 -0.0000
vn 0.2920 -0.9564 -0.0000
vn 0.0650 -0.5868 0.8071
vn 0.1766 -0.5802 0.7951
vn 0.3588 -0.9334 0.0003
vn 0.2196 -0.5717 0.7905
vn 0.2196 -0.5717 -0.7905
vn 0.0020 -0.0182 -0.9998
vn 0.0055 -0.0182 -0.9998
vn 0.0069 -0.0181 -0.9998
vn 0.2196 -0.5717 -0.7906
vn 0.0020 -0.0182 0.9998
vn 0.0055 -0.0183 0.9998
vn 0.0070 -0.0181 0.9998
vn 0.2196 -0.5717 0.7906
vn 0.0024 -0.5797 -0.8148
vn 0.1086 -0.5704 -0.8142
vn 0.1869 -0.9824 -0.0000
vn 0.0035 -1.0000 0.0002
vn 0.1087 -0.5704 0.8142
vn 0.0024 -0.5797 0.8149
vn 0.0034 -0.0176 -0.9998
vn 0.0006 -0.0178 -0.9998
vn 0.1087 -0.5704 -0.8142
vn 0.0024 -0.5796 -0.8149
vn 0.0024 -0.5796 0.8149
vn 0.1087 -0.5703 0.8142
vn 0.0034 -0.0176 0.9998
vn 0.0001 -0.0178 0.9998
vn 0.2025 -0.5649 -0.7999
vn 0.1155 -0.5764 -0.8090
vn 0.1976 -0.9803 -0.0000
vn 0.3378 -0.9412 0.0001
vn 0.1154 -0.5764 0.8090
vn 0.2026 -0.5649 0.7999
vn 0.0036 -0.0178 -0.9998
vn 0.0063 -0.0177 -0.9998
vn 0.2025 -0.5649 0.7999
vn 0.0036 -0.0178 0.9998
vn 0.0063 -0.0177 0.9998
vn 0.0229 -0.5755 -0.8174
vn 0.1123 -0.5674 -0.8157
vn 0.1937 -0.9811 -0.0000
vn 0.0394 -0.9992 0.0001
vn 0.1124 -0.5674 0.8157
vn 0.0229 -0.5755 0.8175
vn 0.0035 -0.0174 -0.9998
vn 0.0007 -0.0176 -0.9998
vn 0.1123 -0.5674 -0.8158
vn 0.0229 -0.5755 -0.8175
vn 0.1123 -0.5674 0.8158
vn 0.0034 -0.0174 0.9998
vn 0.0007 -0.0176 0.9998
vn 0.1946 -0.5629 -0.8033
vn 0.0882 -0.5733 -0.8146
vn 0.1522 -0.9884 -0.0000
vn 0.3270 -0.9450 -0.0000
vn 0.0881 -0.5733 0.8146
vn 0.1946 -0.5629 0.8033
vn 0.0027 -0.0176 -0.9998
vn 0.0060 -0.0175 -0.9998
vn 0.0881 -0.5732 -0.8146
vn 0.0027 -0.0176 0.9998
vn 0.0061 -0.0175 0.9998
vn -0.0208 -0.5673 -0.8233
vn 0.0643 -0.5572 -0.8279
vn 0.1142 -0.9935 -0.0000
vn -0.0372 -0.9993 0.0002
vn 0.0644 -0.5572 0.8279
vn -0.0208 -0.5673 0.8233
vn 0.0020 -0.0169 -0.9999
vn -0.0006 -0.0172 -0.9999
vn -0.0208 -0.5672 -0.8233
vn -0.0208 -0.5672 0.8233
vn 0.0643 -0.5572 0.8279
vn 0.0020 -0.0169 0.9999
vn -0.0006 -0.0172 0.9999
vn 0.1669 -0.5499 -0.8184
vn 0.1230 -0.5559 -0.8221
vn 0.2164 -0.9763 -0.0000
vn 0.2904 -0.9569 -0.0000
vn 0.1230 -0.5559 0.8221
vn 0.1669 -0.5499 0.8184
vn 0.0037 -0.0169 -0.9999
vn 0.0051 -0.0168 -0.9998
vn 0.1230 -0.5558 -0.8221
vn 0.1230 -0.5558 0.8221
vn 0.0037 -0.0169 0.9999
vn 0.0051 -0.0168 0.9998
vn 0.0654 -0.5572 -0.8278
vn 0.1341 -0.5522 -0.8229
vn 0.2355 -0.9719 -0.0000
vn 0.1166 -0.9932 -0.0001
vn 0.1341 -0.5522 0.8229
vn 0.0654 -0.5572 0.8278
vn 0.0041 -0.0168 -0.9999
vn 0.1341 -0.5521 -0.8229
vn 0.0654 -0.5571 -0.8278
vn 0.1341 -0.5521 0.8229
vn 0.0041 -0.0168 0.9999
vn -0.0476 -0.0000 -0.9989
vn 0.0045 -0.0179 -0.9998
vn -0.0431 -0.0176 -0.9989
vn 0.1439 -0.5749 -0.8054
vn 0.0917 -0.5785 -0.8105
vn -0.6881 -0.0179 -0.7254
vn -0.2790 -0.5577 -0.7818
vn 0.0917 -0.5785 0.8105
vn 0.1439 -0.5749 0.8054
vn 0.0045 -0.0179 0.9998
vn -0.0431 -0.0176 0.9989
vn -0.0476 -0.0000 0.9989
vn -0.2790 -0.5577 0.7818
vn 0.1439 -0.5750 -0.8054
vn 0.2429 -0.9701 0.0003
vn 0.1849 -0.9828 -0.0000
vn 0.1439 -0.5750 0.8054
vn -0.2789 -0.5577 -0.7817
vn 0.0050 -0.0186 -0.9998
vn 0.0058 -0.0184 -0.9998
vn 0.1597 -0.5897 -0.7917
vn 0.1856 -0.5820 -0.7917
vn 0.0055 -0.0181 -0.9998
vn 0.1747 -0.5775 -0.7975
vn 0.1856 -0.5820 0.7917
vn 0.1596 -0.5897 0.7917
vn 0.0050 -0.0186 0.9998
vn 0.0059 -0.0184 0.9998
vn 0.0055 -0.0181 0.9998
vn 0.1747 -0.5774 0.7975
vn 0.1856 -0.5821 -0.7917
vn 0.1596 -0.5897 -0.7917
vn 0.2615 -0.9652 -0.0000
vn 0.3041 -0.9526 -0.0000
vn 0.2896 -0.9572 -0.0000
vn 0.1747 -0.5775 0.7975
vn 0.0015 -0.0184 -0.9998
vn 0.0034 -0.0187 -0.9998
vn 0.0487 -0.5927 -0.8039
vn 0.1091 -0.5948 -0.7965
vn 0.1091 -0.5948 0.7965
vn 0.0487 -0.5927 0.8039
vn 0.0015 -0.0184 0.9998
vn 0.0034 -0.0186 0.9998
vn 0.1092 -0.5948 -0.7964
vn 0.0487 -0.5928 -0.8039
vn 0.0821 -0.9966 -0.0000
vn 0.1806 -0.9835 -0.0000
vn 0.1091 -0.5948 0.7964
vn 0.0041 -0.0179 -0.9998
vn 0.0012 -0.0181 -0.9998
vn 0.1310 -0.5768 -0.8063
vn 0.0376 -0.5850 -0.8102
vn 0.0376 -0.5850 0.8102
vn 0.1310 -0.5768 0.8063
vn 0.0041 -0.0179 0.9998
vn 0.0012 -0.0181 0.9998
vn 0.2211 -0.9753 -0.0000
vn 0.0640 -0.9980 -0.0000
vn 0.0036 -0.0182 -0.9998
vn 0.0063 -0.0181 -0.9998
vn 0.1176 -0.5850 -0.8024
vn 0.1992 -0.5741 -0.7942
vn 0.1992 -0.5741 0.7942
vn 0.1176 -0.5850 0.8024
vn 0.0036 -0.0182 0.9998
vn 0.0063 -0.0181 0.9998
vn 0.1176 -0.5851 -0.8024
vn 0.1974 -0.9803 -0.0000
vn 0.3281 -0.9446 -0.0001
vn 0.0030 -0.0178 -0.9998
vn 0.0010 -0.0180 -0.9998
vn 0.0976 -0.5765 -0.8113
vn 0.0314 -0.5843 -0.8109
vn 0.0314 -0.5843 0.8109
vn 0.0976 -0.5764 0.8113
vn 0.0030 -0.0178 0.9998
vn 0.0010 -0.0180 0.9998
vn 0.1665 -0.9860 -0.0000
vn 0.0532 -0.9986 -0.0001
vn 0.0976 -0.5765 0.8113
vn 0.0314 -0.5844 0.8109
vn 0.0036 -0.0179 -0.9998
vn 0.0054 -0.0178 -0.9998
vn 0.1174 -0.5780 -0.8075
vn 0.1721 -0.5715 -0.8024
vn 0.1721 -0.5715 0.8024
vn 0.1173 -0.5781 0.8075
vn 0.0036 -0.0179 0.9998
vn 0.0054 -0.0178 0.9998
vn 0.1174 -0.5781 -0.8075
vn 0.1992 -0.9799 -0.0000
vn 0.2885 -0.9575 -0.0000
vn 0.0026 -0.0175 -0.9998
vn 0.0015 -0.0177 -0.9998
vn 0.0855 -0.5713 -0.8163
vn 0.0477 -0.5778 -0.8148
vn 0.0477 -0.5778 0.8148
vn 0.0856 -0.5713 0.8163
vn 0.0026 -0.0175 0.9998
vn 0.0015 -0.0177 0.9998
vn 0.0477 -0.5779 -0.8147
vn 0.0856 -0.5713 -0.8162
vn 0.1478 -0.9890 -0.0000
vn 0.0822 -0.9966 0.0001
vn 0.0856 -0.5713 0.8162
vn 0.9895 -0.0000 0.1446
vn 0.9894 -0.0000 0.1453
vn 0.1486 -0.0000 0.9889
vn -0.6308 -0.0000 -0.7760
vn -0.6313 -0.0000 -0.7755
vn -0.6313 -0.0000 0.7755
vn -0.6308 -0.0000 0.7760
vn -0.0448 -0.0000 -0.9990
vn -0.7907 -0.0000 -0.6122
vn -0.7904 -0.0000 -0.6126
vn -0.0446 -0.0000 -0.9990
vn -0.9997 -0.0000 -0.0253
vn -0.9997 -0.0000 -0.0244
vn -0.0485 -0.0000 0.9988
vn -0.0484 -0.0000 0.9988
vn -0.6446 -0.0000 0.7645
vn -0.6451 -0.0000 0.7641
vn -0.6719 -0.0000 0.7407
vn -0.0475 -0.0000 0.9989
vn -0.0474 -0.0000 0.9989
vn -0.6714 -0.0000 0.7411
vn -0.6719 -0.0000 -0.7407
vn -0.6714 -0.0000 -0.7411
vn -0.0474 -0.0000 -0.9989
vn -0.0475 -0.0000 -0.9989
vn -0.6713 -0.0000 -0.7412
vn 0.1366 -0.0000 -0.9906
vn 0.9900 -0.0000 -0.1408
vn 0.9901 -0.0000 -0.1403
vn 0.9895 -0.0000 0.1445
vn -0.6308 -0.0000 -0.7759
vn -0.6303 -0.0000 -0.7763
vn -0.6303 -0.0000 0.7763
vn -0.6308 -0.0000 0.7759
vn -0.0449 -0.0000 -0.9990
vn -0.7912 -0.0000 -0.6116
vn -0.7911 -0.0000 -0.6117
vn -0.7912 -0.0000 -0.6115
vn -0.9997 -0.0000 -0.0243
vn -0.6455 -0.0000 0.7638
vn -0.0486 -0.0000 0.9988
vn -0.6456 -0.0000 0.7637
vn -0.6710 -0.0000 0.7415
vn -0.0473 -0.0000 0.9989
vn -0.6709 -0.0000 0.7416
vn -0.6710 -0.0000 -0.7415
vn -0.6709 -0.0000 -0.7416
vn -0.0472 -0.0000 -0.9989
vn -0.0473 -0.0000 -0.9989
vn 0.0048 -0.0179 -0.9998
vn 0.1529 -0.5758 -0.8031
vn 0.1529 -0.5759 -0.8031
vn 0.2566 -0.9665 -0.0000
vn 0.1529 -0.5759 0.8031
vn 0.1529 -0.5758 0.8031
vn 0.0048 -0.0179 0.9998
vn 0.1694 -0.5746 0.8007
vn -0.0396 -0.0177 0.9991
vn -0.0464 -0.0000 0.9989
vn -0.6471 -0.0188 0.7622
vn 0.1694 -0.5746 -0.8007
vn 0.3079 -0.9514 -0.0000
vn -0.9239 -0.3826 0.0001
vn -0.1643 -0.5733 0.8027
vn -0.0464 -0.0000 -0.9989
vn -0.0396 -0.0177 -0.9991
vn 0.1693 -0.5746 -0.8008
vn -0.1644 -0.5732 -0.8028
vn -0.6321 -0.0000 -0.7749
vn -0.0461 -0.0000 -0.9989
vn -0.0462 -0.0000 -0.9989
vn -0.6313 -0.0000 -0.7756
vn -0.0460 -0.0000 -0.9989
vn -0.6303 -0.0000 -0.7764
vn -0.6308 -0.0001 -0.7760
vn -0.6303 -0.0000 0.7764
vn -0.6307 -0.0000 0.7760
vn -0.0461 -0.0000 0.9989
vn -0.0460 -0.0000 0.9989
vn -0.6313 -0.0000 0.7756
vn -0.0462 -0.0000 0.9989
vn -0.8259 -0.5558 0.0950
vn -0.0000 -0.9856 0.1689
vn 0.8259 -0.5558 0.0950
vn 0.9998 -0.0181 0.0031
vn -0.8259 -0.5557 0.0950
vn -0.9998 -0.0180 0.0031
vn 0.0071 -0.0170 -0.9998
vn 0.2298 -0.5469 -0.8051
vn 0.2298 -0.5469 0.8051
vn 0.0071 -0.0170 0.9998
vn 0.3874 -0.9219 -0.0000
vn 0.2298 -0.5469 0.8050
vn 0.1543 -0.5657 0.8100
vn 0.0048 -0.0175 0.9998
vn 0.1543 -0.5657 -0.8100
vn 0.2631 -0.9648 -0.0000
vn 0.0048 -0.0175 -0.9998
vn -0.7605 -0.6459 -0.0672
vn -0.9992 -0.0162 0.0360
vn -0.9992 -0.0000 0.0401
vn -0.6060 -0.0259 0.7951
vn -0.6443 -0.0000 0.7647
vn -0.5728 -0.7706 0.2795
vn 0.8170 -0.5711 -0.0793
vn 0.0083 -0.9919 -0.1269
vn -0.7605 -0.6459 -0.0673
vn 0.1155 -0.9933 0.0017
vn 0.8157 -0.5769 -0.0428
vn 0.9999 -0.0141 -0.0020
vn 0.8171 -0.5711 -0.0793
vn -0.6455 -0.0000 0.7637
vn -0.9989 -0.0000 0.0459
vn -0.9990 -0.0000 0.0450
vn -0.9990 -0.0000 0.0449
vn -0.6456 -0.0000 0.7636
vt 0.053938 0.895469
vt 0.054023 0.898651
vt 0.055887 0.898651
vt 0.055887 0.895469
vt 0.057751 0.898651
vt 0.069216 0.895469
vt 0.055887 0.866018
vt 0.069216 0.866018
vt 0.053938 0.866018
vt 0.951016 0.896554
vt 0.951016 0.893341
vt 0.949134 0.866812
vt 0.949134 0.896554
vt 0.935673 0.866812
vt 0.935673 0.896554
vt 0.949134 0.899767
vt 0.947251 0.899767
vt 0.951016 0.899767
vt 0.014265 0.948871
vt 0.014265 0.951265
vt 0.016333 0.951265
vt 0.016333 0.948871
vt 0.018401 0.951265
vt 0.031121 0.948871
vt 0.016333 0.946478
vt 0.018401 0.946478
vt 0.014265 0.946478
vt 0.044515 0.316090
vt 0.044515 0.320439
vt 0.047644 0.320439
vt 0.047644 0.316090
vt 0.050772 0.320439
vt 0.051027 0.316090
vt 0.047644 0.275885
vt 0.051027 0.275885
vt 0.044515 0.311741
vt 0.955664 0.648261
vt 0.955432 0.652754
vt 0.958560 0.652754
vt 0.958560 0.648261
vt 0.961689 0.652754
vt 0.961689 0.648261
vt 0.958560 0.606719
vt 0.961689 0.643767
vt 0.955664 0.606719
vt 0.014265 0.933304
vt 0.014265 0.936724
vt 0.017684 0.936724
vt 0.017684 0.933305
vt 0.021103 0.936724
vt 0.021322 0.933305
vt 0.017684 0.929886
vt 0.021103 0.929886
vt 0.014265 0.929886
vt 0.978411 0.969833
vt 0.978411 0.960191
vt 0.964840 0.960191
vt 0.964840 0.969833
vt 0.951269 0.960191
vt 0.839209 0.969833
vt 0.964840 0.979474
vt 0.951269 0.979474
vt 0.978411 0.979474
vt 0.948812 0.866018
vt 0.946576 0.866018
vt 0.946576 0.895469
vt 0.948812 0.895469
vt 0.946608 0.898651
vt 0.948812 0.898651
vt 0.951016 0.895469
vt 0.951016 0.898651
vt 0.951016 0.892288
vt 0.020809 0.913020
vt 0.021103 0.909601
vt 0.017684 0.909601
vt 0.017684 0.913020
vt 0.014265 0.909601
vt 0.014265 0.913020
vt 0.017684 0.916439
vt 0.014265 0.916439
vt 0.021103 0.916439
vt 0.051820 0.898651
vt 0.051820 0.895469
vt 0.051820 0.866018
vt 0.049616 0.895469
vt 0.049616 0.892288
vt 0.049616 0.898651
vt 0.951270 0.979474
vt 0.964840 0.979474
vt 0.964840 0.969833
vt 0.978411 0.979474
vt 0.978411 0.969833
vt 0.964840 0.960192
vt 0.978411 0.960192
vt 0.951270 0.960192
vt 0.961411 0.321649
vt 0.965592 0.321649
vt 0.965592 0.317270
vt 0.961411 0.317270
vt 0.965592 0.312890
vt 0.961411 0.276750
vt 0.946381 0.317270
vt 0.946381 0.276750
vt 0.957231 0.321649
vt 0.054923 0.275885
vt 0.054923 0.316090
vt 0.054923 0.320439
vt 0.069846 0.316090
vt 0.059074 0.320439
vt 0.069846 0.275885
vt 0.025399 0.929886
vt 0.025399 0.933305
vt 0.025399 0.936724
vt 0.040843 0.933305
vt 0.029694 0.936724
vt 0.029694 0.929886
vt 0.043036 0.607800
vt 0.040819 0.645169
vt 0.040819 0.649695
vt 0.043036 0.649695
vt 0.040819 0.654221
vt 0.043036 0.654221
vt 0.057301 0.649695
vt 0.045254 0.654221
vt 0.057301 0.607800
vt 0.023344 0.909601
vt 0.023344 0.913020
vt 0.023344 0.916439
vt 0.037761 0.913020
vt 0.025586 0.916439
vt 0.025586 0.909601
vt 0.953230 0.652754
vt 0.953230 0.648261
vt 0.953230 0.606719
vt 0.939067 0.648261
vt 0.939067 0.606719
vt 0.951028 0.652754
vt 0.846848 0.895469
vt 0.847432 0.898651
vt 0.894686 0.898651
vt 0.894686 0.895469
vt 0.941939 0.898651
vt 0.930709 0.895469
vt 0.894686 0.866018
vt 0.930709 0.866018
vt 0.846849 0.866018
vt 0.102051 0.899767
vt 0.149771 0.899767
vt 0.150361 0.896554
vt 0.102051 0.896554
vt 0.150361 0.866812
vt 0.102051 0.866812
vt 0.065672 0.896554
vt 0.065672 0.866812
vt 0.054331 0.899767
vt 0.923165 0.946478
vt 0.872887 0.946478
vt 0.871752 0.948871
vt 0.923165 0.948871
vt 0.872887 0.951265
vt 0.923165 0.951265
vt 0.961494 0.948871
vt 0.973443 0.951265
vt 0.973443 0.946478
vt 0.748256 0.895469
vt 0.748256 0.898651
vt 0.797844 0.898651
vt 0.797844 0.895469
vt 0.797844 0.866018
vt 0.748256 0.866018
vt 0.199849 0.899767
vt 0.249927 0.899767
vt 0.249927 0.896554
vt 0.199849 0.896554
vt 0.249927 0.866812
vt 0.199849 0.866812
vt 0.818068 0.946478
vt 0.763249 0.946478
vt 0.763918 0.948871
vt 0.818068 0.948871
vt 0.763249 0.951265
vt 0.818068 0.951265
vt 0.649080 0.895469
vt 0.649080 0.898651
vt 0.698668 0.898651
vt 0.698668 0.895469
vt 0.698668 0.866018
vt 0.649080 0.866018
vt 0.300005 0.899767
vt 0.350083 0.899767
vt 0.350083 0.896554
vt 0.300005 0.896554
vt 0.350083 0.866812
vt 0.300005 0.866812
vt 0.711107 0.946478
vt 0.658965 0.946478
vt 0.658162 0.948871
vt 0.711107 0.948871
vt 0.658965 0.951265
vt 0.711107 0.951265
vt 0.549904 0.895469
vt 0.549904 0.898651
vt 0.599492 0.898651
vt 0.599492 0.895469
vt 0.599492 0.866018
vt 0.549904 0.866018
vt 0.400160 0.899767
vt 0.450238 0.899767
vt 0.450238 0.896554
vt 0.400160 0.896554
vt 0.450238 0.866812
vt 0.400160 0.866812
vt 0.603611 0.946478
vt 0.548257 0.946478
vt 0.549144 0.948871
vt 0.603611 0.948871
vt 0.548257 0.951265
vt 0.603611 0.951265
vt 0.450728 0.895469
vt 0.450728 0.898651
vt 0.500316 0.898651
vt 0.500316 0.895469
vt 0.500316 0.866018
vt 0.450728 0.866018
vt 0.500316 0.899767
vt 0.550394 0.899767
vt 0.550394 0.896554
vt 0.500316 0.896554
vt 0.550394 0.866812
vt 0.500316 0.866812
vt 0.496450 0.946478
vt 0.444643 0.946478
vt 0.444256 0.948871
vt 0.496450 0.948871
vt 0.444643 0.951265
vt 0.496450 0.951265
vt 0.351552 0.895469
vt 0.351552 0.898651
vt 0.401140 0.898651
vt 0.401140 0.895469
vt 0.401140 0.866018
vt 0.351552 0.866018
vt 0.600472 0.899767
vt 0.650549 0.899767
vt 0.650549 0.896554
vt 0.600472 0.896554
vt 0.650549 0.866812
vt 0.600472 0.866812
vt 0.391289 0.946478
vt 0.337935 0.946478
vt 0.337475 0.948871
vt 0.391289 0.948871
vt 0.337935 0.951265
vt 0.391289 0.951265
vt 0.252376 0.895469
vt 0.252376 0.898651
vt 0.301964 0.898651
vt 0.301964 0.895469
vt 0.301964 0.866018
vt 0.252376 0.866018
vt 0.700627 0.899767
vt 0.750705 0.899767
vt 0.750705 0.896554
vt 0.700627 0.896554
vt 0.750705 0.866812
vt 0.700627 0.866812
vt 0.282740 0.946478
vt 0.227545 0.946478
vt 0.228438 0.948871
vt 0.282740 0.948871
vt 0.227545 0.951265
vt 0.282740 0.951265
vt 0.153666 0.895469
vt 0.153199 0.898651
vt 0.202788 0.898651
vt 0.202788 0.895469
vt 0.202788 0.866018
vt 0.153666 0.866018
vt 0.800783 0.899767
vt 0.850861 0.899767
vt 0.850390 0.896554
vt 0.800783 0.896554
vt 0.850390 0.866812
vt 0.800783 0.866812
vt 0.175922 0.946478
vt 0.124298 0.946478
vt 0.123967 0.948871
vt 0.175922 0.948871
vt 0.124298 0.951265
vt 0.175922 0.951265
vt 0.921024 0.909601
vt 0.872042 0.909601
vt 0.870992 0.913020
vt 0.921024 0.913020
vt 0.872042 0.916439
vt 0.921024 0.916439
vt 0.958811 0.913020
vt 0.970006 0.916439
vt 0.970006 0.909601
vt 0.905646 0.607800
vt 0.857341 0.607800
vt 0.857342 0.649695
vt 0.905646 0.649695
vt 0.857694 0.654221
vt 0.905646 0.654221
vt 0.942639 0.649695
vt 0.953598 0.654221
vt 0.942639 0.607800
vt 0.096738 0.652754
vt 0.144350 0.652754
vt 0.144700 0.648261
vt 0.096738 0.648261
vt 0.144700 0.606719
vt 0.096738 0.606719
vt 0.060008 0.648261
vt 0.060008 0.606719
vt 0.049126 0.652754
vt 0.818860 0.909601
vt 0.765678 0.909601
vt 0.765677 0.913020
vt 0.818860 0.913020
vt 0.765678 0.916439
vt 0.818860 0.916439
vt 0.808332 0.607800
vt 0.758118 0.607800
vt 0.758118 0.649695
vt 0.808332 0.649695
vt 0.758971 0.654221
vt 0.808332 0.654221
vt 0.193362 0.652754
vt 0.242373 0.652754
vt 0.243220 0.648261
vt 0.193362 0.648261
vt 0.243220 0.606719
vt 0.193362 0.606719
vt 0.712492 0.909601
vt 0.659307 0.909601
vt 0.659308 0.913020
vt 0.712492 0.913020
vt 0.659307 0.916439
vt 0.712492 0.916439
vt 0.706196 0.607800
vt 0.654248 0.607800
vt 0.654248 0.649695
vt 0.706196 0.649695
vt 0.653421 0.654221
vt 0.706196 0.654221
vt 0.294773 0.652754
vt 0.347174 0.652754
vt 0.346353 0.648261
vt 0.294773 0.648261
vt 0.346353 0.606719
vt 0.294773 0.606719
vt 0.606125 0.909601
vt 0.552943 0.909601
vt 0.552942 0.913020
vt 0.606125 0.913020
vt 0.552943 0.916439
vt 0.606125 0.916439
vt 0.603954 0.607800
vt 0.553667 0.607800
vt 0.553667 0.649695
vt 0.603954 0.649695
vt 0.554486 0.654221
vt 0.603954 0.654221
vt 0.396291 0.652754
vt 0.445407 0.652754
vt 0.446221 0.648261
vt 0.396291 0.648261
vt 0.446221 0.606719
vt 0.396291 0.606719
vt 0.499757 0.909601
vt 0.446572 0.909601
vt 0.446573 0.913020
vt 0.499757 0.913020
vt 0.446572 0.916439
vt 0.499757 0.916439
vt 0.501742 0.607800
vt 0.449930 0.607800
vt 0.449930 0.649695
vt 0.501742 0.649695
vt 0.448998 0.654221
vt 0.501742 0.654221
vt 0.497777 0.652754
vt 0.550148 0.652754
vt 0.549222 0.648261
vt 0.497777 0.648261
vt 0.549222 0.606719
vt 0.497777 0.606719
vt 0.393391 0.909601
vt 0.340209 0.909601
vt 0.340208 0.913020
vt 0.393391 0.913020
vt 0.340209 0.916439
vt 0.393391 0.916439
vt 0.399985 0.607800
vt 0.350138 0.607800
vt 0.350138 0.649695
vt 0.399985 0.649695
vt 0.350972 0.654221
vt 0.399985 0.654221
vt 0.598813 0.652754
vt 0.647479 0.652754
vt 0.648306 0.648261
vt 0.598813 0.648261
vt 0.648306 0.606719
vt 0.598813 0.606719
vt 0.287024 0.909601
vt 0.233839 0.909601
vt 0.233839 0.913020
vt 0.287024 0.913020
vt 0.233839 0.916439
vt 0.287024 0.916439
vt 0.298624 0.607800
vt 0.246836 0.607800
vt 0.246836 0.649695
vt 0.298624 0.649695
vt 0.246276 0.654221
vt 0.298624 0.654221
vt 0.699455 0.652754
vt 0.751432 0.652754
vt 0.750876 0.648261
vt 0.699455 0.648261
vt 0.750876 0.606719
vt 0.699455 0.606719
vt 0.180656 0.909601
vt 0.127473 0.909601
vt 0.128033 0.913020
vt 0.180656 0.913020
vt 0.127473 0.916439
vt 0.180656 0.916439
vt 0.196169 0.607800
vt 0.145988 0.607800
vt 0.145988 0.649695
vt 0.196169 0.649695
vt 0.146063 0.654221
vt 0.196169 0.654221
vt 0.801183 0.652754
vt 0.850934 0.652754
vt 0.851008 0.648261
vt 0.801183 0.648261
vt 0.851008 0.606719
vt 0.801183 0.606719
vt 0.961837 0.275885
vt 0.947275 0.275885
vt 0.947275 0.316090
vt 0.961837 0.316090
vt 0.958221 0.320439
vt 0.961837 0.320439
vt 0.965453 0.316090
vt 0.965453 0.320439
vt 0.965453 0.311741
vt 0.048018 0.321649
vt 0.051660 0.321649
vt 0.062685 0.317270
vt 0.048018 0.317270
vt 0.062685 0.276750
vt 0.048018 0.276750
vt 0.044376 0.317270
vt 0.044376 0.312890
vt 0.044376 0.321649
vt 0.974641 0.929886
vt 0.970872 0.929886
vt 0.959461 0.933304
vt 0.974641 0.933304
vt 0.970872 0.936724
vt 0.974641 0.936724
vt 0.978411 0.933304
vt 0.978411 0.936724
vt 0.978411 0.929886
vt 0.811885 0.275885
vt 0.760557 0.275885
vt 0.760557 0.316090
vt 0.811885 0.316090
vt 0.760352 0.320439
vt 0.811885 0.320439
vt 0.862385 0.316090
vt 0.863418 0.320439
vt 0.862385 0.275885
vt 0.199044 0.321649
vt 0.250947 0.321649
vt 0.250740 0.317270
vt 0.199044 0.317270
vt 0.250740 0.276750
vt 0.199044 0.276750
vt 0.148182 0.317270
vt 0.148182 0.276750
vt 0.147142 0.321649
vt 0.818859 0.929886
vt 0.765675 0.929886
vt 0.765675 0.933305
vt 0.818859 0.933305
vt 0.765675 0.936724
vt 0.818859 0.936724
vt 0.871101 0.933304
vt 0.872043 0.936724
vt 0.872043 0.929886
vt 0.709640 0.275885
vt 0.659205 0.275885
vt 0.659205 0.316090
vt 0.709640 0.316090
vt 0.658928 0.320439
vt 0.709640 0.320439
vt 0.302021 0.321649
vt 0.353094 0.321649
vt 0.352815 0.317270
vt 0.302021 0.317270
vt 0.352815 0.276750
vt 0.302021 0.276750
vt 0.712491 0.929886
vt 0.659307 0.929886
vt 0.659307 0.933305
vt 0.712491 0.933305
vt 0.659307 0.936724
vt 0.712491 0.936724
vt 0.609325 0.275885
vt 0.559074 0.275885
vt 0.559074 0.316090
vt 0.609325 0.316090
vt 0.559721 0.320439
vt 0.609325 0.320439
vt 0.403050 0.321649
vt 0.453006 0.321649
vt 0.453659 0.317270
vt 0.403050 0.317270
vt 0.453659 0.276750
vt 0.403050 0.276750
vt 0.606124 0.929886
vt 0.552942 0.929886
vt 0.552941 0.933305
vt 0.606124 0.933305
vt 0.552942 0.936724
vt 0.606124 0.936724
vt 0.507528 0.275885
vt 0.456048 0.275885
vt 0.456048 0.316090
vt 0.507528 0.316090
vt 0.455335 0.320439
vt 0.507528 0.320439
vt 0.505574 0.321649
vt 0.558143 0.321649
vt 0.557423 0.317270
vt 0.505574 0.317270
vt 0.557423 0.276750
vt 0.505574 0.276750
vt 0.499757 0.929886
vt 0.446572 0.929886
vt 0.446572 0.933305
vt 0.499757 0.933305
vt 0.446572 0.936724
vt 0.499757 0.936724
vt 0.405996 0.275885
vt 0.356026 0.275885
vt 0.356026 0.316090
vt 0.405996 0.316090
vt 0.356658 0.320439
vt 0.405996 0.320439
vt 0.607831 0.321649
vt 0.657519 0.321649
vt 0.658157 0.317270
vt 0.607831 0.317270
vt 0.658157 0.276750
vt 0.607831 0.276750
vt 0.393389 0.929886
vt 0.340206 0.929886
vt 0.340206 0.933305
vt 0.393389 0.933305
vt 0.340206 0.936724
vt 0.393389 0.936724
vt 0.304791 0.275885
vt 0.253470 0.275885
vt 0.253470 0.316090
vt 0.304791 0.316090
vt 0.252925 0.320439
vt 0.304791 0.320439
vt 0.709758 0.321649
vt 0.761996 0.321649
vt 0.761446 0.317270
vt 0.709758 0.317270
vt 0.761446 0.276750
vt 0.709758 0.276750
vt 0.287022 0.929886
vt 0.233837 0.929886
vt 0.233838 0.933305
vt 0.287022 0.933305
vt 0.233837 0.936724
vt 0.287022 0.936724
vt 0.203239 0.275885
vt 0.154165 0.275885
vt 0.154165 0.316090
vt 0.203239 0.316090
vt 0.153554 0.320439
vt 0.203239 0.320439
vt 0.812035 0.321649
vt 0.862074 0.321649
vt 0.861459 0.317270
vt 0.812035 0.317270
vt 0.861459 0.276750
vt 0.812035 0.276750
vt 0.180655 0.929886
vt 0.127472 0.929886
vt 0.128545 0.933305
vt 0.180655 0.933305
vt 0.127472 0.936724
vt 0.180655 0.936724
vt 0.748256 0.784026
vt 0.797844 0.784026
vt 0.846848 0.784026
vt 0.797844 0.702438
vt 0.846849 0.702438
vt 0.748256 0.702438
vt 0.649080 0.784026
vt 0.698668 0.784026
vt 0.698668 0.702438
vt 0.649080 0.702438
vt 0.549904 0.784026
vt 0.599492 0.784026
vt 0.599492 0.702438
vt 0.549904 0.702438
vt 0.450728 0.784026
vt 0.500316 0.784026
vt 0.500316 0.702438
vt 0.450728 0.702438
vt 0.351552 0.784026
vt 0.401140 0.784026
vt 0.401140 0.702438
vt 0.351552 0.702438
vt 0.252376 0.784026
vt 0.301964 0.784026
vt 0.301964 0.702438
vt 0.252376 0.702438
vt 0.153666 0.784026
vt 0.202788 0.784026
vt 0.202788 0.702438
vt 0.153666 0.702438
vt 0.053938 0.784026
vt 0.055887 0.784026
vt 0.069216 0.784026
vt 0.055887 0.702438
vt 0.069216 0.702438
vt 0.053938 0.702438
vt 0.049616 0.784026
vt 0.051820 0.784026
vt 0.051820 0.702438
vt 0.049616 0.675765
vt 0.955664 0.491079
vt 0.958560 0.491079
vt 0.961689 0.491079
vt 0.958560 0.376035
vt 0.961689 0.338391
vt 0.955664 0.376035
vt 0.939067 0.491079
vt 0.953230 0.491079
vt 0.953230 0.376035
vt 0.939067 0.376035
vt 0.750876 0.491079
vt 0.801183 0.491079
vt 0.851008 0.491079
vt 0.801183 0.376035
vt 0.851008 0.376035
vt 0.750876 0.376035
vt 0.648306 0.491079
vt 0.699455 0.491079
vt 0.699455 0.376035
vt 0.648306 0.376035
vt 0.549222 0.491079
vt 0.598813 0.491079
vt 0.598813 0.376035
vt 0.549222 0.376035
vt 0.446221 0.491079
vt 0.497777 0.491079
vt 0.497777 0.376035
vt 0.446221 0.376035
vt 0.346353 0.491079
vt 0.396291 0.491079
vt 0.396291 0.376035
vt 0.346353 0.376035
vt 0.243220 0.491079
vt 0.294773 0.491079
vt 0.294773 0.376035
vt 0.243220 0.376035
vt 0.144700 0.491079
vt 0.193362 0.491079
vt 0.193362 0.376035
vt 0.144700 0.376035
vt 0.096738 0.376035
vt 0.060008 0.376035
vt 0.060008 0.491079
vt 0.096738 0.491079
vt 0.141426 0.969833
vt 0.027646 0.979474
vt 0.489457 0.979474
vt 0.489457 0.969833
vt 0.489457 0.960192
vt 0.027646 0.960192
vt 0.905646 0.375104
vt 0.857341 0.375104
vt 0.857342 0.491165
vt 0.905646 0.491165
vt 0.942639 0.491165
vt 0.942639 0.375104
vt 0.808332 0.375104
vt 0.758118 0.375104
vt 0.758118 0.491165
vt 0.808332 0.491165
vt 0.706196 0.375104
vt 0.654248 0.375104
vt 0.654248 0.491165
vt 0.706196 0.491165
vt 0.603954 0.375104
vt 0.553667 0.375104
vt 0.553667 0.491165
vt 0.603954 0.491165
vt 0.501742 0.375104
vt 0.449930 0.375104
vt 0.449930 0.491165
vt 0.501742 0.491165
vt 0.399985 0.375104
vt 0.350138 0.375104
vt 0.350138 0.491165
vt 0.399985 0.491165
vt 0.298624 0.375104
vt 0.246836 0.375104
vt 0.246836 0.491165
vt 0.298624 0.491165
vt 0.196169 0.375104
vt 0.145988 0.375104
vt 0.145988 0.491165
vt 0.196169 0.491165
vt 0.043036 0.375104
vt 0.040819 0.337161
vt 0.040819 0.491165
vt 0.043036 0.491165
vt 0.057301 0.491165
vt 0.057301 0.375104
vt 0.951016 0.784010
vt 0.951016 0.674679
vt 0.949134 0.701616
vt 0.949134 0.784010
vt 0.935673 0.701616
vt 0.935673 0.784010
vt 0.750705 0.784010
vt 0.800783 0.784010
vt 0.850390 0.784010
vt 0.800783 0.701616
vt 0.850390 0.701616
vt 0.750705 0.701616
vt 0.650549 0.784010
vt 0.700627 0.784010
vt 0.700627 0.701616
vt 0.650549 0.701616
vt 0.550394 0.784010
vt 0.600472 0.784010
vt 0.600472 0.701616
vt 0.550394 0.701616
vt 0.450238 0.784010
vt 0.500316 0.784010
vt 0.500316 0.701616
vt 0.450238 0.701616
vt 0.350083 0.784010
vt 0.400160 0.784010
vt 0.400160 0.701616
vt 0.350083 0.701616
vt 0.249927 0.784010
vt 0.300005 0.784010
vt 0.300005 0.701616
vt 0.249927 0.701616
vt 0.150361 0.784010
vt 0.199849 0.784010
vt 0.199849 0.701616
vt 0.150361 0.701616
vt 0.102051 0.701616
vt 0.065672 0.701616
vt 0.065672 0.784010
vt 0.102051 0.784010
vt 0.961411 0.051699
vt 0.946381 0.051699
vt 0.946381 0.163950
vt 0.961411 0.163950
vt 0.965592 0.163950
vt 0.965592 0.015010
vt 0.761446 0.163950
vt 0.812035 0.163950
vt 0.861459 0.163950
vt 0.812035 0.051699
vt 0.861459 0.051699
vt 0.761446 0.051699
vt 0.658157 0.163950
vt 0.709758 0.163950
vt 0.709758 0.051699
vt 0.658157 0.051699
vt 0.557423 0.163950
vt 0.607831 0.163950
vt 0.607831 0.051699
vt 0.557423 0.051699
vt 0.453659 0.163950
vt 0.505574 0.163950
vt 0.505574 0.051699
vt 0.453659 0.051699
vt 0.352815 0.163950
vt 0.403050 0.163950
vt 0.403050 0.051699
vt 0.352815 0.051699
vt 0.250740 0.163950
vt 0.302021 0.163950
vt 0.302021 0.051699
vt 0.250740 0.051699
vt 0.148182 0.163950
vt 0.199044 0.163950
vt 0.199044 0.051699
vt 0.148182 0.051699
vt 0.044376 0.163950
vt 0.048018 0.163950
vt 0.062685 0.163950
vt 0.048018 0.051699
vt 0.062685 0.051699
vt 0.044376 0.015010
vt 0.489458 0.979475
vt 0.489458 0.969833
vt 0.489458 0.960191
vt 0.027646 0.960191
vt 0.027646 0.979475
vt 0.961837 0.052593
vt 0.947275 0.052593
vt 0.947275 0.163967
vt 0.961837 0.163967
vt 0.965453 0.163967
vt 0.965453 0.016193
vt 0.811885 0.052593
vt 0.760557 0.052593
vt 0.760557 0.163967
vt 0.811885 0.163967
vt 0.862385 0.163967
vt 0.862385 0.052593
vt 0.709640 0.052593
vt 0.659205 0.052593
vt 0.659205 0.163967
vt 0.709640 0.163967
vt 0.609325 0.052593
vt 0.559074 0.052593
vt 0.559074 0.163967
vt 0.609325 0.163967
vt 0.507528 0.052593
vt 0.456048 0.052593
vt 0.456048 0.163967
vt 0.507528 0.163967
vt 0.405996 0.052593
vt 0.356026 0.052593
vt 0.356026 0.163967
vt 0.405996 0.163967
vt 0.304791 0.052593
vt 0.253470 0.052593
vt 0.253470 0.163967
vt 0.304791 0.163967
vt 0.203239 0.052593
vt 0.154165 0.052593
vt 0.154165 0.163967
vt 0.203239 0.163967
vt 0.054923 0.052593
vt 0.051027 0.052593
vt 0.051027 0.163967
vt 0.054923 0.163967
vt 0.069846 0.163967
vt 0.069846 0.052593
vt 0.044515 0.163967
vt 0.047644 0.163967
vt 0.047644 0.052593
vt 0.044515 0.016193
vt 0.951016 0.784026
vt 0.951016 0.675765
vt 0.948812 0.702438
vt 0.948812 0.784026
vt 0.946576 0.702438
vt 0.946576 0.784026
vt 0.894686 0.784026
vt 0.930709 0.784026
vt 0.894686 0.702438
vt 0.930709 0.702438
vt 0.846848 0.674196
vt 0.894686 0.674196
vt 0.930709 0.674196
vt 0.894686 0.672628
vt 0.941939 0.672628
vt 0.847432 0.672628
vt 0.748256 0.674196
vt 0.797844 0.674196
vt 0.797844 0.672628
vt 0.748256 0.672628
vt 0.649080 0.674196
vt 0.698668 0.674196
vt 0.698668 0.672628
vt 0.649080 0.672628
vt 0.549904 0.674196
vt 0.599492 0.674196
vt 0.599492 0.672628
vt 0.549904 0.672628
vt 0.450728 0.674196
vt 0.500316 0.674196
vt 0.500316 0.672628
vt 0.450728 0.672628
vt 0.351552 0.674196
vt 0.401140 0.674196
vt 0.401140 0.672628
vt 0.351552 0.672628
vt 0.252376 0.674196
vt 0.301964 0.674196
vt 0.301964 0.672628
vt 0.252376 0.672628
vt 0.153666 0.674196
vt 0.202788 0.674196
vt 0.202788 0.672628
vt 0.153199 0.672628
vt 0.053938 0.674196
vt 0.055887 0.674196
vt 0.069216 0.674196
vt 0.055887 0.672628
vt 0.057751 0.672628
vt 0.054023 0.672628
vt 0.049616 0.674196
vt 0.051820 0.674196
vt 0.051820 0.672628
vt 0.049616 0.672628
vt 0.955664 0.336278
vt 0.958560 0.336278
vt 0.961689 0.336278
vt 0.958560 0.334164
vt 0.961689 0.334164
vt 0.955432 0.334164
vt 0.939067 0.336278
vt 0.953230 0.336278
vt 0.953230 0.334164
vt 0.951028 0.334164
vt 0.750876 0.336278
vt 0.801183 0.336278
vt 0.851008 0.336278
vt 0.801183 0.334164
vt 0.850934 0.334164
vt 0.751432 0.334164
vt 0.648306 0.336278
vt 0.699455 0.336278
vt 0.699455 0.334164
vt 0.647479 0.334164
vt 0.549222 0.336278
vt 0.598813 0.336278
vt 0.598813 0.334164
vt 0.550148 0.334164
vt 0.446221 0.336278
vt 0.497777 0.336278
vt 0.497777 0.334164
vt 0.445407 0.334164
vt 0.346353 0.336278
vt 0.396291 0.336278
vt 0.396291 0.334164
vt 0.347174 0.334164
vt 0.243220 0.336278
vt 0.294773 0.336278
vt 0.294773 0.334164
vt 0.242373 0.334164
vt 0.144700 0.336278
vt 0.193362 0.336278
vt 0.193362 0.334164
vt 0.144350 0.334164
vt 0.060008 0.336278
vt 0.096738 0.336278
vt 0.096738 0.334164
vt 0.049126 0.334164
vt 0.014264 0.969833
vt 0.014264 0.979474
vt 0.020955 0.979474
vt 0.020955 0.969833
vt 0.020955 0.960192
vt 0.014264 0.960192
vt 0.905646 0.332698
vt 0.857694 0.332698
vt 0.857342 0.334929
vt 0.905646 0.334929
vt 0.942639 0.334929
vt 0.953598 0.332698
vt 0.808332 0.332698
vt 0.758971 0.332698
vt 0.758118 0.334929
vt 0.808332 0.334929
vt 0.706196 0.332698
vt 0.653421 0.332698
vt 0.654248 0.334929
vt 0.706196 0.334929
vt 0.603954 0.332698
vt 0.554486 0.332698
vt 0.553667 0.334929
vt 0.603954 0.334929
vt 0.501742 0.332698
vt 0.448998 0.332698
vt 0.449930 0.334929
vt 0.501742 0.334929
vt 0.399985 0.332698
vt 0.350972 0.332698
vt 0.350138 0.334929
vt 0.399985 0.334929
vt 0.298624 0.332698
vt 0.246276 0.332698
vt 0.246836 0.334929
vt 0.298624 0.334929
vt 0.196169 0.332698
vt 0.146063 0.332698
vt 0.145988 0.334929
vt 0.196169 0.334929
vt 0.043036 0.332698
vt 0.040819 0.332698
vt 0.040819 0.334929
vt 0.043036 0.334929
vt 0.057301 0.334929
vt 0.045254 0.332698
vt 0.951016 0.673095
vt 0.951016 0.671512
vt 0.949134 0.671512
vt 0.949134 0.673095
vt 0.947251 0.671512
vt 0.935673 0.673095
vt 0.750705 0.673095
vt 0.800783 0.673095
vt 0.850390 0.673095
vt 0.800783 0.671512
vt 0.850861 0.671512
vt 0.750705 0.671512
vt 0.650549 0.673095
vt 0.700627 0.673095
vt 0.700627 0.671512
vt 0.650549 0.671512
vt 0.550394 0.673095
vt 0.600472 0.673095
vt 0.600472 0.671512
vt 0.550394 0.671512
vt 0.450238 0.673095
vt 0.500316 0.673095
vt 0.500316 0.671512
vt 0.450238 0.671512
vt 0.350083 0.673095
vt 0.400160 0.673095
vt 0.400160 0.671512
vt 0.350083 0.671512
vt 0.249927 0.673095
vt 0.300005 0.673095
vt 0.300005 0.671512
vt 0.249927 0.671512
vt 0.150361 0.673095
vt 0.199849 0.673095
vt 0.199849 0.671512
vt 0.149771 0.671512
vt 0.065672 0.673095
vt 0.102051 0.673095
vt 0.102051 0.671512
vt 0.054331 0.671512
vt 0.946381 0.012825
vt 0.961411 0.012825
vt 0.965592 0.012825
vt 0.961411 0.010640
vt 0.965592 0.010640
vt 0.957231 0.010640
vt 0.761446 0.012825
vt 0.812035 0.012825
vt 0.861459 0.012825
vt 0.812035 0.010640
vt 0.862074 0.010640
vt 0.761996 0.010640
vt 0.658157 0.012825
vt 0.709758 0.012825
vt 0.709758 0.010640
vt 0.657519 0.010640
vt 0.557423 0.012825
vt 0.607831 0.012825
vt 0.607831 0.010640
vt 0.558143 0.010640
vt 0.453659 0.012825
vt 0.505574 0.012825
vt 0.505574 0.010640
vt 0.453006 0.010640
vt 0.352815 0.012825
vt 0.403050 0.012825
vt 0.403050 0.010640
vt 0.353094 0.010640
vt 0.250740 0.012825
vt 0.302021 0.012825
vt 0.302021 0.010640
vt 0.250947 0.010640
vt 0.148182 0.012825
vt 0.199044 0.012825
vt 0.199044 0.010640
vt 0.147142 0.010640
vt 0.044376 0.012825
vt 0.048018 0.012825
vt 0.062685 0.012825
vt 0.048018 0.010640
vt 0.051660 0.010640
vt 0.044376 0.010640
vt 0.020956 0.979475
vt 0.020956 0.969833
vt 0.020956 0.960191
vt 0.014265 0.969833
vt 0.014265 0.960191
vt 0.014265 0.979475
vt 0.961837 0.011851
vt 0.958221 0.011851
vt 0.947275 0.014022
vt 0.961837 0.014022
vt 0.965453 0.014022
vt 0.965453 0.011851
vt 0.811885 0.011851
vt 0.760352 0.011851
vt 0.760557 0.014022
vt 0.811885 0.014022
vt 0.862385 0.014022
vt 0.863418 0.011851
vt 0.709640 0.011851
vt 0.658928 0.011851
vt 0.659205 0.014022
vt 0.709640 0.014022
vt 0.609325 0.011851
vt 0.559721 0.011851
vt 0.559074 0.014022
vt 0.609325 0.014022
vt 0.507528 0.011851
vt 0.455335 0.011851
vt 0.456048 0.014022
vt 0.507528 0.014022
vt 0.405996 0.011851
vt 0.356658 0.011851
vt 0.356026 0.014022
vt 0.405996 0.014022
vt 0.304791 0.011851
vt 0.252925 0.011851
vt 0.253470 0.014022
vt 0.304791 0.014022
vt 0.203239 0.011851
vt 0.153554 0.011851
vt 0.154165 0.014022
vt 0.203239 0.014022
vt 0.054923 0.011851
vt 0.050772 0.011851
vt 0.051027 0.014022
vt 0.054923 0.014022
vt 0.069846 0.014022
vt 0.059074 0.011851
vt 0.044515 0.014022
vt 0.047644 0.014022
vt 0.047644 0.011851
vt 0.044515 0.011851
vt 0.948812 0.672628
vt 0.946608 0.672628
vt 0.946576 0.674196
vt 0.948812 0.674196
vt 0.951016 0.674196
vt 0.951016 0.672628
vt 0.910819 0.275885
vt 0.910819 0.316090
vt 0.910819 0.320439
vt 0.921457 0.929886
vt 0.921458 0.933304
vt 0.921457 0.936724
vt 0.099401 0.321649
vt 0.099401 0.317270
vt 0.099401 0.276750
vt 0.099401 0.051699
vt 0.099401 0.163950
vt 0.099401 0.010640
vt 0.099401 0.012825
vt 0.910819 0.011851
vt 0.910819 0.014022
vt 0.910819 0.052593
vt 0.910819 0.163967
vt 0.045041 0.652754
vt 0.045041 0.648261
vt 0.045041 0.606719
vt 0.040956 0.648261
vt 0.040956 0.643767
vt 0.040956 0.652754
vt 0.974208 0.909601
vt 0.974208 0.913020
vt 0.974208 0.916439
vt 0.978411 0.913020
vt 0.978411 0.916439
vt 0.978411 0.909601
vt 0.957712 0.607800
vt 0.957712 0.649695
vt 0.957712 0.654221
vt 0.961827 0.649695
vt 0.961827 0.654221
vt 0.961827 0.645169
vt 0.957712 0.375104
vt 0.957712 0.491165
vt 0.961827 0.491165
vt 0.961827 0.337161
vt 0.957712 0.332698
vt 0.957712 0.334929
vt 0.961827 0.334929
vt 0.961827 0.332698
vt 0.040956 0.336278
vt 0.040956 0.338391
vt 0.045041 0.376035
vt 0.045041 0.336278
vt 0.045041 0.334164
vt 0.040956 0.334164
vt 0.040956 0.491079
vt 0.045041 0.491079
vt 0.071350 0.951265
vt 0.071350 0.948871
vt 0.071350 0.946478
vt 0.105475 0.866018
vt 0.105475 0.895469
vt 0.105475 0.898651
vt 0.105475 0.702438
vt 0.105475 0.784026
vt 0.105475 0.672628
vt 0.105475 0.674196
vt 0.899056 0.701616
vt 0.899056 0.673095
vt 0.899056 0.671512
vt 0.899056 0.866812
vt 0.899056 0.784010
vt 0.899056 0.899767
vt 0.899056 0.896554
vt 0.095658 0.607800
vt 0.095658 0.649695
vt 0.095658 0.654221
vt 0.095658 0.375104
vt 0.095658 0.491165
vt 0.095658 0.332698
vt 0.095658 0.334929
vt 0.900981 0.376035
vt 0.900981 0.336278
vt 0.900981 0.334164
vt 0.900981 0.606719
vt 0.900981 0.491079
vt 0.900981 0.652754
vt 0.900981 0.648261
vt 0.076530 0.909601
vt 0.076530 0.913020
vt 0.076530 0.916439
vt 0.909652 0.321649
vt 0.909652 0.317270
vt 0.909652 0.276750
vt 0.078583 0.929886
vt 0.078583 0.933305
vt 0.078583 0.936724
vt 0.106314 0.275885
vt 0.106314 0.316090
vt 0.106314 0.320439
vt 0.106314 0.052593
vt 0.106314 0.163967
vt 0.106314 0.011851
vt 0.106314 0.014022
vt 0.909652 0.051699
vt 0.909652 0.012825
vt 0.909652 0.010640
vt 0.909652 0.163950
vt 0.051974 0.899767
vt 0.051974 0.896554
vt 0.051974 0.866812
vt 0.049616 0.896554
vt 0.049616 0.893341
vt 0.049616 0.899767
vt 0.975927 0.946478
vt 0.975927 0.948871
vt 0.975927 0.951265
vt 0.978411 0.948871
vt 0.978411 0.951265
vt 0.978411 0.946478
vt 0.944274 0.866018
vt 0.944274 0.895469
vt 0.944274 0.898651
vt 0.944274 0.702438
vt 0.944274 0.784026
vt 0.944274 0.672628
vt 0.944274 0.674196
vt 0.049616 0.673095
vt 0.049616 0.674679
vt 0.051974 0.701616
vt 0.051974 0.673095
vt 0.051974 0.671512
vt 0.049616 0.671512
vt 0.049616 0.784010
vt 0.051974 0.784010
s 1
usemtl Banner1
f 2849/774/278 2846/775/279 2847/776/280
f 2847/776/280 2848/777/281 2849/774/278
f 2848/777/281 2847/776/280 2850/778/282
f 2850/778/282 2851/779/283 2848/777/281
f 2853/780/284 2848/777/281 2851/779/283
f 2851/779/283 2852/781/284 2853/780/284
f 2854/782/284 2849/774/278 2848/777/281
f 2848/777/281 2853/780/284 2854/782/284
f 2858/783/285 2855/784/286 2856/785/287
f 2856/785/287 2857/786/288 2858/783/285
f 2857/786/288 2856/785/287 2859/787/289
f 2859/787/289 2860/788/290 2857/786/288
f 2862/789/291 2857/786/288 2860/788/290
f 2860/788/290 2861/790/292 2862/789/291
f 2863/791/293 2858/783/285 2857/786/288
f 2857/786/288 2862/789/291 2863/791/293
f 2867/792/294 2864/793/295 2865/794/296
f 2865/794/296 2866/795/297 2867/792/294
f 2866/795/297 2865/794/296 2868/796/292
f 2868/796/292 2869/797/298 2866/795/297
f 2871/798/280 2866/795/297 2869/797/298
f 2869/797/298 2870/799/282 2871/798/280
f 2872/800/279 2867/792/294 2866/795/297
f 2866/795/297 2871/798/280 2872/800/279
f 2876/801/299 2873/802/300 2874/803/301
f 2874/803/301 2875/804/302 2876/801/299
f 2875/804/302 2874/803/301 2877/805/303
f 2877/805/303 2878/806/304 2875/804/302
f 2880/807/305 2875/804/302 2878/806/304
f 2878/806/304 2879/808/306 2880/807/305
f 2881/809/307 2876/801/299 2875/804/302
f 2875/804/302 2880/807/305 2881/809/307
f 2885/810/308 2882/811/309 2883/812/310
f 2883/812/310 2884/813/311 2885/810/308
f 2884/813/311 2883/812/310 2886/814/312
f 2886/814/312 2887/815/313 2884/813/311
f 2889/816/314 2884/813/311 2887/815/313
f 2887/815/313 2888/817/315 2889/816/314
f 2890/818/316 2885/810/308 2884/813/311
f 2884/813/311 2889/816/314 2890/818/316
f 2894/819/317 2891/820/318 2892/821/319
f 2892/821/319 2893/822/320 2894/819/317
f 2893/822/320 2892/821/319 2895/823/321
f 2895/823/321 2896/824/322 2893/822/320
f 2898/825/323 2893/822/320 2896/824/322
f 2896/824/322 2897/826/303 2898/825/323
f 2899/827/324 2894/819/317 2893/822/320
f 2893/822/320 2898/825/323 2899/827/324
f 2903/828/325 2900/829/326 2901/830/327
f 2901/830/327 2902/831/328 2903/828/325
f 2902/831/328 2901/830/327 2904/832/329
f 2904/832/329 2905/833/330 2902/831/328
f 2907/834/331 2902/831/328 2905/833/330
f 2905/833/330 2906/835/332 2907/834/331
f 2908/836/333 2903/828/325 2902/831/328
f 2902/831/328 2907/834/331 2908/836/333
f 2912/837/334 2909/838/284 2910/839/335
f 2910/839/335 2911/840/336 2912/837/334
f 2911/840/336 2910/839/335 2913/841/318
f 2913/841/318 2914/842/317 2911/840/336
f 2916/843/299 2911/840/336 2914/842/317
f 2914/842/317 2915/844/324 2916/843/299
f 2917/845/307 2912/837/334 2911/840/336
f 2911/840/336 2916/843/299 2917/845/307
f 2921/846/337 2918/847/295 2919/848/338
f 2919/848/338 2920/849/339 2921/846/337
f 2920/849/339 2919/848/338 2922/850/340
f 2922/850/340 2923/851/341 2920/849/339
f 2925/852/310 2920/849/339 2923/851/341
f 2923/851/341 2924/853/342 2925/852/310
f 2926/854/309 2921/846/337 2920/849/339
f 2920/849/339 2925/852/310 2926/854/309
f 2928/855/343 2846/775/279 2849/774/278
f 2849/774/278 2927/856/344 2928/855/343
f 2927/856/344 2849/774/278 2854/782/284
f 2854/782/284 2929/857/345 2927/856/344
f 2931/858/313 2927/856/344 2929/857/345
f 2929/857/345 2930/859/315 2931/858/313
f 2932/860/342 2928/855/343 2927/856/344
f 2927/856/344 2931/858/313 2932/860/342
f 2936/833/289 2933/861/346 2934/862/347
f 2934/862/347 2935/863/328 2936/833/289
f 2935/863/328 2934/862/347 2937/864/348
f 2937/864/348 2938/865/349 2935/863/328
f 2940/866/350 2935/863/328 2938/865/349
f 2938/865/349 2939/867/351 2940/866/350
f 2941/868/352 2936/833/289 2935/863/328
f 2935/863/328 2940/866/350 2941/868/352
f 2945/869/353 2942/870/354 2943/871/355
f 2943/871/355 2944/872/356 2945/869/353
f 2944/872/356 2943/871/355 2946/873/357
f 2946/873/357 2947/874/358 2944/872/356
f 2949/875/359 2944/872/356 2947/874/358
f 2947/874/358 2948/876/316 2949/875/359
f 2950/877/360 2945/869/353 2944/872/356
f 2944/872/356 2949/875/359 2950/877/360
f 2952/878/306 2879/808/306 2878/806/304
f 2878/806/304 2951/879/361 2952/878/306
f 2951/879/361 2878/806/304 2877/805/303
f 2877/805/303 2953/880/362 2951/879/361
f 2955/881/363 2951/879/361 2953/880/362
f 2953/880/362 2954/882/364 2955/881/363
f 2956/883/306 2952/878/306 2951/879/361
f 2951/879/361 2955/881/363 2956/883/306
f 2958/884/362 2897/826/303 2896/824/322
f 2896/824/322 2957/885/365 2958/884/362
f 2957/885/365 2896/824/322 2895/823/321
f 2895/823/321 2959/886/366 2957/885/365
f 2961/887/367 2957/885/365 2959/886/366
f 2959/886/366 2960/888/368 2961/887/367
f 2962/889/369 2958/884/362 2957/885/365
f 2957/885/365 2961/887/367 2962/889/369
f 2966/890/370 2963/891/371 2964/892/285
f 2964/892/285 2965/893/372 2966/890/370
f 2965/893/372 2964/892/285 2967/894/373
f 2967/894/373 2968/895/374 2965/893/372
f 2970/896/375 2965/893/372 2968/895/374
f 2968/895/374 2969/897/376 2970/896/375
f 2971/898/306 2966/890/370 2965/893/372
f 2965/893/372 2970/896/375 2971/898/306
f 2973/899/374 2918/847/295 2921/846/337
f 2921/846/337 2972/900/377 2973/899/374
f 2972/900/377 2921/846/337 2926/854/309
f 2926/854/309 2974/901/378 2972/900/377
f 2976/902/379 2972/900/377 2974/901/378
f 2974/901/378 2975/903/380 2976/902/379
f 2977/904/381 2973/899/374 2972/900/377
f 2972/900/377 2976/902/379 2977/904/381
f 2979/905/378 2882/811/309 2885/810/308
f 2885/810/308 2978/906/382 2979/905/378
f 2978/906/382 2885/810/308 2890/818/316
f 2890/818/316 2980/907/316 2978/906/382
f 2982/908/383 2978/906/382 2980/907/316
f 2980/907/316 2981/909/316 2982/908/383
f 2983/910/384 2979/905/378 2978/906/382
f 2978/906/382 2982/908/383 2983/910/384
f 2987/911/385 2984/912/386 2985/913/387
f 2985/913/387 2986/914/388 2987/911/385
f 2986/914/388 2985/913/387 2988/915/389
f 2988/915/389 2989/916/390 2986/914/388
f 2991/917/284 2986/914/388 2989/916/390
f 2989/916/390 2990/918/284 2991/917/284
f 2992/919/284 2987/911/385 2986/914/388
f 2986/914/388 2991/917/284 2992/919/284
f 2996/920/391 2993/921/392 2994/922/393
f 2994/922/393 2995/923/394 2996/920/391
f 2995/923/394 2994/922/393 2997/924/289
f 2997/924/289 2998/925/289 2995/923/394
f 3000/926/395 2995/923/394 2998/925/289
f 2998/925/289 2999/927/289 3000/926/395
f 3001/928/396 2996/920/391 2995/923/394
f 2995/923/394 3000/926/395 3001/928/396
f 3005/929/397 3002/930/386 3003/931/398
f 3003/931/398 3004/932/399 3005/929/397
f 3004/932/399 3003/931/398 3006/933/392
f 3006/933/392 3007/934/400 3004/932/399
f 3009/935/401 3004/932/399 3007/934/400
f 3007/934/400 3008/936/402 3009/935/401
f 3010/937/389 3005/929/397 3004/932/399
f 3004/932/399 3009/935/401 3010/937/389
f 3014/938/403 3011/939/404 3012/940/405
f 3012/940/405 3013/941/406 3014/938/403
f 3013/941/406 3012/940/405 2984/912/386
f 2984/912/386 2987/911/385 3013/941/406
f 3015/942/284 3013/941/406 2987/911/385
f 2987/911/385 2992/919/284 3015/942/284
f 3016/943/284 3014/938/403 3013/941/406
f 3013/941/406 3015/942/284 3016/943/284
f 3020/944/407 3017/945/408 3018/946/409
f 3018/946/409 3019/947/410 3020/944/407
f 3019/947/410 3018/946/409 3021/948/289
f 3021/948/289 3022/949/289 3019/947/410
f 2994/922/393 3019/947/410 3022/949/289
f 3022/949/289 2997/924/289 2994/922/393
f 2993/921/392 3020/944/407 3019/947/410
f 3019/947/410 2994/922/393 2993/921/392
f 3026/950/405 3023/951/404 3024/952/411
f 3024/952/411 3025/953/412 3026/950/405
f 3025/953/412 3024/952/411 3027/954/408
f 3027/954/408 3028/955/407 3025/953/412
f 3003/931/398 3025/953/412 3028/955/407
f 3028/955/407 3006/933/392 3003/931/398
f 3002/930/386 3026/950/405 3025/953/412
f 3025/953/412 3003/931/398 3002/930/386
f 3032/956/413 3029/957/414 3030/958/415
f 3030/958/415 3031/959/416 3032/956/413
f 3031/959/416 3030/958/415 3011/939/404
f 3011/939/404 3014/938/403 3031/959/416
f 3033/960/284 3031/959/416 3014/938/403
f 3014/938/403 3016/943/284 3033/960/284
f 3034/961/284 3032/956/413 3031/959/416
f 3031/959/416 3033/960/284 3034/961/284
f 3038/962/417 3035/963/418 3036/964/419
f 3036/964/419 3037/965/420 3038/962/417
f 3037/965/420 3036/964/419 3039/966/289
f 3039/966/289 3040/967/289 3037/965/420
f 3018/946/409 3037/965/420 3040/967/289
f 3040/967/289 3021/948/289 3018/946/409
f 3017/945/408 3038/962/417 3037/965/420
f 3037/965/420 3018/946/409 3017/945/408
f 3044/968/421 3041/969/422 3042/970/423
f 3042/970/423 3043/971/424 3044/968/421
f 3043/971/424 3042/970/423 3045/972/418
f 3045/972/418 3046/973/425 3043/971/424
f 3024/952/411 3043/971/424 3046/973/425
f 3046/973/425 3027/954/408 3024/952/411
f 3023/951/404 3044/968/421 3043/971/424
f 3043/971/424 3024/952/411 3023/951/404
f 3050/974/426 3047/975/427 3048/976/428
f 3048/976/428 3049/977/429 3050/974/426
f 3049/977/429 3048/976/428 3029/957/414
f 3029/957/414 3032/956/413 3049/977/429
f 3051/978/284 3049/977/429 3032/956/413
f 3032/956/413 3034/961/284 3051/978/284
f 3052/979/284 3050/974/426 3049/977/429
f 3049/977/429 3051/978/284 3052/979/284
f 3056/980/430 3053/981/431 3054/982/432
f 3054/982/432 3055/983/433 3056/980/430
f 3055/983/433 3054/982/432 3057/984/289
f 3057/984/289 3058/985/289 3055/983/433
f 3036/964/419 3055/983/433 3058/985/289
f 3058/985/289 3039/966/289 3036/964/419
f 3035/963/418 3056/980/430 3055/983/433
f 3055/983/433 3036/964/419 3035/963/418
f 3062/986/428 3059/987/434 3060/988/435
f 3060/988/435 3061/989/436 3062/986/428
f 3061/989/436 3060/988/435 3063/990/437
f 3063/990/437 3064/991/430 3061/989/436
f 3042/970/423 3061/989/436 3064/991/430
f 3064/991/430 3045/972/418 3042/970/423
f 3041/969/422 3062/986/428 3061/989/436
f 3061/989/436 3042/970/423 3041/969/422
f 3068/992/438 3065/993/439 3066/994/440
f 3066/994/440 3067/995/441 3068/992/438
f 3067/995/441 3066/994/440 3047/975/427
f 3047/975/427 3050/974/426 3067/995/441
f 3069/996/284 3067/995/441 3050/974/426
f 3050/974/426 3052/979/284 3069/996/284
f 3070/997/284 3068/992/438 3067/995/441
f 3067/995/441 3069/996/284 3070/997/284
f 3074/998/442 3071/999/443 3072/1000/444
f 3072/1000/444 3073/1001/445 3074/998/442
f 3073/1001/445 3072/1000/444 3075/1002/289
f 3075/1002/289 3076/1003/289 3073/1001/445
f 3054/982/432 3073/1001/445 3076/1003/289
f 3076/1003/289 3057/984/289 3054/982/432
f 3053/981/431 3074/998/442 3073/1001/445
f 3073/1001/445 3054/982/432 3053/981/431
f 3080/1004/446 3077/1005/447 3078/1006/448
f 3078/1006/448 3079/1007/449 3080/1004/446
f 3079/1007/449 3078/1006/448 3081/1008/450
f 3081/1008/450 3082/1009/442 3079/1007/449
f 3060/988/435 3079/1007/449 3082/1009/442
f 3082/1009/442 3063/990/437 3060/988/435
f 3059/987/434 3080/1004/446 3079/1007/449
f 3079/1007/449 3060/988/435 3059/987/434
f 3086/1010/451 3083/1011/452 3084/1012/453
f 3084/1012/453 3085/1013/454 3086/1010/451
f 3085/1013/454 3084/1012/453 3065/993/439
f 3065/993/439 3068/992/438 3085/1013/454
f 3087/1014/284 3085/1013/454 3068/992/438
f 3068/992/438 3070/997/284 3087/1014/284
f 3088/1015/284 3086/1010/451 3085/1013/454
f 3085/1013/454 3087/1014/284 3088/1015/284
f 3092/1016/455 3089/1017/456 3090/1018/457
f 3090/1018/457 3091/1019/458 3092/1016/455
f 3091/1019/458 3090/1018/457 3093/1020/289
f 3093/1020/289 3094/1021/289 3091/1019/458
f 3072/1000/444 3091/1019/458 3094/1021/289
f 3094/1021/289 3075/1002/289 3072/1000/444
f 3071/999/443 3092/1016/455 3091/1019/458
f 3091/1019/458 3072/1000/444 3071/999/443
f 3098/1022/453 3095/1023/459 3096/1024/460
f 3096/1024/460 3097/1025/461 3098/1022/453
f 3097/1025/461 3096/1024/460 3099/1026/462
f 3099/1026/462 3100/1027/463 3097/1025/461
f 3078/1006/448 3097/1025/461 3100/1027/463
f 3100/1027/463 3081/1008/450 3078/1006/448
f 3077/1005/447 3098/1022/453 3097/1025/461
f 3097/1025/461 3078/1006/448 3077/1005/447
f 3104/1028/464 3101/1029/465 3102/1030/466
f 3102/1030/466 3103/1031/467 3104/1028/464
f 3103/1031/467 3102/1030/466 3083/1011/452
f 3083/1011/452 3086/1010/451 3103/1031/467
f 3105/1032/284 3103/1031/467 3086/1010/451
f 3086/1010/451 3088/1015/284 3105/1032/284
f 3106/1033/284 3104/1028/464 3103/1031/467
f 3103/1031/467 3105/1032/284 3106/1033/284
f 3110/1034/468 3107/1035/469 3108/1036/470
f 3108/1036/470 3109/1037/471 3110/1034/468
f 3109/1037/471 3108/1036/470 3111/1038/289
f 3111/1038/289 3112/1039/289 3109/1037/471
f 3090/1018/457 3109/1037/471 3112/1039/289
f 3112/1039/289 3093/1020/289 3090/1018/457
f 3089/1017/456 3110/1034/468 3109/1037/471
f 3109/1037/471 3090/1018/457 3089/1017/456
f 3116/1040/472 3113/1041/473 3114/1042/474
f 3114/1042/474 3115/1043/475 3116/1040/472
f 3115/1043/475 3114/1042/474 3117/1044/469
f 3117/1044/469 3118/1045/476 3115/1043/475
f 3096/1024/460 3115/1043/475 3118/1045/476
f 3118/1045/476 3099/1026/462 3096/1024/460
f 3095/1023/459 3116/1040/472 3115/1043/475
f 3115/1043/475 3096/1024/460 3095/1023/459
f 3122/1046/477 3119/1047/478 3120/1048/479
f 3120/1048/479 3121/1049/480 3122/1046/477
f 3121/1049/480 3120/1048/479 3101/1029/465
f 3101/1029/465 3104/1028/464 3121/1049/480
f 3123/1050/284 3121/1049/480 3104/1028/464
f 3104/1028/464 3106/1033/284 3123/1050/284
f 3124/1051/284 3122/1046/477 3121/1049/480
f 3121/1049/480 3123/1050/284 3124/1051/284
f 3128/1052/481 3125/1053/482 3126/1054/483
f 3126/1054/483 3127/1055/484 3128/1052/481
f 3127/1055/484 3126/1054/483 3129/1056/289
f 3129/1056/289 3130/1057/289 3127/1055/484
f 3108/1036/470 3127/1055/484 3130/1057/289
f 3130/1057/289 3111/1038/289 3108/1036/470
f 3107/1035/469 3128/1052/481 3127/1055/484
f 3127/1055/484 3108/1036/470 3107/1035/469
f 3134/1058/485 3131/1059/486 3132/1060/487
f 3132/1060/487 3133/1061/488 3134/1058/485
f 3133/1061/488 3132/1060/487 3135/1062/489
f 3135/1062/489 3136/1063/490 3133/1061/488
f 3114/1042/474 3133/1061/488 3136/1063/490
f 3136/1063/490 3117/1044/469 3114/1042/474
f 3113/1041/473 3134/1058/485 3133/1061/488
f 3133/1061/488 3114/1042/474 3113/1041/473
f 3140/1064/491 3137/1065/492 3138/1066/493
f 3138/1066/493 3139/1067/494 3140/1064/491
f 3139/1067/494 3138/1066/493 3141/1068/495
f 3141/1068/495 3142/1069/496 3139/1067/494
f 3144/1070/497 3139/1067/494 3142/1069/496
f 3142/1069/496 3143/1071/498 3144/1070/497
f 3145/1072/499 3140/1064/491 3139/1067/494
f 3139/1067/494 3144/1070/497 3145/1072/499
f 3149/1073/306 3146/1074/306 3147/1075/500
f 3147/1075/500 3148/1076/501 3149/1073/306
f 3148/1076/501 3147/1075/500 3150/1077/492
f 3150/1077/492 3151/1078/491 3148/1076/501
f 3153/1079/502 3148/1076/501 3151/1078/491
f 3151/1078/491 3152/1080/503 3153/1079/502
f 3154/1081/306 3149/1073/306 3148/1076/501
f 3148/1076/501 3153/1079/502 3154/1081/306
f 3158/1082/496 3155/1083/495 3156/1084/504
f 3156/1084/504 3157/1085/505 3158/1082/496
f 3157/1085/505 3156/1084/504 3159/1086/316
f 3159/1086/316 3160/1087/316 3157/1085/505
f 3162/1088/506 3157/1085/505 3160/1087/316
f 3160/1087/316 3161/1089/316 3162/1088/506
f 3163/1090/507 3158/1082/496 3157/1085/505
f 3157/1085/505 3162/1088/506 3163/1090/507
f 3167/1091/508 3164/1092/509 3165/1093/510
f 3165/1093/510 3166/1094/511 3167/1091/508
f 3166/1094/511 3165/1093/510 3168/1095/512
f 3168/1095/512 3169/1096/513 3166/1094/511
f 3138/1066/493 3166/1094/511 3169/1096/513
f 3169/1096/513 3141/1068/495 3138/1066/493
f 3137/1065/492 3167/1091/508 3166/1094/511
f 3166/1094/511 3138/1066/493 3137/1065/492
f 3173/1097/306 3170/1098/306 3171/1099/514
f 3171/1099/514 3172/1100/515 3173/1097/306
f 3172/1100/515 3171/1099/514 3174/1101/516
f 3174/1101/516 3175/1102/517 3172/1100/515
f 3147/1075/500 3172/1100/515 3175/1102/517
f 3175/1102/517 3150/1077/492 3147/1075/500
f 3146/1074/306 3173/1097/306 3172/1100/515
f 3172/1100/515 3147/1075/500 3146/1074/306
f 3179/1103/518 3176/1104/519 3177/1105/520
f 3177/1105/520 3178/1106/521 3179/1103/518
f 3178/1106/521 3177/1105/520 3180/1107/316
f 3180/1107/316 3181/1108/316 3178/1106/521
f 3156/1084/504 3178/1106/521 3181/1108/316
f 3181/1108/316 3159/1086/316 3156/1084/504
f 3155/1083/495 3179/1103/518 3178/1106/521
f 3178/1106/521 3156/1084/504 3155/1083/495
f 3185/1109/522 3182/1110/523 3183/1111/524
f 3183/1111/524 3184/1112/525 3185/1109/522
f 3184/1112/525 3183/1111/524 3186/1113/526
f 3186/1113/526 3187/1114/527 3184/1112/525
f 3165/1093/510 3184/1112/525 3187/1114/527
f 3187/1114/527 3168/1095/512 3165/1093/510
f 3164/1092/509 3185/1109/522 3184/1112/525
f 3184/1112/525 3165/1093/510 3164/1092/509
f 3191/1115/306 3188/1116/306 3189/1117/528
f 3189/1117/528 3190/1118/529 3191/1115/306
f 3190/1118/529 3189/1117/528 3192/1119/523
f 3192/1119/523 3193/1120/522 3190/1118/529
f 3171/1099/514 3190/1118/529 3193/1120/522
f 3193/1120/522 3174/1101/516 3171/1099/514
f 3170/1098/306 3191/1115/306 3190/1118/529
f 3190/1118/529 3171/1099/514 3170/1098/306
f 3197/1121/530 3194/1122/526 3195/1123/531
f 3195/1123/531 3196/1124/532 3197/1121/530
f 3196/1124/532 3195/1123/531 3198/1125/316
f 3198/1125/316 3199/1126/316 3196/1124/532
f 3177/1105/520 3196/1124/532 3199/1126/316
f 3199/1126/316 3180/1107/316 3177/1105/520
f 3176/1104/519 3197/1121/530 3196/1124/532
f 3196/1124/532 3177/1105/520 3176/1104/519
f 3203/1127/533 3200/1128/534 3201/1129/535
f 3201/1129/535 3202/1130/536 3203/1127/533
f 3202/1130/536 3201/1129/535 3204/1131/537
f 3204/1131/537 3205/1132/538 3202/1130/536
f 3183/1111/524 3202/1130/536 3205/1132/538
f 3205/1132/538 3186/1113/526 3183/1111/524
f 3182/1110/523 3203/1127/533 3202/1130/536
f 3202/1130/536 3183/1111/524 3182/1110/523
f 3209/1133/306 3206/1134/306 3207/1135/539
f 3207/1135/539 3208/1136/540 3209/1133/306
f 3208/1136/540 3207/1135/539 3210/1137/541
f 3210/1137/541 3211/1138/542 3208/1136/540
f 3189/1117/528 3208/1136/540 3211/1138/542
f 3211/1138/542 3192/1119/523 3189/1117/528
f 3188/1116/306 3209/1133/306 3208/1136/540
f 3208/1136/540 3189/1117/528 3188/1116/306
f 3215/1139/538 3212/1140/543 3213/1141/544
f 3213/1141/544 3214/1142/545 3215/1139/538
f 3214/1142/545 3213/1141/544 3216/1143/316
f 3216/1143/316 3217/1144/316 3214/1142/545
f 3195/1123/531 3214/1142/545 3217/1144/316
f 3217/1144/316 3198/1125/316 3195/1123/531
f 3194/1122/526 3215/1139/538 3214/1142/545
f 3214/1142/545 3195/1123/531 3194/1122/526
f 3221/1145/546 3218/1146/547 3219/1147/548
f 3219/1147/548 3220/1148/549 3221/1145/546
f 3220/1148/549 3219/1147/548 3222/1149/550
f 3222/1149/550 3223/1150/551 3220/1148/549
f 3201/1129/535 3220/1148/549 3223/1150/551
f 3223/1150/551 3204/1131/537 3201/1129/535
f 3200/1128/534 3221/1145/546 3220/1148/549
f 3220/1148/549 3201/1129/535 3200/1128/534
f 3227/1151/306 3224/1152/306 3225/1153/552
f 3225/1153/552 3226/1154/553 3227/1151/306
f 3226/1154/553 3225/1153/552 3228/1155/554
f 3228/1155/554 3229/1156/546 3226/1154/553
f 3207/1135/539 3226/1154/553 3229/1156/546
f 3229/1156/546 3210/1137/541 3207/1135/539
f 3206/1134/306 3227/1151/306 3226/1154/553
f 3226/1154/553 3207/1135/539 3206/1134/306
f 3233/1157/551 3230/1158/550 3231/1159/555
f 3231/1159/555 3232/1160/556 3233/1157/551
f 3232/1160/556 3231/1159/555 3234/1161/316
f 3234/1161/316 3235/1162/316 3232/1160/556
f 3213/1141/544 3232/1160/556 3235/1162/316
f 3235/1162/316 3216/1143/316 3213/1141/544
f 3212/1140/543 3233/1157/551 3232/1160/556
f 3232/1160/556 3213/1141/544 3212/1140/543
f 3239/1163/557 3236/1164/558 3237/1165/559
f 3237/1165/559 3238/1166/560 3239/1163/557
f 3238/1166/560 3237/1165/559 3240/1167/561
f 3240/1167/561 3241/1168/562 3238/1166/560
f 3219/1147/548 3238/1166/560 3241/1168/562
f 3241/1168/562 3222/1149/550 3219/1147/548
f 3218/1146/547 3239/1163/557 3238/1166/560
f 3238/1166/560 3219/1147/548 3218/1146/547
f 3245/1169/306 3242/1170/306 3243/1171/563
f 3243/1171/563 3244/1172/564 3245/1169/306
f 3244/1172/564 3243/1171/563 3246/1173/558
f 3246/1173/558 3247/1174/565 3244/1172/564
f 3225/1153/552 3244/1172/564 3247/1174/565
f 3247/1174/565 3228/1155/554 3225/1153/552
f 3224/1152/306 3245/1169/306 3244/1172/564
f 3244/1172/564 3225/1153/552 3224/1152/306
f 3251/1175/566 3248/1176/567 3249/1177/568
f 3249/1177/568 3250/1178/569 3251/1175/566
f 3250/1178/569 3249/1177/568 3252/1179/316
f 3252/1179/316 3253/1180/316 3250/1178/569
f 3231/1159/555 3250/1178/569 3253/1180/316
f 3253/1180/316 3234/1161/316 3231/1159/555
f 3230/1158/550 3251/1175/566 3250/1178/569
f 3250/1178/569 3231/1159/555 3230/1158/550
f 3257/1181/570 3254/1182/571 3255/1183/572
f 3255/1183/572 3256/1184/573 3257/1181/570
f 3256/1184/573 3255/1183/572 3258/1185/574
f 3258/1185/574 3259/1186/575 3256/1184/573
f 3237/1165/559 3256/1184/573 3259/1186/575
f 3259/1186/575 3240/1167/561 3237/1165/559
f 3236/1164/558 3257/1181/570 3256/1184/573
f 3256/1184/573 3237/1165/559 3236/1164/558
f 3263/1187/306 3260/1188/306 3261/1189/576
f 3261/1189/576 3262/1190/577 3263/1187/306
f 3262/1190/577 3261/1189/576 3264/1191/578
f 3264/1191/578 3265/1192/570 3262/1190/577
f 3243/1171/563 3262/1190/577 3265/1192/570
f 3265/1192/570 3246/1173/558 3243/1171/563
f 3242/1170/306 3263/1187/306 3262/1190/577
f 3262/1190/577 3243/1171/563 3242/1170/306
f 3269/1193/575 3266/1194/579 3267/1195/580
f 3267/1195/580 3268/1196/581 3269/1193/575
f 3268/1196/581 3267/1195/580 3270/1197/316
f 3270/1197/316 3271/1198/316 3268/1196/581
f 3249/1177/568 3268/1196/581 3271/1198/316
f 3271/1198/316 3252/1179/316 3249/1177/568
f 3248/1176/567 3269/1193/575 3268/1196/581
f 3268/1196/581 3249/1177/568 3248/1176/567
f 3275/1199/582 3272/1200/583 3273/1201/584
f 3273/1201/584 3274/1202/585 3275/1199/582
f 3274/1202/585 3273/1201/584 3276/1203/586
f 3276/1203/586 3277/1204/587 3274/1202/585
f 3255/1183/572 3274/1202/585 3277/1204/587
f 3277/1204/587 3258/1185/574 3255/1183/572
f 3254/1182/571 3275/1199/582 3274/1202/585
f 3274/1202/585 3255/1183/572 3254/1182/571
f 3281/1205/306 3278/1206/306 3279/1207/588
f 3279/1207/588 3280/1208/563 3281/1205/306
f 3280/1208/563 3279/1207/588 3282/1209/589
f 3282/1209/589 3283/1210/590 3280/1208/563
f 3261/1189/576 3280/1208/563 3283/1210/590
f 3283/1210/590 3264/1191/578 3261/1189/576
f 3260/1188/306 3281/1205/306 3280/1208/563
f 3280/1208/563 3261/1189/576 3260/1188/306
f 3287/1211/587 3284/1212/591 3285/1213/592
f 3285/1213/592 3286/1214/568 3287/1211/587
f 3286/1214/568 3285/1213/592 3288/1215/316
f 3288/1215/316 3289/1216/316 3286/1214/568
f 3267/1195/580 3286/1214/568 3289/1216/316
f 3289/1216/316 3270/1197/316 3267/1195/580
f 3266/1194/579 3287/1211/587 3286/1214/568
f 3286/1214/568 3267/1195/580 3266/1194/579
f 3293/1217/593 3290/1218/306 3291/1219/594
f 3291/1219/594 3292/1220/595 3293/1217/593
f 3292/1220/595 3291/1219/594 3294/1221/596
f 3294/1221/596 3295/1222/597 3292/1220/595
f 3297/1223/598 3292/1220/595 3295/1222/597
f 3295/1222/597 3296/1224/599 3297/1223/598
f 3298/1225/332 3293/1217/593 3292/1220/595
f 3292/1220/595 3297/1223/598 3298/1225/332
f 3302/1226/600 3299/1227/601 3300/1228/602
f 3300/1228/602 3301/1229/603 3302/1226/600
f 3301/1229/603 3300/1228/602 3303/1230/316
f 3303/1230/316 3304/1231/604 3301/1229/603
f 3306/1232/327 3301/1229/603 3304/1231/604
f 3304/1231/604 3305/1233/329 3306/1232/327
f 3307/1234/605 3302/1226/600 3301/1229/603
f 3301/1229/603 3306/1232/327 3307/1234/605
f 3311/1235/597 3308/1236/606 3309/1237/607
f 3309/1237/607 3310/1238/608 3311/1235/597
f 3310/1238/608 3309/1237/607 3312/1239/609
f 3312/1239/609 3313/1240/600 3310/1238/608
f 3315/1241/325 3310/1238/608 3313/1240/600
f 3313/1240/600 3314/1242/326 3315/1241/325
f 3316/1243/610 3311/1235/597 3310/1238/608
f 3310/1238/608 3315/1241/325 3316/1243/610
f 3320/1244/306 3317/1245/306 3318/1246/611
f 3318/1246/611 3319/1247/612 3320/1244/306
f 3319/1247/612 3318/1246/611 3321/1248/613
f 3321/1248/613 3322/1249/614 3319/1247/612
f 3324/1250/615 3319/1247/612 3322/1249/614
f 3322/1249/614 3323/1251/616 3324/1250/615
f 3325/1252/306 3320/1244/306 3319/1247/612
f 3319/1247/612 3324/1250/615 3325/1252/306
f 3329/1253/617 3326/1254/618 3327/1255/619
f 3327/1255/619 3328/1256/620 3329/1253/617
f 3328/1256/620 3327/1255/619 3330/1257/316
f 3330/1257/316 3331/1258/316 3328/1256/620
f 3333/1259/621 3328/1256/620 3331/1258/316
f 3331/1258/316 3332/1260/316 3333/1259/621
f 3334/1261/622 3329/1253/617 3328/1256/620
f 3328/1256/620 3333/1259/621 3334/1261/622
f 3338/1262/623 3335/1263/624 3336/1264/625
f 3336/1264/625 3337/1265/626 3338/1262/623
f 3337/1265/626 3336/1264/625 3339/1266/618
f 3339/1266/618 3340/1267/617 3337/1265/626
f 3342/1268/627 3337/1265/626 3340/1267/617
f 3340/1267/617 3341/1269/628 3342/1268/627
f 3343/1270/616 3338/1262/623 3337/1265/626
f 3337/1265/626 3342/1268/627 3343/1270/616
f 3347/1271/306 3344/1272/306 3345/1273/629
f 3345/1273/629 3346/1274/630 3347/1271/306
f 3346/1274/630 3345/1273/629 3348/1275/631
f 3348/1275/631 3349/1276/632 3346/1274/630
f 3318/1246/611 3346/1274/630 3349/1276/632
f 3349/1276/632 3321/1248/613 3318/1246/611
f 3317/1245/306 3347/1271/306 3346/1274/630
f 3346/1274/630 3318/1246/611 3317/1245/306
f 3353/1277/633 3350/1278/634 3351/1279/635
f 3351/1279/635 3352/1280/636 3353/1277/633
f 3352/1280/636 3351/1279/635 3354/1281/316
f 3354/1281/316 3355/1282/316 3352/1280/636
f 3327/1255/619 3352/1280/636 3355/1282/316
f 3355/1282/316 3330/1257/316 3327/1255/619
f 3326/1254/618 3353/1277/633 3352/1280/636
f 3352/1280/636 3327/1255/619 3326/1254/618
f 3359/1283/637 3356/1284/638 3357/1285/639
f 3357/1285/639 3358/1286/640 3359/1283/637
f 3358/1286/640 3357/1285/639 3360/1287/634
f 3360/1287/634 3361/1288/641 3358/1286/640
f 3336/1264/625 3358/1286/640 3361/1288/641
f 3361/1288/641 3339/1266/618 3336/1264/625
f 3335/1263/624 3359/1283/637 3358/1286/640
f 3358/1286/640 3336/1264/625 3335/1263/624
f 3365/1289/306 3362/1290/306 3363/1291/642
f 3363/1291/642 3364/1292/643 3365/1289/306
f 3364/1292/643 3363/1291/642 3366/1293/644
f 3366/1293/644 3367/1294/645 3364/1292/643
f 3345/1273/629 3364/1292/643 3367/1294/645
f 3367/1294/645 3348/1275/631 3345/1273/629
f 3344/1272/306 3365/1289/306 3364/1292/643
f 3364/1292/643 3345/1273/629 3344/1272/306
f 3371/1295/646 3368/1296/647 3369/1297/648
f 3369/1297/648 3370/1298/649 3371/1295/646
f 3370/1298/649 3369/1297/648 3372/1299/316
f 3372/1299/316 3373/1300/316 3370/1298/649
f 3351/1279/635 3370/1298/649 3373/1300/316
f 3373/1300/316 3354/1281/316 3351/1279/635
f 3350/1278/634 3371/1295/646 3370/1298/649
f 3370/1298/649 3351/1279/635 3350/1278/634
f 3377/1301/645 3374/1302/644 3375/1303/650
f 3375/1303/650 3376/1304/651 3377/1301/645
f 3376/1304/651 3375/1303/650 3378/1305/647
f 3378/1305/647 3379/1306/646 3376/1304/651
f 3357/1285/639 3376/1304/651 3379/1306/646
f 3379/1306/646 3360/1287/634 3357/1285/639
f 3356/1284/638 3377/1301/645 3376/1304/651
f 3376/1304/651 3357/1285/639 3356/1284/638
f 3383/1307/306 3380/1308/306 3381/1309/652
f 3381/1309/652 3382/1310/653 3383/1307/306
f 3382/1310/653 3381/1309/652 3384/1311/654
f 3384/1311/654 3385/1312/655 3382/1310/653
f 3363/1291/642 3382/1310/653 3385/1312/655
f 3385/1312/655 3366/1293/644 3363/1291/642
f 3362/1290/306 3383/1307/306 3382/1310/653
f 3382/1310/653 3363/1291/642 3362/1290/306
f 3389/1313/656 3386/1314/657 3387/1315/658
f 3387/1315/658 3388/1316/659 3389/1313/656
f 3388/1316/659 3387/1315/658 3390/1317/316
f 3390/1317/316 3391/1318/316 3388/1316/659
f 3369/1297/648 3388/1316/659 3391/1318/316
f 3391/1318/316 3372/1299/316 3369/1297/648
f 3368/1296/647 3389/1313/656 3388/1316/659
f 3388/1316/659 3369/1297/648 3368/1296/647
f 3395/1319/655 3392/1320/660 3393/1321/661
f 3393/1321/661 3394/1322/662 3395/1319/655
f 3394/1322/662 3393/1321/661 3396/1323/657
f 3396/1323/657 3397/1324/656 3394/1322/662
f 3375/1303/650 3394/1322/662 3397/1324/656
f 3397/1324/656 3378/1305/647 3375/1303/650
f 3374/1302/644 3395/1319/655 3394/1322/662
f 3394/1322/662 3375/1303/650 3374/1302/644
f 3401/1325/306 3398/1326/306 3399/1327/663
f 3399/1327/663 3400/1328/664 3401/1325/306
f 3400/1328/664 3399/1327/663 3402/1329/665
f 3402/1329/665 3403/1330/666 3400/1328/664
f 3381/1309/652 3400/1328/664 3403/1330/666
f 3403/1330/666 3384/1311/654 3381/1309/652
f 3380/1308/306 3401/1325/306 3400/1328/664
f 3400/1328/664 3381/1309/652 3380/1308/306
f 3407/1331/667 3404/1332/668 3405/1333/669
f 3405/1333/669 3406/1334/670 3407/1331/667
f 3406/1334/670 3405/1333/669 3408/1335/316
f 3408/1335/316 3409/1336/316 3406/1334/670
f 3387/1315/658 3406/1334/670 3409/1336/316
f 3409/1336/316 3390/1317/316 3387/1315/658
f 3386/1314/657 3407/1331/667 3406/1334/670
f 3406/1334/670 3387/1315/658 3386/1314/657
f 3413/1337/666 3410/1338/665 3411/1339/671
f 3411/1339/671 3412/1340/672 3413/1337/666
f 3412/1340/672 3411/1339/671 3414/1341/673
f 3414/1341/673 3415/1342/674 3412/1340/672
f 3393/1321/661 3412/1340/672 3415/1342/674
f 3415/1342/674 3396/1323/657 3393/1321/661
f 3392/1320/660 3413/1337/666 3412/1340/672
f 3412/1340/672 3393/1321/661 3392/1320/660
f 3419/1343/306 3416/1344/306 3417/1345/675
f 3417/1345/675 3418/1346/676 3419/1343/306
f 3418/1346/676 3417/1345/675 3420/1347/677
f 3420/1347/677 3421/1348/678 3418/1346/676
f 3399/1327/663 3418/1346/676 3421/1348/678
f 3421/1348/678 3402/1329/665 3399/1327/663
f 3398/1326/306 3419/1343/306 3418/1346/676
f 3418/1346/676 3399/1327/663 3398/1326/306
f 3425/1349/679 3422/1350/680 3423/1351/681
f 3423/1351/681 3424/1352/682 3425/1349/679
f 3424/1352/682 3423/1351/681 3426/1353/316
f 3426/1353/316 3427/1354/316 3424/1352/682
f 3405/1333/669 3424/1352/682 3427/1354/316
f 3427/1354/316 3408/1335/316 3405/1333/669
f 3404/1332/668 3425/1349/679 3424/1352/682
f 3424/1352/682 3405/1333/669 3404/1332/668
f 3431/1355/678 3428/1356/683 3429/1357/684
f 3429/1357/684 3430/1358/685 3431/1355/678
f 3430/1358/685 3429/1357/684 3432/1359/680
f 3432/1359/680 3433/1360/679 3430/1358/685
f 3411/1339/671 3430/1358/685 3433/1360/679
f 3433/1360/679 3414/1341/673 3411/1339/671
f 3410/1338/665 3431/1355/678 3430/1358/685
f 3430/1358/685 3411/1339/671 3410/1338/665
f 3437/1361/306 3434/1362/306 3435/1363/686
f 3435/1363/686 3436/1364/687 3437/1361/306
f 3436/1364/687 3435/1363/686 3438/1365/688
f 3438/1365/688 3439/1366/689 3436/1364/687
f 3417/1345/675 3436/1364/687 3439/1366/689
f 3439/1366/689 3420/1347/677 3417/1345/675
f 3416/1344/306 3437/1361/306 3436/1364/687
f 3436/1364/687 3417/1345/675 3416/1344/306
f 3443/1367/690 3440/1368/691 3441/1369/692
f 3441/1369/692 3442/1370/693 3443/1367/690
f 3442/1370/693 3441/1369/692 3444/1371/316
f 3444/1371/316 3445/1372/316 3442/1370/693
f 3423/1351/681 3442/1370/693 3445/1372/316
f 3445/1372/316 3426/1353/316 3423/1351/681
f 3422/1350/680 3443/1367/690 3442/1370/693
f 3442/1370/693 3423/1351/681 3422/1350/680
f 3449/1373/694 3446/1374/695 3447/1375/696
f 3447/1375/696 3448/1376/697 3449/1373/694
f 3448/1376/697 3447/1375/696 3450/1377/698
f 3450/1377/698 3451/1378/690 3448/1376/697
f 3429/1357/684 3448/1376/697 3451/1378/690
f 3451/1378/690 3432/1359/680 3429/1357/684
f 3428/1356/683 3449/1373/694 3448/1376/697
f 3448/1376/697 3429/1357/684 3428/1356/683
s 0
f 3453/1379/284 3016/943/284 3015/942/284
f 3015/942/284 3452/1380/284 3453/1379/284
f 3452/1380/284 3015/942/284 2992/919/284
f 2992/919/284 3454/1381/284 3452/1380/284
f 3456/1382/284 3452/1380/284 3454/1381/284
f 3454/1381/284 3455/1383/284 3456/1382/284
f 3457/1384/284 3453/1379/284 3452/1380/284
f 3452/1380/284 3456/1382/284 3457/1384/284
f 3459/1385/284 3034/961/284 3033/960/284
f 3033/960/284 3458/1386/284 3459/1385/284
f 3458/1386/284 3033/960/284 3016/943/284
f 3016/943/284 3453/1379/284 3458/1386/284
f 3460/1387/284 3458/1386/284 3453/1379/284
f 3453/1379/284 3457/1384/284 3460/1387/284
f 3461/1388/284 3459/1385/284 3458/1386/284
f 3458/1386/284 3460/1387/284 3461/1388/284
f 3463/1389/284 3052/979/284 3051/978/284
f 3051/978/284 3462/1390/284 3463/1389/284
f 3462/1390/284 3051/978/284 3034/961/284
f 3034/961/284 3459/1385/284 3462/1390/284
f 3464/1391/284 3462/1390/284 3459/1385/284
f 3459/1385/284 3461/1388/284 3464/1391/284
f 3465/1392/284 3463/1389/284 3462/1390/284
f 3462/1390/284 3464/1391/284 3465/1392/284
f 3467/1393/284 3070/997/284 3069/996/284
f 3069/996/284 3466/1394/284 3467/1393/284
f 3466/1394/284 3069/996/284 3052/979/284
f 3052/979/284 3463/1389/284 3466/1394/284
f 3468/1395/284 3466/1394/284 3463/1389/284
f 3463/1389/284 3465/1392/284 3468/1395/284
f 3469/1396/284 3467/1393/284 3466/1394/284
f 3466/1394/284 3468/1395/284 3469/1396/284
f 3471/1397/284 3088/1015/284 3087/1014/284
f 3087/1014/284 3470/1398/284 3471/1397/284
f 3470/1398/284 3087/1014/284 3070/997/284
f 3070/997/284 3467/1393/284 3470/1398/284
f 3472/1399/284 3470/1398/284 3467/1393/284
f 3467/1393/284 3469/1396/284 3472/1399/284
f 3473/1400/284 3471/1397/284 3470/1398/284
f 3470/1398/284 3472/1399/284 3473/1400/284
f 3475/1401/284 3106/1033/284 3105/1032/284
f 3105/1032/284 3474/1402/284 3475/1401/284
f 3474/1402/284 3105/1032/284 3088/1015/284
f 3088/1015/284 3471/1397/284 3474/1402/284
f 3476/1403/284 3474/1402/284 3471/1397/284
f 3471/1397/284 3473/1400/284 3476/1403/284
f 3477/1404/284 3475/1401/284 3474/1402/284
f 3474/1402/284 3476/1403/284 3477/1404/284
f 3479/1405/284 3124/1051/284 3123/1050/284
f 3123/1050/284 3478/1406/284 3479/1405/284
f 3478/1406/284 3123/1050/284 3106/1033/284
f 3106/1033/284 3475/1401/284 3478/1406/284
f 3480/1407/284 3478/1406/284 3475/1401/284
f 3475/1401/284 3477/1404/284 3480/1407/284
f 3481/1408/284 3479/1405/284 3478/1406/284
f 3478/1406/284 3480/1407/284 3481/1408/284
f 3483/1409/284 2854/782/284 2853/780/284
f 2853/780/284 3482/1410/284 3483/1409/284
f 3482/1410/284 2853/780/284 2852/781/284
f 2852/781/284 3484/1411/284 3482/1410/284
f 3486/1412/284 3482/1410/284 3484/1411/284
f 3484/1411/284 3485/1413/284 3486/1412/284
f 3487/1414/284 3483/1409/284 3482/1410/284
f 3482/1410/284 3486/1412/284 3487/1414/284
s 1
f 3489/1415/315 2930/859/315 2929/857/345
f 2929/857/345 3488/1416/699 3489/1415/315
f 3488/1416/699 2929/857/345 2854/782/284
f 2854/782/284 3483/1409/284 3488/1416/699
f 3490/1417/700 3488/1416/699 3483/1409/284
f 3483/1409/284 3487/1414/284 3490/1417/700
f 3491/1418/315 3489/1415/315 3488/1416/699
f 3488/1416/699 3490/1417/700 3491/1418/315
f 3493/1419/316 2890/818/316 2889/816/314
f 2889/816/314 3492/1420/701 3493/1419/316
f 3492/1420/701 2889/816/314 2888/817/315
f 2888/817/315 3494/1421/315 3492/1420/701
f 3496/1422/701 3492/1420/701 3494/1421/315
f 3494/1421/315 3495/1423/315 3496/1422/701
f 3497/1424/316 3493/1419/316 3492/1420/701
f 3492/1420/701 3496/1422/701 3497/1424/316
s 0
f 3499/1425/316 2981/909/316 2980/907/316
f 2980/907/316 3498/1426/316 3499/1425/316
f 3498/1426/316 2980/907/316 2890/818/316
f 2890/818/316 3493/1419/316 3498/1426/316
f 3500/1427/316 3498/1426/316 3493/1419/316
f 3493/1419/316 3497/1424/316 3500/1427/316
f 3501/1428/316 3499/1425/316 3498/1426/316
f 3498/1426/316 3500/1427/316 3501/1428/316
f 3503/1429/316 3270/1197/316 3289/1216/316
f 3289/1216/316 3502/1430/316 3503/1429/316
f 3502/1430/316 3289/1216/316 3288/1215/316
f 3288/1215/316 3504/1431/316 3502/1430/316
f 3506/1432/316 3502/1430/316 3504/1431/316
f 3504/1431/316 3505/1433/316 3506/1432/316
f 3507/1434/316 3503/1429/316 3502/1430/316
f 3502/1430/316 3506/1432/316 3507/1434/316
f 3509/1435/316 3252/1179/316 3271/1198/316
f 3271/1198/316 3508/1436/316 3509/1435/316
f 3508/1436/316 3271/1198/316 3270/1197/316
f 3270/1197/316 3503/1429/316 3508/1436/316
f 3510/1437/316 3508/1436/316 3503/1429/316
f 3503/1429/316 3507/1434/316 3510/1437/316
f 3511/1438/316 3509/1435/316 3508/1436/316
f 3508/1436/316 3510/1437/316 3511/1438/316
f 3513/1439/316 3234/1161/316 3253/1180/316
f 3253/1180/316 3512/1440/316 3513/1439/316
f 3512/1440/316 3253/1180/316 3252/1179/316
f 3252/1179/316 3509/1435/316 3512/1440/316
f 3514/1441/316 3512/1440/316 3509/1435/316
f 3509/1435/316 3511/1438/316 3514/1441/316
f 3515/1442/316 3513/1439/316 3512/1440/316
f 3512/1440/316 3514/1441/316 3515/1442/316
f 3517/1443/316 3216/1143/316 3235/1162/316
f 3235/1162/316 3516/1444/316 3517/1443/316
f 3516/1444/316 3235/1162/316 3234/1161/316
f 3234/1161/316 3513/1439/316 3516/1444/316
f 3518/1445/316 3516/1444/316 3513/1439/316
f 3513/1439/316 3515/1442/316 3518/1445/316
f 3519/1446/316 3517/1443/316 3516/1444/316
f 3516/1444/316 3518/1445/316 3519/1446/316
f 3521/1447/316 3198/1125/316 3217/1144/316
f 3217/1144/316 3520/1448/316 3521/1447/316
f 3520/1448/316 3217/1144/316 3216/1143/316
f 3216/1143/316 3517/1443/316 3520/1448/316
f 3522/1449/316 3520/1448/316 3517/1443/316
f 3517/1443/316 3519/1446/316 3522/1449/316
f 3523/1450/316 3521/1447/316 3520/1448/316
f 3520/1448/316 3522/1449/316 3523/1450/316
f 3525/1451/316 3180/1107/316 3199/1126/316
f 3199/1126/316 3524/1452/316 3525/1451/316
f 3524/1452/316 3199/1126/316 3198/1125/316
f 3198/1125/316 3521/1447/316 3524/1452/316
f 3526/1453/316 3524/1452/316 3521/1447/316
f 3521/1447/316 3523/1450/316 3526/1453/316
f 3527/1454/316 3525/1451/316 3524/1452/316
f 3524/1452/316 3526/1453/316 3527/1454/316
f 3529/1455/316 3159/1086/316 3181/1108/316
f 3181/1108/316 3528/1456/316 3529/1455/316
f 3528/1456/316 3181/1108/316 3180/1107/316
f 3180/1107/316 3525/1451/316 3528/1456/316
f 3530/1457/316 3528/1456/316 3525/1451/316
f 3525/1451/316 3527/1454/316 3530/1457/316
f 3531/1458/316 3529/1455/316 3528/1456/316
f 3528/1456/316 3530/1457/316 3531/1458/316
f 3535/1459/316 3532/1460/316 3533/1461/316
f 3533/1461/316 3534/1462/316 3535/1459/316
f 3534/1462/316 3533/1461/316 3161/1089/316
f 3161/1089/316 3160/1087/316 3534/1462/316
f 3529/1455/316 3534/1462/316 3160/1087/316
f 3160/1087/316 3159/1086/316 3529/1455/316
f 3531/1458/316 3535/1459/316 3534/1462/316
f 3534/1462/316 3529/1455/316 3531/1458/316
s 1
f 3539/1463/289 3536/1464/702 3537/1465/703
f 3537/1465/703 3538/1466/289 3539/1463/289
f 3538/1466/289 3537/1465/703 2933/861/346
f 2933/861/346 2936/833/289 3538/1466/289
f 3540/1467/704 3538/1466/289 2936/833/289
f 2936/833/289 2941/868/352 3540/1467/704
f 3541/1468/705 3539/1463/289 3538/1466/289
f 3538/1466/289 3540/1467/704 3541/1468/705
s 0
f 3545/1469/306 3542/1470/306 3543/1471/306
f 3543/1471/306 3544/1472/306 3545/1469/306
f 3544/1472/306 3543/1471/306 3146/1074/306
f 3146/1074/306 3149/1073/306 3544/1472/306
f 3546/1473/306 3544/1472/306 3149/1073/306
f 3149/1073/306 3154/1081/306 3546/1473/306
f 3547/1474/306 3545/1469/306 3544/1472/306
f 3544/1472/306 3546/1473/306 3547/1474/306
f 3551/1475/306 3548/1476/306 3549/1477/306
f 3549/1477/306 3550/1478/306 3551/1475/306
f 3550/1478/306 3549/1477/306 3170/1098/306
f 3170/1098/306 3173/1097/306 3550/1478/306
f 3543/1471/306 3550/1478/306 3173/1097/306
f 3173/1097/306 3146/1074/306 3543/1471/306
f 3542/1470/306 3551/1475/306 3550/1478/306
f 3550/1478/306 3543/1471/306 3542/1470/306
f 3555/1479/306 3552/1480/306 3553/1481/306
f 3553/1481/306 3554/1482/306 3555/1479/306
f 3554/1482/306 3553/1481/306 3188/1116/306
f 3188/1116/306 3191/1115/306 3554/1482/306
f 3549/1477/306 3554/1482/306 3191/1115/306
f 3191/1115/306 3170/1098/306 3549/1477/306
f 3548/1476/306 3555/1479/306 3554/1482/306
f 3554/1482/306 3549/1477/306 3548/1476/306
f 3559/1483/306 3556/1484/306 3557/1485/306
f 3557/1485/306 3558/1486/306 3559/1483/306
f 3558/1486/306 3557/1485/306 3206/1134/306
f 3206/1134/306 3209/1133/306 3558/1486/306
f 3553/1481/306 3558/1486/306 3209/1133/306
f 3209/1133/306 3188/1116/306 3553/1481/306
f 3552/1480/306 3559/1483/306 3558/1486/306
f 3558/1486/306 3553/1481/306 3552/1480/306
f 3563/1487/306 3560/1488/306 3561/1489/306
f 3561/1489/306 3562/1490/306 3563/1487/306
f 3562/1490/306 3561/1489/306 3224/1152/306
f 3224/1152/306 3227/1151/306 3562/1490/306
f 3557/1485/306 3562/1490/306 3227/1151/306
f 3227/1151/306 3206/1134/306 3557/1485/306
f 3556/1484/306 3563/1487/306 3562/1490/306
f 3562/1490/306 3557/1485/306 3556/1484/306
f 3567/1491/306 3564/1492/306 3565/1493/306
f 3565/1493/306 3566/1494/306 3567/1491/306
f 3566/1494/306 3565/1493/306 3242/1170/306
f 3242/1170/306 3245/1169/306 3566/1494/306
f 3561/1489/306 3566/1494/306 3245/1169/306
f 3245/1169/306 3224/1152/306 3561/1489/306
f 3560/1488/306 3567/1491/306 3566/1494/306
f 3566/1494/306 3561/1489/306 3560/1488/306
f 3571/1495/306 3568/1496/306 3569/1497/306
f 3569/1497/306 3570/1498/306 3571/1495/306
f 3570/1498/306 3569/1497/306 3260/1188/306
f 3260/1188/306 3263/1187/306 3570/1498/306
f 3565/1493/306 3570/1498/306 3263/1187/306
f 3263/1187/306 3242/1170/306 3565/1493/306
f 3564/1492/306 3571/1495/306 3570/1498/306
f 3570/1498/306 3565/1493/306 3564/1492/306
f 3575/1499/306 3572/1500/306 3573/1501/306
f 3573/1501/306 3574/1502/306 3575/1499/306
f 3574/1502/306 3573/1501/306 3278/1206/306
f 3278/1206/306 3281/1205/306 3574/1502/306
f 3569/1497/306 3574/1502/306 3281/1205/306
f 3281/1205/306 3260/1188/306 3569/1497/306
f 3568/1496/306 3575/1499/306 3574/1502/306
f 3574/1502/306 3569/1497/306 3568/1496/306
s 1
f 3579/1503/706 3576/1504/707 3577/1505/708
f 3577/1505/708 3578/1506/709 3579/1503/706
f 3578/1506/709 3577/1505/708 2963/891/371
f 2963/891/371 2966/890/370 3578/1506/709
f 3580/1507/306 3578/1506/709 2966/890/370
f 2966/890/370 2971/898/306 3580/1507/306
f 3581/1508/306 3579/1503/706 3578/1506/709
f 3578/1506/709 3580/1507/306 3581/1508/306
f 3585/1509/708 3582/1510/707 3583/1511/710
f 3583/1511/710 3584/1512/711 3585/1509/708
f 3584/1512/711 3583/1511/710 3586/1513/289
f 3586/1513/289 3587/1514/289 3584/1512/711
f 2856/785/287 3584/1512/711 3587/1514/289
f 3587/1514/289 2859/787/289 2856/785/287
f 2855/784/286 3585/1509/708 3584/1512/711
f 3584/1512/711 2856/785/287 2855/784/286
s 0
f 3589/1515/289 3111/1038/289 3130/1057/289
f 3130/1057/289 3588/1516/289 3589/1515/289
f 3588/1516/289 3130/1057/289 3129/1056/289
f 3129/1056/289 3590/1517/289 3588/1516/289
f 3592/1518/289 3588/1516/289 3590/1517/289
f 3590/1517/289 3591/1519/289 3592/1518/289
f 3593/1520/289 3589/1515/289 3588/1516/289
f 3588/1516/289 3592/1518/289 3593/1520/289
f 3595/1521/289 3093/1020/289 3112/1039/289
f 3112/1039/289 3594/1522/289 3595/1521/289
f 3594/1522/289 3112/1039/289 3111/1038/289
f 3111/1038/289 3589/1515/289 3594/1522/289
f 3596/1523/289 3594/1522/289 3589/1515/289
f 3589/1515/289 3593/1520/289 3596/1523/289
f 3597/1524/289 3595/1521/289 3594/1522/289
f 3594/1522/289 3596/1523/289 3597/1524/289
f 3599/1525/289 3075/1002/289 3094/1021/289
f 3094/1021/289 3598/1526/289 3599/1525/289
f 3598/1526/289 3094/1021/289 3093/1020/289
f 3093/1020/289 3595/1521/289 3598/1526/289
f 3600/1527/289 3598/1526/289 3595/1521/289
f 3595/1521/289 3597/1524/289 3600/1527/289
f 3601/1528/289 3599/1525/289 3598/1526/289
f 3598/1526/289 3600/1527/289 3601/1528/289
f 3603/1529/289 3057/984/289 3076/1003/289
f 3076/1003/289 3602/1530/289 3603/1529/289
f 3602/1530/289 3076/1003/289 3075/1002/289
f 3075/1002/289 3599/1525/289 3602/1530/289
f 3604/1531/289 3602/1530/289 3599/1525/289
f 3599/1525/289 3601/1528/289 3604/1531/289
f 3605/1532/289 3603/1529/289 3602/1530/289
f 3602/1530/289 3604/1531/289 3605/1532/289
f 3607/1533/289 3039/966/289 3058/985/289
f 3058/985/289 3606/1534/289 3607/1533/289
f 3606/1534/289 3058/985/289 3057/984/289
f 3057/984/289 3603/1529/289 3606/1534/289
f 3608/1535/289 3606/1534/289 3603/1529/289
f 3603/1529/289 3605/1532/289 3608/1535/289
f 3609/1536/289 3607/1533/289 3606/1534/289
f 3606/1534/289 3608/1535/289 3609/1536/289
f 3611/1537/289 3021/948/289 3040/967/289
f 3040/967/289 3610/1538/289 3611/1537/289
f 3610/1538/289 3040/967/289 3039/966/289
f 3039/966/289 3607/1533/289 3610/1538/289
f 3612/1539/289 3610/1538/289 3607/1533/289
f 3607/1533/289 3609/1536/289 3612/1539/289
f 3613/1540/289 3611/1537/289 3610/1538/289
f 3610/1538/289 3612/1539/289 3613/1540/289
f 3615/1541/289 2997/924/289 3022/949/289
f 3022/949/289 3614/1542/289 3615/1541/289
f 3614/1542/289 3022/949/289 3021/948/289
f 3021/948/289 3611/1537/289 3614/1542/289
f 3616/1543/289 3614/1542/289 3611/1537/289
f 3611/1537/289 3613/1540/289 3616/1543/289
f 3617/1544/289 3615/1541/289 3614/1542/289
f 3614/1542/289 3616/1543/289 3617/1544/289
f 3621/1545/289 3618/1546/289 3619/1547/289
f 3619/1547/289 3620/1548/289 3621/1545/289
f 3620/1548/289 3619/1547/289 2999/927/289
f 2999/927/289 2998/925/289 3620/1548/289
f 3615/1541/289 3620/1548/289 2998/925/289
f 2998/925/289 2997/924/289 3615/1541/289
f 3617/1544/289 3621/1545/289 3620/1548/289
f 3620/1548/289 3615/1541/289 3617/1544/289
s 1
f 3625/1549/712 3622/1550/316 3623/1551/316
f 3623/1551/316 3624/1552/713 3625/1549/712
f 3624/1552/713 3623/1551/316 2948/876/316
f 2948/876/316 2947/874/358 3624/1552/713
f 3626/1553/714 3624/1552/713 2947/874/358
f 2947/874/358 2946/873/357 3626/1553/714
f 3627/1554/715 3625/1549/712 3624/1552/713
f 3624/1552/713 3626/1553/714 3627/1554/715
s 0
f 3629/1555/316 3426/1353/316 3445/1372/316
f 3445/1372/316 3628/1556/316 3629/1555/316
f 3628/1556/316 3445/1372/316 3444/1371/316
f 3444/1371/316 3630/1557/316 3628/1556/316
f 3632/1558/316 3628/1556/316 3630/1557/316
f 3630/1557/316 3631/1559/316 3632/1558/316
f 3633/1560/316 3629/1555/316 3628/1556/316
f 3628/1556/316 3632/1558/316 3633/1560/316
f 3635/1561/316 3408/1335/316 3427/1354/316
f 3427/1354/316 3634/1562/316 3635/1561/316
f 3634/1562/316 3427/1354/316 3426/1353/316
f 3426/1353/316 3629/1555/316 3634/1562/316
f 3636/1563/316 3634/1562/316 3629/1555/316
f 3629/1555/316 3633/1560/316 3636/1563/316
f 3637/1564/316 3635/1561/316 3634/1562/316
f 3634/1562/316 3636/1563/316 3637/1564/316
f 3639/1565/316 3390/1317/316 3409/1336/316
f 3409/1336/316 3638/1566/316 3639/1565/316
f 3638/1566/316 3409/1336/316 3408/1335/316
f 3408/1335/316 3635/1561/316 3638/1566/316
f 3640/1567/316 3638/1566/316 3635/1561/316
f 3635/1561/316 3637/1564/316 3640/1567/316
f 3641/1568/316 3639/1565/316 3638/1566/316
f 3638/1566/316 3640/1567/316 3641/1568/316
f 3643/1569/316 3372/1299/316 3391/1318/316
f 3391/1318/316 3642/1570/316 3643/1569/316
f 3642/1570/316 3391/1318/316 3390/1317/316
f 3390/1317/316 3639/1565/316 3642/1570/316
f 3644/1571/316 3642/1570/316 3639/1565/316
f 3639/1565/316 3641/1568/316 3644/1571/316
f 3645/1572/316 3643/1569/316 3642/1570/316
f 3642/1570/316 3644/1571/316 3645/1572/316
f 3647/1573/316 3354/1281/316 3373/1300/316
f 3373/1300/316 3646/1574/316 3647/1573/316
f 3646/1574/316 3373/1300/316 3372/1299/316
f 3372/1299/316 3643/1569/316 3646/1574/316
f 3648/1575/316 3646/1574/316 3643/1569/316
f 3643/1569/316 3645/1572/316 3648/1575/316
f 3649/1576/316 3647/1573/316 3646/1574/316
f 3646/1574/316 3648/1575/316 3649/1576/316
f 3651/1577/316 3330/1257/316 3355/1282/316
f 3355/1282/316 3650/1578/316 3651/1577/316
f 3650/1578/316 3355/1282/316 3354/1281/316
f 3354/1281/316 3647/1573/316 3650/1578/316
f 3652/1579/316 3650/1578/316 3647/1573/316
f 3647/1573/316 3649/1576/316 3652/1579/316
f 3653/1580/316 3651/1577/316 3650/1578/316
f 3650/1578/316 3652/1579/316 3653/1580/316
f 3655/1581/316 3332/1260/316 3331/1258/316
f 3331/1258/316 3654/1582/316 3655/1581/316
f 3654/1582/316 3331/1258/316 3330/1257/316
f 3330/1257/316 3651/1577/316 3654/1582/316
f 3656/1583/316 3654/1582/316 3651/1577/316
f 3651/1577/316 3653/1580/316 3656/1583/316
f 3657/1584/316 3655/1581/316 3654/1582/316
f 3654/1582/316 3656/1583/316 3657/1584/316
s 1
f 3659/1585/716 3305/1233/329 3304/1231/604
f 3304/1231/604 3658/1586/717 3659/1585/716
f 3658/1586/717 3304/1231/604 3303/1230/316
f 3303/1230/316 3660/1587/316 3658/1586/717
f 3662/1588/718 3658/1586/717 3660/1587/316
f 3660/1587/316 3661/1589/316 3662/1588/718
f 3663/1590/719 3659/1585/716 3658/1586/717
f 3658/1586/717 3662/1588/718 3663/1590/719
f 3665/1591/720 2906/835/332 2905/833/330
f 2905/833/330 3664/1592/330 3665/1591/720
f 3664/1592/330 2905/833/330 2904/832/329
f 2904/832/329 3666/1593/716 3664/1592/330
f 3668/1463/289 3664/1592/330 3666/1593/716
f 3666/1593/716 3667/1594/719 3668/1463/289
f 3669/1595/721 3665/1591/720 3664/1592/330
f 3664/1592/330 3668/1463/289 3669/1595/721
f 3673/1596/722 3670/1597/306 3671/1598/306
f 3671/1598/306 3672/1599/723 3673/1596/722
f 3672/1599/723 3671/1598/306 3290/1218/306
f 3290/1218/306 3293/1217/593 3672/1599/723
f 3674/1600/720 3672/1599/723 3293/1217/593
f 3293/1217/593 3298/1225/332 3674/1600/720
f 3675/1601/724 3673/1596/722 3672/1599/723
f 3672/1599/723 3674/1600/720 3675/1601/724
s 0
f 3679/1602/306 3676/1603/306 3677/1604/306
f 3677/1604/306 3678/1605/306 3679/1602/306
f 3678/1605/306 3677/1604/306 3317/1245/306
f 3317/1245/306 3320/1244/306 3678/1605/306
f 3680/1606/306 3678/1605/306 3320/1244/306
f 3320/1244/306 3325/1252/306 3680/1606/306
f 3681/1607/306 3679/1602/306 3678/1605/306
f 3678/1605/306 3680/1606/306 3681/1607/306
f 3685/1608/306 3682/1609/306 3683/1610/306
f 3683/1610/306 3684/1611/306 3685/1608/306
f 3684/1611/306 3683/1610/306 3344/1272/306
f 3344/1272/306 3347/1271/306 3684/1611/306
f 3677/1604/306 3684/1611/306 3347/1271/306
f 3347/1271/306 3317/1245/306 3677/1604/306
f 3676/1603/306 3685/1608/306 3684/1611/306
f 3684/1611/306 3677/1604/306 3676/1603/306
f 3689/1612/306 3686/1613/306 3687/1614/306
f 3687/1614/306 3688/1615/306 3689/1612/306
f 3688/1615/306 3687/1614/306 3362/1290/306
f 3362/1290/306 3365/1289/306 3688/1615/306
f 3683/1610/306 3688/1615/306 3365/1289/306
f 3365/1289/306 3344/1272/306 3683/1610/306
f 3682/1609/306 3689/1612/306 3688/1615/306
f 3688/1615/306 3683/1610/306 3682/1609/306
f 3693/1616/306 3690/1617/306 3691/1618/306
f 3691/1618/306 3692/1619/306 3693/1616/306
f 3692/1619/306 3691/1618/306 3380/1308/306
f 3380/1308/306 3383/1307/306 3692/1619/306
f 3687/1614/306 3692/1619/306 3383/1307/306
f 3383/1307/306 3362/1290/306 3687/1614/306
f 3686/1613/306 3693/1616/306 3692/1619/306
f 3692/1619/306 3687/1614/306 3686/1613/306
f 3697/1620/306 3694/1621/306 3695/1622/306
f 3695/1622/306 3696/1623/306 3697/1620/306
f 3696/1623/306 3695/1622/306 3398/1326/306
f 3398/1326/306 3401/1325/306 3696/1623/306
f 3691/1618/306 3696/1623/306 3401/1325/306
f 3401/1325/306 3380/1308/306 3691/1618/306
f 3690/1617/306 3697/1620/306 3696/1623/306
f 3696/1623/306 3691/1618/306 3690/1617/306
f 3701/1624/306 3698/1625/306 3699/1626/306
f 3699/1626/306 3700/1627/306 3701/1624/306
f 3700/1627/306 3699/1626/306 3416/1344/306
f 3416/1344/306 3419/1343/306 3700/1627/306
f 3695/1622/306 3700/1627/306 3419/1343/306
f 3419/1343/306 3398/1326/306 3695/1622/306
f 3694/1621/306 3701/1624/306 3700/1627/306
f 3700/1627/306 3695/1622/306 3694/1621/306
f 3705/1628/306 3702/1629/306 3703/1630/306
f 3703/1630/306 3704/1631/306 3705/1628/306
f 3704/1631/306 3703/1630/306 3434/1362/306
f 3434/1362/306 3437/1361/306 3704/1631/306
f 3699/1626/306 3704/1631/306 3437/1361/306
f 3437/1361/306 3416/1344/306 3699/1626/306
f 3698/1625/306 3705/1628/306 3704/1631/306
f 3704/1631/306 3699/1626/306 3698/1625/306
f 3709/1632/306 3706/1633/306 3707/1634/306
f 3707/1634/306 3708/1635/306 3709/1632/306
f 3708/1635/306 3707/1634/306 2879/808/306
f 2879/808/306 2952/878/306 3708/1635/306
f 3710/1636/306 3708/1635/306 2952/878/306
f 2952/878/306 2956/883/306 3710/1636/306
f 3711/1637/306 3709/1632/306 3708/1635/306
f 3708/1635/306 3710/1636/306 3711/1637/306
s 1
f 3713/1638/307 2881/809/307 2880/807/305
f 2880/807/305 3712/1639/305 3713/1638/307
f 3712/1639/305 2880/807/305 2879/808/306
f 2879/808/306 3707/1634/306 3712/1639/305
f 3714/1640/725 3712/1639/305 3707/1634/306
f 3707/1634/306 3706/1633/306 3714/1640/725
f 3715/1641/307 3713/1638/307 3712/1639/305
f 3712/1639/305 3714/1640/725 3715/1641/307
f 3719/1642/307 3716/1643/307 3717/1644/726
f 3717/1644/726 3718/1645/727 3719/1642/307
f 3718/1645/727 3717/1644/726 3720/1646/284
f 3720/1646/284 3721/1647/284 3718/1645/727
f 2912/837/334 3718/1645/727 3721/1647/284
f 3721/1647/284 2909/838/284 2912/837/334
f 2917/845/307 3719/1642/307 3718/1645/727
f 3718/1645/727 2912/837/334 2917/845/307
s 0
f 3454/1381/284 2992/919/284 2991/917/284
f 2991/917/284 3722/1648/284 3454/1381/284
f 3722/1648/284 2991/917/284 2990/918/284
f 2990/918/284 3723/1649/284 3722/1648/284
f 3725/1650/284 3722/1648/284 3723/1649/284
f 3723/1649/284 3724/1651/284 3725/1650/284
f 3455/1383/284 3454/1381/284 3722/1648/284
f 3722/1648/284 3725/1650/284 3455/1383/284
f 3727/1652/284 3455/1383/284 3725/1650/284
f 3725/1650/284 3726/1653/284 3727/1652/284
f 3726/1653/284 3725/1650/284 3724/1651/284
f 3724/1651/284 3728/1654/284 3726/1653/284
f 3730/1655/284 3726/1653/284 3728/1654/284
f 3728/1654/284 3729/1656/284 3730/1655/284
f 3731/1657/284 3727/1652/284 3726/1653/284
f 3726/1653/284 3730/1655/284 3731/1657/284
f 3733/1658/284 3457/1384/284 3456/1382/284
f 3456/1382/284 3732/1659/284 3733/1658/284
f 3732/1659/284 3456/1382/284 3455/1383/284
f 3455/1383/284 3727/1652/284 3732/1659/284
f 3734/1660/284 3732/1659/284 3727/1652/284
f 3727/1652/284 3731/1657/284 3734/1660/284
f 3735/1661/284 3733/1658/284 3732/1659/284
f 3732/1659/284 3734/1660/284 3735/1661/284
f 3737/1662/284 3461/1388/284 3460/1387/284
f 3460/1387/284 3736/1663/284 3737/1662/284
f 3736/1663/284 3460/1387/284 3457/1384/284
f 3457/1384/284 3733/1658/284 3736/1663/284
f 3738/1664/284 3736/1663/284 3733/1658/284
f 3733/1658/284 3735/1661/284 3738/1664/284
f 3739/1665/284 3737/1662/284 3736/1663/284
f 3736/1663/284 3738/1664/284 3739/1665/284
f 3741/1666/284 3465/1392/284 3464/1391/284
f 3464/1391/284 3740/1667/284 3741/1666/284
f 3740/1667/284 3464/1391/284 3461/1388/284
f 3461/1388/284 3737/1662/284 3740/1667/284
f 3742/1668/284 3740/1667/284 3737/1662/284
f 3737/1662/284 3739/1665/284 3742/1668/284
f 3743/1669/284 3741/1666/284 3740/1667/284
f 3740/1667/284 3742/1668/284 3743/1669/284
f 3745/1670/284 3469/1396/284 3468/1395/284
f 3468/1395/284 3744/1671/284 3745/1670/284
f 3744/1671/284 3468/1395/284 3465/1392/284
f 3465/1392/284 3741/1666/284 3744/1671/284
f 3746/1672/284 3744/1671/284 3741/1666/284
f 3741/1666/284 3743/1669/284 3746/1672/284
f 3747/1673/284 3745/1670/284 3744/1671/284
f 3744/1671/284 3746/1672/284 3747/1673/284
f 3749/1674/284 3473/1400/284 3472/1399/284
f 3472/1399/284 3748/1675/284 3749/1674/284
f 3748/1675/284 3472/1399/284 3469/1396/284
f 3469/1396/284 3745/1670/284 3748/1675/284
f 3750/1676/284 3748/1675/284 3745/1670/284
f 3745/1670/284 3747/1673/284 3750/1676/284
f 3751/1677/284 3749/1674/284 3748/1675/284
f 3748/1675/284 3750/1676/284 3751/1677/284
f 3753/1678/284 3477/1404/284 3476/1403/284
f 3476/1403/284 3752/1679/284 3753/1678/284
f 3752/1679/284 3476/1403/284 3473/1400/284
f 3473/1400/284 3749/1674/284 3752/1679/284
f 3754/1680/284 3752/1679/284 3749/1674/284
f 3749/1674/284 3751/1677/284 3754/1680/284
f 3755/1681/284 3753/1678/284 3752/1679/284
f 3752/1679/284 3754/1680/284 3755/1681/284
f 3757/1682/284 3481/1408/284 3480/1407/284
f 3480/1407/284 3756/1683/284 3757/1682/284
f 3756/1683/284 3480/1407/284 3477/1404/284
f 3477/1404/284 3753/1678/284 3756/1683/284
f 3758/1684/284 3756/1683/284 3753/1678/284
f 3753/1678/284 3755/1681/284 3758/1684/284
f 3759/1685/284 3757/1682/284 3756/1683/284
f 3756/1683/284 3758/1684/284 3759/1685/284
f 3761/1686/284 3487/1414/284 3486/1412/284
f 3486/1412/284 3760/1687/284 3761/1686/284
f 3760/1687/284 3486/1412/284 3485/1413/284
f 3485/1413/284 3762/1688/284 3760/1687/284
f 3764/1689/284 3760/1687/284 3762/1688/284
f 3762/1688/284 3763/1690/284 3764/1689/284
f 3765/1691/284 3761/1686/284 3760/1687/284
f 3760/1687/284 3764/1689/284 3765/1691/284
s 1
f 3767/1692/315 3491/1418/315 3490/1417/700
f 3490/1417/700 3766/1693/699 3767/1692/315
f 3766/1693/699 3490/1417/700 3487/1414/284
f 3487/1414/284 3761/1686/284 3766/1693/699
f 3768/1694/728 3766/1693/699 3761/1686/284
f 3761/1686/284 3765/1691/284 3768/1694/728
f 3769/1695/315 3767/1692/315 3766/1693/699
f 3766/1693/699 3768/1694/728 3769/1695/315
f 3771/1696/316 3497/1424/316 3496/1422/701
f 3496/1422/701 3770/1697/701 3771/1696/316
f 3770/1697/701 3496/1422/701 3495/1423/315
f 3495/1423/315 3772/1698/315 3770/1697/701
f 3774/1699/701 3770/1697/701 3772/1698/315
f 3772/1698/315 3773/1700/315 3774/1699/701
f 3775/1701/316 3771/1696/316 3770/1697/701
f 3770/1697/701 3774/1699/701 3775/1701/316
s 0
f 3777/1702/316 3501/1428/316 3500/1427/316
f 3500/1427/316 3776/1703/316 3777/1702/316
f 3776/1703/316 3500/1427/316 3497/1424/316
f 3497/1424/316 3771/1696/316 3776/1703/316
f 3778/1704/316 3776/1703/316 3771/1696/316
f 3771/1696/316 3775/1701/316 3778/1704/316
f 3779/1705/316 3777/1702/316 3776/1703/316
f 3776/1703/316 3778/1704/316 3779/1705/316
f 3781/1706/316 3507/1434/316 3506/1432/316
f 3506/1432/316 3780/1707/316 3781/1706/316
f 3780/1707/316 3506/1432/316 3505/1433/316
f 3505/1433/316 3782/1708/316 3780/1707/316
f 3784/1709/316 3780/1707/316 3782/1708/316
f 3782/1708/316 3783/1710/316 3784/1709/316
f 3785/1711/316 3781/1706/316 3780/1707/316
f 3780/1707/316 3784/1709/316 3785/1711/316
f 3787/1712/316 3511/1438/316 3510/1437/316
f 3510/1437/316 3786/1713/316 3787/1712/316
f 3786/1713/316 3510/1437/316 3507/1434/316
f 3507/1434/316 3781/1706/316 3786/1713/316
f 3788/1714/316 3786/1713/316 3781/1706/316
f 3781/1706/316 3785/1711/316 3788/1714/316
f 3789/1715/316 3787/1712/316 3786/1713/316
f 3786/1713/316 3788/1714/316 3789/1715/316
f 3791/1716/316 3515/1442/316 3514/1441/316
f 3514/1441/316 3790/1717/316 3791/1716/316
f 3790/1717/316 3514/1441/316 3511/1438/316
f 3511/1438/316 3787/1712/316 3790/1717/316
f 3792/1718/316 3790/1717/316 3787/1712/316
f 3787/1712/316 3789/1715/316 3792/1718/316
f 3793/1719/316 3791/1716/316 3790/1717/316
f 3790/1717/316 3792/1718/316 3793/1719/316
f 3795/1720/316 3519/1446/316 3518/1445/316
f 3518/1445/316 3794/1721/316 3795/1720/316
f 3794/1721/316 3518/1445/316 3515/1442/316
f 3515/1442/316 3791/1716/316 3794/1721/316
f 3796/1722/316 3794/1721/316 3791/1716/316
f 3791/1716/316 3793/1719/316 3796/1722/316
f 3797/1723/316 3795/1720/316 3794/1721/316
f 3794/1721/316 3796/1722/316 3797/1723/316
f 3799/1724/316 3523/1450/316 3522/1449/316
f 3522/1449/316 3798/1725/316 3799/1724/316
f 3798/1725/316 3522/1449/316 3519/1446/316
f 3519/1446/316 3795/1720/316 3798/1725/316
f 3800/1726/316 3798/1725/316 3795/1720/316
f 3795/1720/316 3797/1723/316 3800/1726/316
f 3801/1727/316 3799/1724/316 3798/1725/316
f 3798/1725/316 3800/1726/316 3801/1727/316
f 3803/1728/316 3527/1454/316 3526/1453/316
f 3526/1453/316 3802/1729/316 3803/1728/316
f 3802/1729/316 3526/1453/316 3523/1450/316
f 3523/1450/316 3799/1724/316 3802/1729/316
f 3804/1730/316 3802/1729/316 3799/1724/316
f 3799/1724/316 3801/1727/316 3804/1730/316
f 3805/1731/316 3803/1728/316 3802/1729/316
f 3802/1729/316 3804/1730/316 3805/1731/316
f 3807/1732/316 3531/1458/316 3530/1457/316
f 3530/1457/316 3806/1733/316 3807/1732/316
f 3806/1733/316 3530/1457/316 3527/1454/316
f 3527/1454/316 3803/1728/316 3806/1733/316
f 3808/1734/316 3806/1733/316 3803/1728/316
f 3803/1728/316 3805/1731/316 3808/1734/316
f 3809/1735/316 3807/1732/316 3806/1733/316
f 3806/1733/316 3808/1734/316 3809/1735/316
f 3811/1736/316 3532/1460/316 3535/1459/316
f 3535/1459/316 3810/1737/316 3811/1736/316
f 3810/1737/316 3535/1459/316 3531/1458/316
f 3531/1458/316 3807/1732/316 3810/1737/316
f 3812/1738/316 3810/1737/316 3807/1732/316
f 3807/1732/316 3809/1735/316 3812/1738/316
f 3813/1739/316 3811/1736/316 3810/1737/316
f 3810/1737/316 3812/1738/316 3813/1739/316
s 1
f 3817/1740/330 3814/1741/729 3815/1742/730
f 3815/1742/730 3816/1743/289 3817/1740/330
f 3816/1743/289 3815/1742/730 3536/1464/702
f 3536/1464/702 3539/1463/289 3816/1743/289
f 3818/1744/731 3816/1743/289 3539/1463/289
f 3539/1463/289 3541/1468/705 3818/1744/731
f 3819/1745/732 3817/1740/330 3816/1743/289
f 3816/1743/289 3818/1744/731 3819/1745/732
s 0
f 3823/1746/306 3820/1747/306 3821/1748/306
f 3821/1748/306 3822/1749/306 3823/1746/306
f 3822/1749/306 3821/1748/306 3542/1470/306
f 3542/1470/306 3545/1469/306 3822/1749/306
f 3824/1750/306 3822/1749/306 3545/1469/306
f 3545/1469/306 3547/1474/306 3824/1750/306
f 3825/1751/306 3823/1746/306 3822/1749/306
f 3822/1749/306 3824/1750/306 3825/1751/306
f 3829/1752/306 3826/1753/306 3827/1754/306
f 3827/1754/306 3828/1755/306 3829/1752/306
f 3828/1755/306 3827/1754/306 3548/1476/306
f 3548/1476/306 3551/1475/306 3828/1755/306
f 3821/1748/306 3828/1755/306 3551/1475/306
f 3551/1475/306 3542/1470/306 3821/1748/306
f 3820/1747/306 3829/1752/306 3828/1755/306
f 3828/1755/306 3821/1748/306 3820/1747/306
f 3833/1756/306 3830/1757/306 3831/1758/306
f 3831/1758/306 3832/1759/306 3833/1756/306
f 3832/1759/306 3831/1758/306 3552/1480/306
f 3552/1480/306 3555/1479/306 3832/1759/306
f 3827/1754/306 3832/1759/306 3555/1479/306
f 3555/1479/306 3548/1476/306 3827/1754/306
f 3826/1753/306 3833/1756/306 3832/1759/306
f 3832/1759/306 3827/1754/306 3826/1753/306
f 3837/1760/306 3834/1761/306 3835/1762/306
f 3835/1762/306 3836/1763/306 3837/1760/306
f 3836/1763/306 3835/1762/306 3556/1484/306
f 3556/1484/306 3559/1483/306 3836/1763/306
f 3831/1758/306 3836/1763/306 3559/1483/306
f 3559/1483/306 3552/1480/306 3831/1758/306
f 3830/1757/306 3837/1760/306 3836/1763/306
f 3836/1763/306 3831/1758/306 3830/1757/306
f 3841/1764/306 3838/1765/306 3839/1766/306
f 3839/1766/306 3840/1767/306 3841/1764/306
f 3840/1767/306 3839/1766/306 3560/1488/306
f 3560/1488/306 3563/1487/306 3840/1767/306
f 3835/1762/306 3840/1767/306 3563/1487/306
f 3563/1487/306 3556/1484/306 3835/1762/306
f 3834/1761/306 3841/1764/306 3840/1767/306
f 3840/1767/306 3835/1762/306 3834/1761/306
f 3845/1768/306 3842/1769/306 3843/1770/306
f 3843/1770/306 3844/1771/306 3845/1768/306
f 3844/1771/306 3843/1770/306 3564/1492/306
f 3564/1492/306 3567/1491/306 3844/1771/306
f 3839/1766/306 3844/1771/306 3567/1491/306
f 3567/1491/306 3560/1488/306 3839/1766/306
f 3838/1765/306 3845/1768/306 3844/1771/306
f 3844/1771/306 3839/1766/306 3838/1765/306
f 3849/1772/306 3846/1773/306 3847/1774/306
f 3847/1774/306 3848/1775/306 3849/1772/306
f 3848/1775/306 3847/1774/306 3568/1496/306
f 3568/1496/306 3571/1495/306 3848/1775/306
f 3843/1770/306 3848/1775/306 3571/1495/306
f 3571/1495/306 3564/1492/306 3843/1770/306
f 3842/1769/306 3849/1772/306 3848/1775/306
f 3848/1775/306 3843/1770/306 3842/1769/306
f 3853/1776/306 3850/1777/306 3851/1778/306
f 3851/1778/306 3852/1779/306 3853/1776/306
f 3852/1779/306 3851/1778/306 3572/1500/306
f 3572/1500/306 3575/1499/306 3852/1779/306
f 3847/1774/306 3852/1779/306 3575/1499/306
f 3575/1499/306 3568/1496/306 3847/1774/306
f 3846/1773/306 3853/1776/306 3852/1779/306
f 3852/1779/306 3847/1774/306 3846/1773/306
s 1
f 3857/1780/733 3854/1781/734 3855/1782/735
f 3855/1782/735 3856/1783/706 3857/1780/733
f 3856/1783/706 3855/1782/735 3576/1504/707
f 3576/1504/707 3579/1503/706 3856/1783/706
f 3858/1784/306 3856/1783/706 3579/1503/706
f 3579/1503/706 3581/1508/306 3858/1784/306
f 3859/1785/306 3857/1780/733 3856/1783/706
f 3856/1783/706 3858/1784/306 3859/1785/306
f 3863/1786/735 3860/1787/736 3861/1788/737
f 3861/1788/737 3862/1789/711 3863/1786/735
f 3862/1789/711 3861/1788/737 3864/1790/289
f 3864/1790/289 3865/1791/289 3862/1789/711
f 3583/1511/710 3862/1789/711 3865/1791/289
f 3865/1791/289 3586/1513/289 3583/1511/710
f 3582/1510/707 3863/1786/735 3862/1789/711
f 3862/1789/711 3583/1511/710 3582/1510/707
s 0
f 3867/1792/289 3593/1520/289 3592/1518/289
f 3592/1518/289 3866/1793/289 3867/1792/289
f 3866/1793/289 3592/1518/289 3591/1519/289
f 3591/1519/289 3868/1794/289 3866/1793/289
f 3870/1795/289 3866/1793/289 3868/1794/289
f 3868/1794/289 3869/1796/289 3870/1795/289
f 3871/1797/289 3867/1792/289 3866/1793/289
f 3866/1793/289 3870/1795/289 3871/1797/289
f 3873/1798/289 3597/1524/289 3596/1523/289
f 3596/1523/289 3872/1799/289 3873/1798/289
f 3872/1799/289 3596/1523/289 3593/1520/289
f 3593/1520/289 3867/1792/289 3872/1799/289
f 3874/1800/289 3872/1799/289 3867/1792/289
f 3867/1792/289 3871/1797/289 3874/1800/289
f 3875/1801/289 3873/1798/289 3872/1799/289
f 3872/1799/289 3874/1800/289 3875/1801/289
f 3877/1802/289 3601/1528/289 3600/1527/289
f 3600/1527/289 3876/1803/289 3877/1802/289
f 3876/1803/289 3600/1527/289 3597/1524/289
f 3597/1524/289 3873/1798/289 3876/1803/289
f 3878/1804/289 3876/1803/289 3873/1798/289
f 3873/1798/289 3875/1801/289 3878/1804/289
f 3879/1805/289 3877/1802/289 3876/1803/289
f 3876/1803/289 3878/1804/289 3879/1805/289
f 3881/1806/289 3605/1532/289 3604/1531/289
f 3604/1531/289 3880/1807/289 3881/1806/289
f 3880/1807/289 3604/1531/289 3601/1528/289
f 3601/1528/289 3877/1802/289 3880/1807/289
f 3882/1808/289 3880/1807/289 3877/1802/289
f 3877/1802/289 3879/1805/289 3882/1808/289
f 3883/1809/289 3881/1806/289 3880/1807/289
f 3880/1807/289 3882/1808/289 3883/1809/289
f 3885/1810/289 3609/1536/289 3608/1535/289
f 3608/1535/289 3884/1811/289 3885/1810/289
f 3884/1811/289 3608/1535/289 3605/1532/289
f 3605/1532/289 3881/1806/289 3884/1811/289
f 3886/1812/289 3884/1811/289 3881/1806/289
f 3881/1806/289 3883/1809/289 3886/1812/289
f 3887/1813/289 3885/1810/289 3884/1811/289
f 3884/1811/289 3886/1812/289 3887/1813/289
f 3889/1814/289 3613/1540/289 3612/1539/289
f 3612/1539/289 3888/1815/289 3889/1814/289
f 3888/1815/289 3612/1539/289 3609/1536/289
f 3609/1536/289 3885/1810/289 3888/1815/289
f 3890/1816/289 3888/1815/289 3885/1810/289
f 3885/1810/289 3887/1813/289 3890/1816/289
f 3891/1817/289 3889/1814/289 3888/1815/289
f 3888/1815/289 3890/1816/289 3891/1817/289
f 3893/1818/289 3617/1544/289 3616/1543/289
f 3616/1543/289 3892/1819/289 3893/1818/289
f 3892/1819/289 3616/1543/289 3613/1540/289
f 3613/1540/289 3889/1814/289 3892/1819/289
f 3894/1820/289 3892/1819/289 3889/1814/289
f 3889/1814/289 3891/1817/289 3894/1820/289
f 3895/1821/289 3893/1818/289 3892/1819/289
f 3892/1819/289 3894/1820/289 3895/1821/289
f 3897/1822/289 3618/1546/289 3621/1545/289
f 3621/1545/289 3896/1823/289 3897/1822/289
f 3896/1823/289 3621/1545/289 3617/1544/289
f 3617/1544/289 3893/1818/289 3896/1823/289
f 3898/1824/289 3896/1823/289 3893/1818/289
f 3893/1818/289 3895/1821/289 3898/1824/289
f 3899/1825/289 3897/1822/289 3896/1823/289
f 3896/1823/289 3898/1824/289 3899/1825/289
s 1
f 3901/1826/316 3622/1550/316 3625/1549/712
f 3625/1549/712 3900/1827/712 3901/1826/316
f 3900/1827/712 3625/1549/712 3627/1554/715
f 3627/1554/715 3902/1828/738 3900/1827/712
f 3904/1829/739 3900/1827/712 3902/1828/738
f 3902/1828/738 3903/1830/740 3904/1829/739
f 3905/1831/316 3901/1826/316 3900/1827/712
f 3900/1827/712 3904/1829/739 3905/1831/316
s 0
f 3907/1832/316 3633/1560/316 3632/1558/316
f 3632/1558/316 3906/1833/316 3907/1832/316
f 3906/1833/316 3632/1558/316 3631/1559/316
f 3631/1559/316 3908/1834/316 3906/1833/316
f 3910/1835/316 3906/1833/316 3908/1834/316
f 3908/1834/316 3909/1836/316 3910/1835/316
f 3911/1837/316 3907/1832/316 3906/1833/316
f 3906/1833/316 3910/1835/316 3911/1837/316
f 3913/1838/316 3637/1564/316 3636/1563/316
f 3636/1563/316 3912/1839/316 3913/1838/316
f 3912/1839/316 3636/1563/316 3633/1560/316
f 3633/1560/316 3907/1832/316 3912/1839/316
f 3914/1840/316 3912/1839/316 3907/1832/316
f 3907/1832/316 3911/1837/316 3914/1840/316
f 3915/1841/316 3913/1838/316 3912/1839/316
f 3912/1839/316 3914/1840/316 3915/1841/316
f 3917/1842/316 3641/1568/316 3640/1567/316
f 3640/1567/316 3916/1843/316 3917/1842/316
f 3916/1843/316 3640/1567/316 3637/1564/316
f 3637/1564/316 3913/1838/316 3916/1843/316
f 3918/1844/316 3916/1843/316 3913/1838/316
f 3913/1838/316 3915/1841/316 3918/1844/316
f 3919/1845/316 3917/1842/316 3916/1843/316
f 3916/1843/316 3918/1844/316 3919/1845/316
f 3921/1846/316 3645/1572/316 3644/1571/316
f 3644/1571/316 3920/1847/316 3921/1846/316
f 3920/1847/316 3644/1571/316 3641/1568/316
f 3641/1568/316 3917/1842/316 3920/1847/316
f 3922/1848/316 3920/1847/316 3917/1842/316
f 3917/1842/316 3919/1845/316 3922/1848/316
f 3923/1849/316 3921/1846/316 3920/1847/316
f 3920/1847/316 3922/1848/316 3923/1849/316
f 3925/1850/316 3649/1576/316 3648/1575/316
f 3648/1575/316 3924/1851/316 3925/1850/316
f 3924/1851/316 3648/1575/316 3645/1572/316
f 3645/1572/316 3921/1846/316 3924/1851/316
f 3926/1852/316 3924/1851/316 3921/1846/316
f 3921/1846/316 3923/1849/316 3926/1852/316
f 3927/1853/316 3925/1850/316 3924/1851/316
f 3924/1851/316 3926/1852/316 3927/1853/316
f 3929/1854/316 3653/1580/316 3652/1579/316
f 3652/1579/316 3928/1855/316 3929/1854/316
f 3928/1855/316 3652/1579/316 3649/1576/316
f 3649/1576/316 3925/1850/316 3928/1855/316
f 3930/1856/316 3928/1855/316 3925/1850/316
f 3925/1850/316 3927/1853/316 3930/1856/316
f 3931/1857/316 3929/1854/316 3928/1855/316
f 3928/1855/316 3930/1856/316 3931/1857/316
f 3933/1858/316 3657/1584/316 3656/1583/316
f 3656/1583/316 3932/1859/316 3933/1858/316
f 3932/1859/316 3656/1583/316 3653/1580/316
f 3653/1580/316 3929/1854/316 3932/1859/316
f 3934/1860/316 3932/1859/316 3929/1854/316
f 3929/1854/316 3931/1857/316 3934/1860/316
f 3935/1861/316 3933/1858/316 3932/1859/316
f 3932/1859/316 3934/1860/316 3935/1861/316
s 1
f 3937/1862/741 3663/1590/719 3662/1588/718
f 3662/1588/718 3936/1863/742 3937/1862/741
f 3936/1863/742 3662/1588/718 3661/1589/316
f 3661/1589/316 3938/1864/316 3936/1863/742
f 3940/1865/742 3936/1863/742 3938/1864/316
f 3938/1864/316 3939/1866/316 3940/1865/742
f 3941/1867/743 3937/1862/741 3936/1863/742
f 3936/1863/742 3940/1865/742 3941/1867/743
f 3943/1868/744 3669/1595/721 3668/1463/289
f 3668/1463/289 3942/1869/289 3943/1868/744
f 3942/1869/289 3668/1463/289 3667/1594/719
f 3667/1594/719 3944/1870/741 3942/1869/289
f 3946/1871/289 3942/1869/289 3944/1870/741
f 3944/1870/741 3945/1872/743 3946/1871/289
f 3947/1873/745 3943/1868/744 3942/1869/289
f 3942/1869/289 3946/1871/289 3947/1873/745
f 3951/1874/746 3948/1875/306 3949/1876/306
f 3949/1876/306 3950/1877/747 3951/1874/746
f 3950/1877/747 3949/1876/306 3670/1597/306
f 3670/1597/306 3673/1596/722 3950/1877/747
f 3952/1878/744 3950/1877/747 3673/1596/722
f 3673/1596/722 3675/1601/724 3952/1878/744
f 3953/1879/745 3951/1874/746 3950/1877/747
f 3950/1877/747 3952/1878/744 3953/1879/745
s 0
f 3957/1880/306 3954/1881/306 3955/1882/306
f 3955/1882/306 3956/1883/306 3957/1880/306
f 3956/1883/306 3955/1882/306 3676/1603/306
f 3676/1603/306 3679/1602/306 3956/1883/306
f 3958/1884/306 3956/1883/306 3679/1602/306
f 3679/1602/306 3681/1607/306 3958/1884/306
f 3959/1885/306 3957/1880/306 3956/1883/306
f 3956/1883/306 3958/1884/306 3959/1885/306
f 3963/1886/306 3960/1887/306 3961/1888/306
f 3961/1888/306 3962/1889/306 3963/1886/306
f 3962/1889/306 3961/1888/306 3682/1609/306
f 3682/1609/306 3685/1608/306 3962/1889/306
f 3955/1882/306 3962/1889/306 3685/1608/306
f 3685/1608/306 3676/1603/306 3955/1882/306
f 3954/1881/306 3963/1886/306 3962/1889/306
f 3962/1889/306 3955/1882/306 3954/1881/306
f 3967/1890/306 3964/1891/306 3965/1892/306
f 3965/1892/306 3966/1893/306 3967/1890/306
f 3966/1893/306 3965/1892/306 3686/1613/306
f 3686/1613/306 3689/1612/306 3966/1893/306
f 3961/1888/306 3966/1893/306 3689/1612/306
f 3689/1612/306 3682/1609/306 3961/1888/306
f 3960/1887/306 3967/1890/306 3966/1893/306
f 3966/1893/306 3961/1888/306 3960/1887/306
f 3971/1894/306 3968/1895/306 3969/1896/306
f 3969/1896/306 3970/1897/306 3971/1894/306
f 3970/1897/306 3969/1896/306 3690/1617/306
f 3690/1617/306 3693/1616/306 3970/1897/306
f 3965/1892/306 3970/1897/306 3693/1616/306
f 3693/1616/306 3686/1613/306 3965/1892/306
f 3964/1891/306 3971/1894/306 3970/1897/306
f 3970/1897/306 3965/1892/306 3964/1891/306
f 3975/1898/306 3972/1899/306 3973/1900/306
f 3973/1900/306 3974/1901/306 3975/1898/306
f 3974/1901/306 3973/1900/306 3694/1621/306
f 3694/1621/306 3697/1620/306 3974/1901/306
f 3969/1896/306 3974/1901/306 3697/1620/306
f 3697/1620/306 3690/1617/306 3969/1896/306
f 3968/1895/306 3975/1898/306 3974/1901/306
f 3974/1901/306 3969/1896/306 3968/1895/306
f 3979/1902/306 3976/1903/306 3977/1904/306
f 3977/1904/306 3978/1905/306 3979/1902/306
f 3978/1905/306 3977/1904/306 3698/1625/306
f 3698/1625/306 3701/1624/306 3978/1905/306
f 3973/1900/306 3978/1905/306 3701/1624/306
f 3701/1624/306 3694/1621/306 3973/1900/306
f 3972/1899/306 3979/1902/306 3978/1905/306
f 3978/1905/306 3973/1900/306 3972/1899/306
f 3983/1906/306 3980/1907/306 3981/1908/306
f 3981/1908/306 3982/1909/306 3983/1906/306
f 3982/1909/306 3981/1908/306 3702/1629/306
f 3702/1629/306 3705/1628/306 3982/1909/306
f 3977/1904/306 3982/1909/306 3705/1628/306
f 3705/1628/306 3698/1625/306 3977/1904/306
f 3976/1903/306 3983/1906/306 3982/1909/306
f 3982/1909/306 3977/1904/306 3976/1903/306
f 3987/1910/306 3984/1911/306 3985/1912/306
f 3985/1912/306 3986/1913/306 3987/1910/306
f 3986/1913/306 3985/1912/306 3706/1633/306
f 3706/1633/306 3709/1632/306 3986/1913/306
f 3988/1914/306 3986/1913/306 3709/1632/306
f 3709/1632/306 3711/1637/306 3988/1914/306
f 3989/1915/306 3987/1910/306 3986/1913/306
f 3986/1913/306 3988/1914/306 3989/1915/306
s 1
f 3991/1916/307 3715/1641/307 3714/1640/725
f 3714/1640/725 3990/1917/725 3991/1916/307
f 3990/1917/725 3714/1640/725 3706/1633/306
f 3706/1633/306 3985/1912/306 3990/1917/725
f 3992/1918/725 3990/1917/725 3985/1912/306
f 3985/1912/306 3984/1911/306 3992/1918/725
f 3993/1919/307 3991/1916/307 3990/1917/725
f 3990/1917/725 3992/1918/725 3993/1919/307
f 3997/1920/727 3994/1921/284 3995/1922/284
f 3995/1922/284 3996/1923/727 3997/1920/727
f 3996/1923/727 3995/1922/284 3720/1646/284
f 3720/1646/284 3717/1644/726 3996/1923/727
f 3998/1924/307 3996/1923/727 3717/1644/726
f 3717/1644/726 3716/1643/307 3998/1924/307
f 3999/1925/307 3997/1920/727 3996/1923/727
f 3996/1923/727 3998/1924/307 3999/1925/307
f 4001/1926/306 3325/1252/306 3324/1250/615
f 3324/1250/615 4000/1927/748 4001/1926/306
f 4000/1927/748 3324/1250/615 3323/1251/616
f 3323/1251/616 4002/1928/749 4000/1927/748
f 3291/1219/594 4000/1927/748 4002/1928/749
f 4002/1928/749 3294/1221/596 3291/1219/594
f 3290/1218/306 4001/1926/306 4000/1927/748
f 4000/1927/748 3291/1219/594 3290/1218/306
f 4004/1929/750 3343/1270/616 3342/1268/627
f 3342/1268/627 4003/1930/751 4004/1929/750
f 4003/1930/751 3342/1268/627 3341/1269/628
f 3341/1269/628 4005/1931/752 4003/1930/751
f 3309/1237/607 4003/1930/751 4005/1931/752
f 4005/1931/752 3312/1239/609 3309/1237/607
f 3308/1236/606 4004/1929/750 4003/1930/751
f 4003/1930/751 3309/1237/607 3308/1236/606
f 4007/1932/753 3334/1261/622 3333/1259/621
f 3333/1259/621 4006/1933/754 4007/1932/753
f 4006/1933/754 3333/1259/621 3332/1260/316
f 3332/1260/316 4008/1934/316 4006/1933/754
f 3300/1228/602 4006/1933/754 4008/1934/316
f 4008/1934/316 3303/1230/316 3300/1228/602
f 3299/1227/601 4007/1932/753 4006/1933/754
f 4006/1933/754 3300/1228/602 3299/1227/601
s 0
f 4010/1935/316 3661/1589/316 3660/1587/316
f 3660/1587/316 4009/1936/316 4010/1935/316
f 4009/1936/316 3660/1587/316 3303/1230/316
f 3303/1230/316 4008/1934/316 4009/1936/316
f 3655/1581/316 4009/1936/316 4008/1934/316
f 4008/1934/316 3332/1260/316 3655/1581/316
f 3657/1584/316 4010/1935/316 4009/1936/316
f 4009/1936/316 3655/1581/316 3657/1584/316
f 4012/1937/316 3939/1866/316 3938/1864/316
f 3938/1864/316 4011/1938/316 4012/1937/316
f 4011/1938/316 3938/1864/316 3661/1589/316
f 3661/1589/316 4010/1935/316 4011/1938/316
f 3933/1858/316 4011/1938/316 4010/1935/316
f 4010/1935/316 3657/1584/316 3933/1858/316
f 3935/1861/316 4012/1937/316 4011/1938/316
f 4011/1938/316 3933/1858/316 3935/1861/316
f 4014/1939/306 3959/1885/306 3958/1884/306
f 3958/1884/306 4013/1940/306 4014/1939/306
f 4013/1940/306 3958/1884/306 3681/1607/306
f 3681/1607/306 4015/1941/306 4013/1940/306
f 3949/1876/306 4013/1940/306 4015/1941/306
f 4015/1941/306 3670/1597/306 3949/1876/306
f 3948/1875/306 4014/1939/306 4013/1940/306
f 4013/1940/306 3949/1876/306 3948/1875/306
f 4015/1941/306 3681/1607/306 3680/1606/306
f 3680/1606/306 4016/1942/306 4015/1941/306
f 4016/1942/306 3680/1606/306 3325/1252/306
f 3325/1252/306 4001/1926/306 4016/1942/306
f 3671/1598/306 4016/1942/306 4001/1926/306
f 4001/1926/306 3290/1218/306 3671/1598/306
f 3670/1597/306 4015/1941/306 4016/1942/306
f 4016/1942/306 3671/1598/306 3670/1597/306
s 1
f 4018/1943/755 3163/1090/507 3162/1088/506
f 3162/1088/506 4017/1944/756 4018/1943/755
f 4017/1944/756 3162/1088/506 3161/1089/316
f 3161/1089/316 4019/1945/757 4017/1944/756
f 4021/1946/758 4017/1944/756 4019/1945/757
f 4019/1945/757 4020/1947/352 4021/1946/758
f 4022/1948/351 4018/1943/755 4017/1944/756
f 4017/1944/756 4021/1946/758 4022/1948/351
f 4024/1949/759 3145/1072/499 3144/1070/497
f 3144/1070/497 4023/1950/760 4024/1949/759
f 4023/1950/760 3144/1070/497 3143/1071/498
f 3143/1071/498 4025/1951/755 4023/1950/760
f 4027/1952/761 4023/1950/760 4025/1951/755
f 4025/1951/755 4026/1953/762 4027/1952/761
f 4028/1954/348 4024/1949/759 4023/1950/760
f 4023/1950/760 4027/1952/761 4028/1954/348
f 4030/1955/763 3154/1081/306 3153/1079/502
f 3153/1079/502 4029/1956/764 4030/1955/763
f 4029/1956/764 3153/1079/502 3152/1080/503
f 3152/1080/503 4031/1957/765 4029/1956/764
f 4033/1958/347 4029/1956/764 4031/1957/765
f 4031/1957/765 4032/1959/766 4033/1958/347
f 4034/1960/767 4030/1955/763 4029/1956/764
f 4029/1956/764 4033/1958/347 4034/1960/767
f 4036/1961/768 3547/1474/306 3546/1473/306
f 3546/1473/306 4035/1962/769 4036/1961/768
f 4035/1962/769 3546/1473/306 3154/1081/306
f 3154/1081/306 4030/1955/763 4035/1962/769
f 4037/1963/770 4035/1962/769 4030/1955/763
f 4030/1955/763 4034/1960/767 4037/1963/770
f 4038/1964/702 4036/1961/768 4035/1962/769
f 4035/1962/769 4037/1963/770 4038/1964/702
f 4040/1965/771 3825/1751/306 3824/1750/306
f 3824/1750/306 4039/1966/768 4040/1965/771
f 4039/1966/768 3824/1750/306 3547/1474/306
f 3547/1474/306 4036/1961/768 4039/1966/768
f 4041/1967/772 4039/1966/768 4036/1961/768
f 4036/1961/768 4038/1964/702 4041/1967/772
f 4042/1968/773 4040/1965/771 4039/1966/768
f 4039/1966/768 4041/1967/772 4042/1968/773
f 4046/1969/774 4043/1970/775 4044/1971/776
f 4044/1971/776 4045/1972/776 4046/1969/774
f 4045/1972/776 4044/1971/776 3532/1460/316
f 3532/1460/316 3811/1736/316 4045/1972/776
f 4047/1973/777 4045/1972/776 3811/1736/316
f 3811/1736/316 3813/1739/316 4047/1973/777
f 4048/1974/732 4046/1969/774 4045/1972/776
f 4045/1972/776 4047/1973/777 4048/1974/732
f 4050/1975/778 4020/1947/352 4019/1945/757
f 4019/1945/757 4049/1976/779 4050/1975/778
f 4049/1976/779 4019/1945/757 3161/1089/316
f 3161/1089/316 3533/1461/316 4049/1976/779
f 4044/1971/776 4049/1976/779 3533/1461/316
f 3533/1461/316 3532/1460/316 4044/1971/776
f 4043/1970/775 4050/1975/778 4049/1976/779
f 4049/1976/779 4044/1971/776 4043/1970/775
f 2869/797/298 2868/796/292 4051/1977/780
f 4051/1977/780 4052/1978/781 2869/797/298
f 4052/1978/781 4051/1977/780 3135/1062/489
f 3135/1062/489 3132/1060/487 4052/1978/781
f 4053/1979/782 4052/1978/781 3132/1060/487
f 3132/1060/487 3131/1059/486 4053/1979/782
f 2870/799/282 2869/797/298 4052/1978/781
f 4052/1978/781 4053/1979/782 2870/799/282
f 4055/1980/284 2852/781/284 2851/779/283
f 2851/779/283 4054/1981/783 4055/1980/284
f 4054/1981/783 2851/779/283 2850/778/282
f 2850/778/282 4056/1982/782 4054/1981/783
f 3122/1046/477 4054/1981/783 4056/1982/782
f 4056/1982/782 3119/1047/478 3122/1046/477
f 3124/1051/284 4055/1980/284 4054/1981/783
f 4054/1981/783 3122/1046/477 3124/1051/284
s 0
f 4058/1983/284 3485/1413/284 3484/1411/284
f 3484/1411/284 4057/1984/284 4058/1983/284
f 4057/1984/284 3484/1411/284 2852/781/284
f 2852/781/284 4055/1980/284 4057/1984/284
f 3479/1405/284 4057/1984/284 4055/1980/284
f 4055/1980/284 3124/1051/284 3479/1405/284
f 3481/1408/284 4058/1983/284 4057/1984/284
f 4057/1984/284 3479/1405/284 3481/1408/284
f 4060/1985/284 3763/1690/284 3762/1688/284
f 3762/1688/284 4059/1986/284 4060/1985/284
f 4059/1986/284 3762/1688/284 3485/1413/284
f 3485/1413/284 4058/1983/284 4059/1986/284
f 3757/1682/284 4059/1986/284 4058/1983/284
f 4058/1983/284 3481/1408/284 3757/1682/284
f 3759/1685/284 4060/1985/284 4059/1986/284
f 4059/1986/284 3757/1682/284 3759/1685/284
f 4062/1987/289 3586/1513/289 3865/1791/289
f 3865/1791/289 4061/1988/289 4062/1987/289
f 4061/1988/289 3865/1791/289 3864/1790/289
f 3864/1790/289 4063/1989/289 4061/1988/289
f 3868/1794/289 4061/1988/289 4063/1989/289
f 4063/1989/289 3869/1796/289 3868/1794/289
f 3591/1519/289 4062/1987/289 4061/1988/289
f 4061/1988/289 3868/1794/289 3591/1519/289
f 4065/1990/289 2859/787/289 3587/1514/289
f 3587/1514/289 4064/1991/289 4065/1990/289
f 4064/1991/289 3587/1514/289 3586/1513/289
f 3586/1513/289 4062/1987/289 4064/1991/289
f 3590/1517/289 4064/1991/289 4062/1987/289
f 4062/1987/289 3591/1519/289 3590/1517/289
f 3129/1056/289 4065/1990/289 4064/1991/289
f 4064/1991/289 3590/1517/289 3129/1056/289
s 1
f 4067/1992/784 2861/790/292 2860/788/290
f 2860/788/290 4066/1993/785 4067/1992/784
f 4066/1993/785 2860/788/290 2859/787/289
f 2859/787/289 4065/1990/289 4066/1993/785
f 3126/1054/483 4066/1993/785 4065/1990/289
f 4065/1990/289 3129/1056/289 3126/1054/483
f 3125/1053/482 4067/1992/784 4066/1993/785
f 4066/1993/785 3126/1054/483 3125/1053/482
f 4069/1994/306 2971/898/306 2970/896/375
f 2970/896/375 4068/1995/786 4069/1994/306
f 4068/1995/786 2970/896/375 2969/897/376
f 2969/897/376 4070/1996/787 4068/1995/786
f 3279/1207/588 4068/1995/786 4070/1996/787
f 4070/1996/787 3282/1209/589 3279/1207/588
f 3278/1206/306 4069/1994/306 4068/1995/786
f 4068/1995/786 3279/1207/588 3278/1206/306
s 0
f 4072/1997/306 3581/1508/306 3580/1507/306
f 3580/1507/306 4071/1998/306 4072/1997/306
f 4071/1998/306 3580/1507/306 2971/898/306
f 2971/898/306 4069/1994/306 4071/1998/306
f 3573/1501/306 4071/1998/306 4069/1994/306
f 4069/1994/306 3278/1206/306 3573/1501/306
f 3572/1500/306 4072/1997/306 4071/1998/306
f 4071/1998/306 3573/1501/306 3572/1500/306
f 4074/1999/306 3859/1785/306 3858/1784/306
f 3858/1784/306 4073/2000/306 4074/1999/306
f 4073/2000/306 3858/1784/306 3581/1508/306
f 3581/1508/306 4072/1997/306 4073/2000/306
f 3851/1778/306 4073/2000/306 4072/1997/306
f 4072/1997/306 3572/1500/306 3851/1778/306
f 3850/1777/306 4074/1999/306 4073/2000/306
f 4073/2000/306 3851/1778/306 3850/1777/306
f 3782/1708/316 3505/1433/316 4075/2001/316
f 4075/2001/316 4076/2002/316 3782/1708/316
f 4076/2002/316 4075/2001/316 3501/1428/316
f 3501/1428/316 3777/1702/316 4076/2002/316
f 4077/2003/316 4076/2002/316 3777/1702/316
f 3777/1702/316 3779/1705/316 4077/2003/316
f 3783/1710/316 3782/1708/316 4076/2002/316
f 4076/2002/316 4077/2003/316 3783/1710/316
f 3504/1431/316 3288/1215/316 4078/2004/316
f 4078/2004/316 4079/2005/316 3504/1431/316
f 4079/2005/316 4078/2004/316 2981/909/316
f 2981/909/316 3499/1425/316 4079/2005/316
f 4075/2001/316 4079/2005/316 3499/1425/316
f 3499/1425/316 3501/1428/316 4075/2001/316
f 3505/1433/316 3504/1431/316 4079/2005/316
f 4079/2005/316 4075/2001/316 3505/1433/316
s 1
f 4081/2006/788 2983/910/384 2982/908/383
f 2982/908/383 4080/2007/789 4081/2006/788
f 4080/2007/789 2982/908/383 2981/909/316
f 2981/909/316 4078/2004/316 4080/2007/789
f 3285/1213/592 4080/2007/789 4078/2004/316
f 4078/2004/316 3288/1215/316 3285/1213/592
f 3284/1212/591 4081/2006/788 4080/2007/789
f 4080/2007/789 3285/1213/592 3284/1212/591
f 4083/2008/787 2977/904/381 2976/902/379
f 2976/902/379 4082/2009/790 4083/2008/787
f 4082/2009/790 2976/902/379 2975/903/380
f 2975/903/380 4084/2010/791 4082/2009/790
f 3273/1201/584 4082/2009/790 4084/2010/791
f 4084/2010/791 3276/1203/586 3273/1201/584
f 3272/1200/583 4083/2008/787 4082/2009/790
f 4082/2009/790 3273/1201/584 3272/1200/583
f 4086/2011/792 2950/877/360 2949/875/359
f 2949/875/359 4085/2012/793 4086/2011/792
f 4085/2012/793 2949/875/359 2948/876/316
f 2948/876/316 4087/2013/316 4085/2012/793
f 3441/1369/692 4085/2012/793 4087/2013/316
f 4087/2013/316 3444/1371/316 3441/1369/692
f 3440/1368/691 4086/2011/792 4085/2012/793
f 4085/2012/793 3441/1369/692 3440/1368/691
f 4089/2014/794 2962/889/369 2961/887/367
f 2961/887/367 4088/2015/795 4089/2014/794
f 4088/2015/795 2961/887/367 2960/888/368
f 2960/888/368 4090/2016/792 4088/2015/795
f 3447/1375/696 4088/2015/795 4090/2016/792
f 4090/2016/792 3450/1377/698 3447/1375/696
f 3446/1374/695 4089/2014/794 4088/2015/795
f 4088/2015/795 3447/1375/696 3446/1374/695
f 4092/2017/306 2956/883/306 2955/881/363
f 2955/881/363 4091/2018/796 4092/2017/306
f 4091/2018/796 2955/881/363 2954/882/364
f 2954/882/364 4093/2019/794 4091/2018/796
f 3435/1363/686 4091/2018/796 4093/2019/794
f 4093/2019/794 3438/1365/688 3435/1363/686
f 3434/1362/306 4092/2017/306 4091/2018/796
f 4091/2018/796 3435/1363/686 3434/1362/306
s 0
f 4095/2020/306 3711/1637/306 3710/1636/306
f 3710/1636/306 4094/2021/306 4095/2020/306
f 4094/2021/306 3710/1636/306 2956/883/306
f 2956/883/306 4092/2017/306 4094/2021/306
f 3703/1630/306 4094/2021/306 4092/2017/306
f 4092/2017/306 3434/1362/306 3703/1630/306
f 3702/1629/306 4095/2020/306 4094/2021/306
f 4094/2021/306 3703/1630/306 3702/1629/306
f 4097/2022/306 3989/1915/306 3988/1914/306
f 3988/1914/306 4096/2023/306 4097/2022/306
f 4096/2023/306 3988/1914/306 3711/1637/306
f 3711/1637/306 4095/2020/306 4096/2023/306
f 3981/1908/306 4096/2023/306 4095/2020/306
f 4095/2020/306 3702/1629/306 3981/1908/306
f 3980/1907/306 4097/2022/306 4096/2023/306
f 4096/2023/306 3981/1908/306 3980/1907/306
f 3908/1834/316 3631/1559/316 4098/2024/316
f 4098/2024/316 4099/2025/316 3908/1834/316
f 4099/2025/316 4098/2024/316 3622/1550/316
f 3622/1550/316 3901/1826/316 4099/2025/316
f 4100/2026/316 4099/2025/316 3901/1826/316
f 3901/1826/316 3905/1831/316 4100/2026/316
f 3909/1836/316 3908/1834/316 4099/2025/316
f 4099/2025/316 4100/2026/316 3909/1836/316
f 3630/1557/316 3444/1371/316 4087/2013/316
f 4087/2013/316 4101/2027/316 3630/1557/316
f 4101/2027/316 4087/2013/316 2948/876/316
f 2948/876/316 3623/1551/316 4101/2027/316
f 4098/2024/316 4101/2027/316 3623/1551/316
f 3623/1551/316 3622/1550/316 4098/2024/316
f 3631/1559/316 3630/1557/316 4101/2027/316
f 4101/2027/316 4098/2024/316 3631/1559/316
s 1
f 4103/2028/797 3001/928/396 3000/926/395
f 3000/926/395 4102/2029/798 4103/2028/797
f 4102/2029/798 3000/926/395 2999/927/289
f 2999/927/289 4104/2030/799 4102/2029/798
f 4106/2031/800 4102/2029/798 4104/2030/799
f 4104/2030/799 4105/2032/801 4106/2031/800
f 4107/2033/802 4103/2028/797 4102/2029/798
f 4102/2029/798 4106/2031/800 4107/2033/802
f 4109/2034/803 3010/937/389 3009/935/401
f 3009/935/401 4108/2035/804 4109/2034/803
f 4108/2035/804 3009/935/401 3008/936/402
f 3008/936/402 4110/2036/805 4108/2035/804
f 4112/2037/806 4108/2035/804 4110/2036/805
f 4110/2036/805 4111/2038/321 4112/2037/806
f 4113/2039/807 4109/2034/803 4108/2035/804
f 4108/2035/804 4112/2037/806 4113/2039/807
f 4115/2040/284 2990/918/284 2989/916/390
f 2989/916/390 4114/2041/808 4115/2040/284
f 4114/2041/808 2989/916/390 2988/915/389
f 2988/915/389 4116/2042/809 4114/2041/808
f 2910/839/335 4114/2041/808 4116/2042/809
f 4116/2042/809 2913/841/318 2910/839/335
f 2909/838/284 4115/2040/284 4114/2041/808
f 4114/2041/808 2910/839/335 2909/838/284
s 0
f 4118/2043/284 3724/1651/284 3723/1649/284
f 3723/1649/284 4117/2044/284 4118/2043/284
f 4117/2044/284 3723/1649/284 2990/918/284
f 2990/918/284 4115/2040/284 4117/2044/284
f 3721/1647/284 4117/2044/284 4115/2040/284
f 4115/2040/284 2909/838/284 3721/1647/284
f 3720/1646/284 4118/2043/284 4117/2044/284
f 4117/2044/284 3721/1647/284 3720/1646/284
f 4120/2045/284 3729/1656/284 3728/1654/284
f 3728/1654/284 4119/2046/284 4120/2045/284
f 4119/2046/284 3728/1654/284 3724/1651/284
f 3724/1651/284 4118/2043/284 4119/2046/284
f 3995/1922/284 4119/2046/284 4118/2043/284
f 4118/2043/284 3720/1646/284 3995/1922/284
f 3994/1921/284 4120/2045/284 4119/2046/284
f 4119/2046/284 3995/1922/284 3994/1921/284
s 1
f 4124/2047/810 4121/2048/715 4122/2049/811
f 4122/2049/811 4123/2050/812 4124/2047/810
f 4123/2050/812 4122/2049/811 3618/1546/289
f 3618/1546/289 3897/1822/289 4123/2050/812
f 4125/2051/813 4123/2050/812 3897/1822/289
f 3897/1822/289 3899/1825/289 4125/2051/813
f 4126/2052/814 4124/2047/810 4123/2050/812
f 4123/2050/812 4125/2051/813 4126/2052/814
f 4128/2053/714 4105/2032/801 4104/2030/799
f 4104/2030/799 4127/2054/812 4128/2053/714
f 4127/2054/812 4104/2030/799 2999/927/289
f 2999/927/289 3619/1547/289 4127/2054/812
f 4122/2049/811 4127/2054/812 3619/1547/289
f 3619/1547/289 3618/1546/289 4122/2049/811
f 4121/2048/715 4128/2053/714 4127/2054/812
f 4127/2054/812 4122/2049/811 4121/2048/715
